t,power_W,seed,backend,seq_len,batch_id
326.2619146,63.649,11,eafa,512,0
326.305505256,63.649,11,eafa,512,0
326.357159843,92.342,11,eafa,512,0
326.402673538,92.342,11,eafa,512,0
326.447080848,72.035,11,eafa,512,0
326.490073271,72.035,11,eafa,512,0
326.533232063,72.035,11,eafa,512,0
326.576411196,67.244,11,eafa,512,0
326.619602491,67.244,11,eafa,512,0
326.662782305,69.275,11,eafa,512,0
326.705828541,69.275,11,eafa,512,0
326.748863014,70.242,11,eafa,512,0
326.79189919,70.242,11,eafa,512,0
326.835037874,70.242,11,eafa,512,0
326.879597439,70.242,11,eafa,512,0
326.924712254,70.242,11,eafa,512,0
326.967858322,70.049,11,eafa,512,0
327.15639021,37.14,11,eafa,512,1
327.199262992,37.14,11,eafa,512,1
327.252962984,66.899,11,eafa,512,1
327.296278519,66.899,11,eafa,512,1
327.339397765,66.899,11,eafa,512,1
327.38253635,73.194,11,eafa,512,1
327.431549012,73.194,11,eafa,512,1
327.474896458,69.609,11,eafa,512,1
327.517964927,69.609,11,eafa,512,1
327.561095406,72.518,11,eafa,512,1
327.60417186,72.518,11,eafa,512,1
327.647233205,72.518,11,eafa,512,1
327.695758708,70.585,11,eafa,512,1
327.738930345,70.585,11,eafa,512,1
327.782130117,69.855,11,eafa,512,1
327.825213655,69.855,11,eafa,512,1
327.868368651,70.392,11,eafa,512,1
327.944925599,70.392,11,eafa,512,2
327.987784052,59.521,11,eafa,512,2
328.031174862,65.198,11,eafa,512,2
328.136318385,65.198,11,eafa,512,2
328.182408351,71.841,11,eafa,512,2
328.226362678,71.841,11,eafa,512,2
328.26953137,67.631,11,eafa,512,2
328.312543991,67.631,11,eafa,512,2
328.355637388,67.631,11,eafa,512,2
328.399092913,69.609,11,eafa,512,2
328.444727971,69.609,11,eafa,512,2
328.489099513,73.098,11,eafa,512,2
328.532177159,73.098,11,eafa,512,2
328.57545933,68.792,11,eafa,512,2
328.618532689,68.792,11,eafa,512,2
328.661717361,68.792,11,eafa,512,2
328.734518986,55.811,11,eafa,512,3
328.777385495,109.726,11,eafa,512,3
328.82060782,67.964,11,eafa,512,3
328.970008864,67.964,11,eafa,512,3
329.015236347,67.48,11,eafa,512,3
329.058331036,67.48,11,eafa,512,3
329.101411808,72.324,11,eafa,512,3
329.144470739,72.324,11,eafa,512,3
329.187557593,68.598,11,eafa,512,3
329.230585173,68.598,11,eafa,512,3
329.27371012,68.598,11,eafa,512,3
329.323326066,72.904,11,eafa,512,3
329.366424533,72.904,11,eafa,512,3
329.409852254,70.295,11,eafa,512,3
329.453088988,70.295,11,eafa,512,3
329.520440147,31.523,11,eafa,512,4
329.566570029,31.523,11,eafa,512,4
329.613451852,80.148,11,eafa,512,4
329.657190343,80.148,11,eafa,512,4
329.701560702,66.996,11,eafa,512,4
329.74734566,66.996,11,eafa,512,4
329.790365023,69.082,11,eafa,512,4
329.833483802,69.082,11,eafa,512,4
329.876670672,69.082,11,eafa,512,4
329.919838636,71.938,11,eafa,512,4
329.962948076,71.938,11,eafa,512,4
330.013219446,65.254,11,eafa,512,4
330.056796668,65.254,11,eafa,512,4
330.099930987,70.682,11,eafa,512,4
330.142988368,70.682,11,eafa,512,4
330.18617134,70.682,11,eafa,512,4
330.233213959,70.146,11,eafa,512,4
330.300307241,33.28,11,eafa,512,5
330.343022703,33.28,11,eafa,512,5
330.385823809,33.28,11,eafa,512,5
330.430032047,69.469,11,eafa,512,5
330.477220087,69.469,11,eafa,512,5
330.520841824,69.222,11,eafa,512,5
330.563890528,69.222,11,eafa,512,5
330.607037842,70.778,11,eafa,512,5
330.650096656,70.778,11,eafa,512,5
330.693158184,70.778,11,eafa,512,5
330.736300939,65.6,11,eafa,512,5
330.781504144,65.6,11,eafa,512,5
330.825170017,69.372,11,eafa,512,5
330.868240162,69.372,11,eafa,512,5
330.911420039,69.275,11,eafa,512,5
330.954430639,69.275,11,eafa,512,5
330.997545771,69.275,11,eafa,512,5
331.069965394,62.138,11,eafa,512,6
331.112794586,98.209,11,eafa,512,6
331.157149957,98.209,11,eafa,512,6
331.20095062,98.209,11,eafa,512,6
331.250267641,68.695,11,eafa,512,6
331.293425155,68.695,11,eafa,512,6
331.336501932,69.275,11,eafa,512,6
331.37965643,69.275,11,eafa,512,6
331.422662292,70.778,11,eafa,512,6
331.465695435,70.778,11,eafa,512,6
331.515597764,69.178,11,eafa,512,6
331.558909515,69.178,11,eafa,512,6
331.602098459,69.178,11,eafa,512,6
331.645200906,73.245,11,eafa,512,6
331.688339553,73.245,11,eafa,512,6
331.733273299,69.759,11,eafa,512,6
331.776679822,69.759,11,eafa,512,6
331.844567635,32.987,11,eafa,512,7
331.887393018,32.987,11,eafa,512,7
331.930836092,69.469,11,eafa,512,7
331.980418494,69.469,11,eafa,512,7
332.026357507,69.908,11,eafa,512,7
332.069337949,69.908,11,eafa,512,7
332.112413084,69.908,11,eafa,512,7
332.15592975,66.125,11,eafa,512,7
332.200934422,66.125,11,eafa,512,7
332.244952494,70.005,11,eafa,512,7
332.288295354,70.005,11,eafa,512,7
332.331326284,67.244,11,eafa,512,7
332.374449431,67.244,11,eafa,512,7
332.417530547,67.244,11,eafa,512,7
332.462019055,70.339,11,eafa,512,7
332.505227677,70.339,11,eafa,512,7
332.548619873,69.372,11,eafa,512,7
332.614339739,69.372,11,eafa,512,8
332.657292769,56.552,11,eafa,512,8
332.700944735,56.552,11,eafa,512,8
332.751137373,67.631,11,eafa,512,8
332.794662044,67.631,11,eafa,512,8
332.837662816,66.567,11,eafa,512,8
332.880693094,66.567,11,eafa,512,8
332.923753751,66.567,11,eafa,512,8
332.966963094,69.082,11,eafa,512,8
333.014432195,69.082,11,eafa,512,8
333.057444438,74.307,11,eafa,512,8
333.100790856,74.307,11,eafa,512,8
333.143929393,64.48,11,eafa,512,8
333.186980982,64.48,11,eafa,512,8
333.230147653,64.48,11,eafa,512,8
333.278344917,69.329,11,eafa,512,8
333.32155422,69.329,11,eafa,512,8
333.387732328,61.072,11,eafa,512,9
333.430604632,61.072,11,eafa,512,9
333.481910044,81.062,11,eafa,512,9
333.526439281,81.062,11,eafa,512,9
333.569554603,69.522,11,eafa,512,9
333.612719892,69.522,11,eafa,512,9
333.655932231,64.383,11,eafa,512,9
333.704782021,64.383,11,eafa,512,9
333.74813917,69.232,11,eafa,512,9
333.791298316,69.232,11,eafa,512,9
333.83445598,69.232,11,eafa,512,9
333.877638091,72.035,11,eafa,512,9
333.920861211,72.035,11,eafa,512,9
333.969089614,72.035,11,eafa,512,9
334.01224836,72.035,11,eafa,512,9
334.055421374,69.275,11,eafa,512,9
334.098483523,69.275,11,eafa,512,9
334.165680395,32.597,11,eafa,512,10
334.212131875,32.597,11,eafa,512,10
334.259335795,70.102,11,eafa,512,10
334.302471617,70.102,11,eafa,512,10
334.347419359,70.102,11,eafa,512,10
334.397402584,69.469,11,eafa,512,10
334.440557062,69.469,11,eafa,512,10
334.483780513,68.308,11,eafa,512,10
334.52688305,68.308,11,eafa,512,10
334.569911776,70.392,11,eafa,512,10
334.613145786,70.392,11,eafa,512,10
334.661588363,68.695,11,eafa,512,10
334.704597541,68.695,11,eafa,512,10
334.747979066,68.695,11,eafa,512,10
334.791094007,69.469,11,eafa,512,10
334.83427203,69.469,11,eafa,512,10
334.879151361,70.005,11,eafa,512,10
334.94712079,70.005,11,eafa,512,11
334.989949149,85.667,11,eafa,512,11
335.034015193,85.667,11,eafa,512,11
335.078190808,64.77,11,eafa,512,11
335.127628662,64.77,11,eafa,512,11
335.170839558,68.405,11,eafa,512,11
335.213905947,68.405,11,eafa,512,11
335.257014235,68.405,11,eafa,512,11
335.300288313,71.261,11,eafa,512,11
335.351861151,71.261,11,eafa,512,11
335.395167541,67.341,11,eafa,512,11
335.438319003,67.341,11,eafa,512,11
335.481459293,68.888,11,eafa,512,11
335.524515702,68.888,11,eafa,512,11
335.571008311,69.372,11,eafa,512,11
335.616377406,69.372,11,eafa,512,11
335.659466287,69.372,11,eafa,512,11
335.72552188,59.267,11,eafa,512,12
335.776121853,98.368,11,eafa,512,12
335.825528196,98.368,11,eafa,512,12
335.869491472,98.368,11,eafa,512,12
335.919217201,70.682,11,eafa,512,12
335.962826946,70.682,11,eafa,512,12
336.006292833,65.932,11,eafa,512,12
336.049462871,65.932,11,eafa,512,12
336.092531734,70.682,11,eafa,512,12
336.142030335,70.682,11,eafa,512,12
336.185036767,68.598,11,eafa,512,12
336.228098837,68.598,11,eafa,512,12
336.271202516,68.598,11,eafa,512,12
336.314329371,71.841,11,eafa,512,12
336.357503386,71.841,11,eafa,512,12
336.402809279,69.372,11,eafa,512,12
336.445992202,69.372,11,eafa,512,12
336.512592403,32.89,11,eafa,512,13
336.555433998,32.89,11,eafa,512,13
336.59958223,68.115,11,eafa,512,13
336.649724562,68.115,11,eafa,512,13
336.694663267,68.652,11,eafa,512,13
336.737722331,68.652,11,eafa,512,13
336.781427549,68.652,11,eafa,512,13
336.824579372,68.211,11,eafa,512,13
336.869958706,68.211,11,eafa,512,13
336.914073494,70.488,11,eafa,512,13
336.957142507,70.488,11,eafa,512,13
337.000561925,66.706,11,eafa,512,13
337.043731532,66.706,11,eafa,512,13
337.087287934,66.706,11,eafa,512,13
337.133506535,69.908,11,eafa,512,13
337.177235239,69.908,11,eafa,512,13
337.220270497,70.295,11,eafa,512,13
337.287097316,70.295,11,eafa,512,14
337.329965962,60.937,11,eafa,512,14
337.38090058,60.937,11,eafa,512,14
337.426052607,68.018,11,eafa,512,14
337.469457427,68.018,11,eafa,512,14
337.512503656,64.383,11,eafa,512,14
337.555583229,64.383,11,eafa,512,14
337.600905925,69.469,11,eafa,512,14
337.648141876,69.469,11,eafa,512,14
337.691203204,69.469,11,eafa,512,14
337.73421657,71.455,11,eafa,512,14
337.777349075,71.455,11,eafa,512,14
337.824590768,67.19,11,eafa,512,14
337.867749398,67.19,11,eafa,512,14
337.910901006,69.372,11,eafa,512,14
337.953961788,69.372,11,eafa,512,14
337.997091984,69.372,11,eafa,512,14
338.062837722,63.552,11,eafa,512,15
338.109753285,92.187,11,eafa,512,15
338.159447493,67.77,11,eafa,512,15
338.287345183,67.77,11,eafa,512,15
338.336570908,69.372,11,eafa,512,15
338.379660275,69.372,11,eafa,512,15
338.422753119,70.102,11,eafa,512,15
338.465804784,70.102,11,eafa,512,15
338.50887827,70.102,11,eafa,512,15
338.551990582,66.996,11,eafa,512,15
338.597418787,66.996,11,eafa,512,15
338.64156395,73.728,11,eafa,512,15
338.684726267,73.728,11,eafa,512,15
338.727921288,69.619,11,eafa,512,15
338.771028831,69.619,11,eafa,512,15
338.836325824,36.068,11,eafa,512,16
338.883156263,36.068,11,eafa,512,16
338.928950183,69.812,11,eafa,512,16
338.9726203,69.812,11,eafa,512,16
339.016212717,69.812,11,eafa,512,16
339.059444017,68.018,11,eafa,512,16
339.103986786,68.018,11,eafa,512,16
339.149896109,69.329,11,eafa,512,16
339.192979935,69.329,11,eafa,512,16
339.236010639,70.488,11,eafa,512,16
339.279084577,70.488,11,eafa,512,16
339.322198912,70.488,11,eafa,512,16
339.369251008,68.018,11,eafa,512,16
339.412405501,68.018,11,eafa,512,16
339.455576616,69.275,11,eafa,512,16
339.498739003,69.275,11,eafa,512,16
339.541898105,69.275,11,eafa,512,16
339.607259202,69.275,11,eafa,512,17
339.655331564,95.68,11,eafa,512,17
339.700965235,95.68,11,eafa,512,17
339.745186605,66.125,11,eafa,512,17
339.788306371,66.125,11,eafa,512,17
339.831667121,66.125,11,eafa,512,17
339.875244078,68.985,11,eafa,512,17
339.921182397,68.985,11,eafa,512,17
339.964353531,70.488,11,eafa,512,17
340.007482685,70.488,11,eafa,512,17
340.064695356,70.436,11,eafa,512,17
340.115089854,70.436,11,eafa,512,17
340.158218507,70.198,11,eafa,512,17
340.206604604,70.198,11,eafa,512,17
340.249767433,69.178,11,eafa,512,17
340.292916786,69.178,11,eafa,512,17
340.336115704,69.178,11,eafa,512,17
340.402025249,58.782,11,eafa,512,18
340.449708561,97.921,11,eafa,512,18
340.497949438,97.921,11,eafa,512,18
340.54169498,97.921,11,eafa,512,18
340.585275975,68.845,11,eafa,512,18
340.633466165,68.845,11,eafa,512,18
340.676629153,68.157,11,eafa,512,18
340.719763608,68.157,11,eafa,512,18
340.762818628,69.759,11,eafa,512,18
340.80582185,69.759,11,eafa,512,18
340.849498158,68.308,11,eafa,512,18
340.893982254,68.308,11,eafa,512,18
340.937145433,68.308,11,eafa,512,18
340.980222036,75.226,11,eafa,512,18
341.023337273,75.226,11,eafa,512,18
341.066585516,69.619,11,eafa,512,18
341.109655857,69.619,11,eafa,512,18
341.178674814,36.284,11,eafa,512,19
341.221531163,36.284,11,eafa,512,19
341.267037669,70.972,11,eafa,512,19
341.310640626,70.972,11,eafa,512,19
341.3545272,70.972,11,eafa,512,19
341.400698649,68.598,11,eafa,512,19
341.444700735,68.598,11,eafa,512,19
341.487785303,70.102,11,eafa,512,19
341.530797742,70.102,11,eafa,512,19
341.573890896,64.48,11,eafa,512,19
341.61699403,64.48,11,eafa,512,19
341.662114683,69.715,11,eafa,512,19
341.710498025,69.715,11,eafa,512,19
341.75355546,69.715,11,eafa,512,19
341.796721886,69.372,11,eafa,512,19
341.839932968,69.372,11,eafa,512,19
341.88888749,69.619,11,eafa,512,19
344.087335619,59.17,11,math,512,0
344.130867489,78.601,11,math,512,0
344.174009959,78.601,11,math,512,0
344.224427902,65.544,11,math,512,0
344.267558188,65.544,11,math,512,0
344.310783868,69.522,11,math,512,0
344.353811647,69.522,11,math,512,0
344.396836239,69.522,11,math,512,0
344.43995872,67.148,11,math,512,0
344.48393671,67.148,11,math,512,0
344.529907712,69.469,11,math,512,0
344.572963955,69.469,11,math,512,0
344.616091937,68.115,11,math,512,0
344.659144864,68.115,11,math,512,0
344.702876859,68.115,11,math,512,0
344.749089898,69.372,11,math,512,0
344.792249821,69.372,11,math,512,0
344.996091092,37.216,11,math,512,1
345.039085646,93.568,11,math,512,1
345.082637315,93.568,11,math,512,1
345.125831664,62.874,11,math,512,1
345.169134142,62.874,11,math,512,1
345.2152069,68.888,11,math,512,1
345.261849851,68.888,11,math,512,1
345.30529769,68.888,11,math,512,1
345.348471069,67.77,11,math,512,1
345.391748058,67.77,11,math,512,1
345.439934079,68.888,11,math,512,1
345.483046641,68.888,11,math,512,1
345.52615258,65.794,11,math,512,1
345.569398579,65.794,11,math,512,1
345.612600123,65.794,11,math,512,1
345.655809341,69.662,11,math,512,1
345.698928746,69.662,11,math,512,1
345.766659421,61.072,11,math,512,2
345.809651348,61.072,11,math,512,2
345.853489606,86.629,11,math,512,2
345.896802381,86.629,11,math,512,2
345.940095488,65.697,11,math,512,2
345.987607289,65.697,11,math,512,2
346.030728224,70.778,11,math,512,2
346.073915467,70.778,11,math,512,2
346.117160491,70.778,11,math,512,2
346.160255436,68.211,11,math,512,2
346.20342772,68.211,11,math,512,2
346.251376514,69.082,11,math,512,2
346.294441922,69.082,11,math,512,2
346.337460009,72.035,11,math,512,2
346.380668653,72.035,11,math,512,2
346.423785551,72.035,11,math,512,2
346.467052507,69.759,11,math,512,2
346.534741749,34.021,11,math,512,3
346.579180395,34.021,11,math,512,3
346.622379431,34.021,11,math,512,3
346.665552667,67.051,11,math,512,3
346.709499254,67.051,11,math,512,3
346.754090303,68.362,11,math,512,3
346.799341827,68.362,11,math,512,3
346.842520924,68.308,11,math,512,3
346.885622692,68.308,11,math,512,3
346.929051761,68.308,11,math,512,3
346.972245566,69.275,11,math,512,3
347.022638944,69.275,11,math,512,3
347.066051822,70.541,11,math,512,3
347.109440443,70.541,11,math,512,3
347.152624821,68.115,11,math,512,3
347.195760845,68.115,11,math,512,3
347.240362345,69.952,11,math,512,3
347.307624453,69.952,11,math,512,4
347.350480648,90.112,11,math,512,4
347.393657781,90.112,11,math,512,4
347.436820767,90.112,11,math,512,4
347.480596605,69.469,11,math,512,4
347.526038395,69.469,11,math,512,4
347.570205658,69.082,11,math,512,4
347.613438338,69.082,11,math,512,4
347.656485992,64.867,11,math,512,4
347.699958435,64.867,11,math,512,4
347.743046777,69.082,11,math,512,4
347.795327955,69.082,11,math,512,4
347.838655137,69.082,11,math,512,4
347.881699805,75.273,11,math,512,4
347.924925051,75.273,11,math,512,4
347.974482748,69.908,11,math,512,4
348.017624914,69.908,11,math,512,4
348.084363588,42.646,11,math,512,5
348.127264409,42.646,11,math,512,5
348.178538685,71.841,11,math,512,5
348.223498105,71.841,11,math,512,5
348.266846468,66.761,11,math,512,5
348.309894813,66.761,11,math,512,5
348.353213319,68.502,11,math,512,5
348.399797983,68.502,11,math,512,5
348.44286286,68.502,11,math,512,5
348.485897929,72.666,11,math,512,5
348.528977394,72.666,11,math,512,5
348.572317993,69.759,11,math,512,5
348.615482272,69.759,11,math,512,5
348.665603224,71.217,11,math,512,5
348.708725822,71.217,11,math,512,5
348.751905551,71.217,11,math,512,5
348.795112812,69.908,11,math,512,5
348.859903921,35.212,11,math,512,6
348.909637327,35.212,11,math,512,6
348.953786514,35.212,11,math,512,6
348.998483408,67.341,11,math,512,6
349.049675956,67.341,11,math,512,6
349.092905631,67.825,11,math,512,6
349.136093996,67.825,11,math,512,6
349.179141119,69.865,11,math,512,6
349.222206597,69.865,11,math,512,6
349.265273318,68.598,11,math,512,6
349.312205812,68.598,11,math,512,6
349.355377876,68.598,11,math,512,6
349.398418606,70.005,11,math,512,6
349.441448786,70.005,11,math,512,6
349.484704852,68.018,11,math,512,6
349.527906182,68.018,11,math,512,6
349.573617822,70.198,11,math,512,6
349.638336968,70.198,11,math,512,7
349.681475226,96.448,11,math,512,7
349.725780535,96.448,11,math,512,7
349.770908149,69.855,11,math,512,7
349.82197743,69.855,11,math,512,7
349.865250909,69.855,11,math,512,7
349.908484351,68.157,11,math,512,7
349.951523298,68.157,11,math,512,7
349.994638101,68.695,11,math,512,7
350.043347302,68.695,11,math,512,7
350.086421326,66.816,11,math,512,7
350.129517894,66.816,11,math,512,7
350.172968896,66.816,11,math,512,7
350.216048321,74.018,11,math,512,7
350.259277334,74.018,11,math,512,7
350.306866665,69.565,11,math,512,7
350.349964455,69.565,11,math,512,7
350.417646669,56.552,11,math,512,8
350.460513564,56.552,11,math,512,8
350.511143979,79.469,11,math,512,8
350.554565323,79.469,11,math,512,8
350.59879176,66.222,11,math,512,8
350.641893478,66.222,11,math,512,8
350.685007019,67.535,11,math,512,8
350.729373646,67.535,11,math,512,8
350.774373233,67.535,11,math,512,8
350.817759109,72.086,11,math,512,8
350.860839185,72.086,11,math,512,8
350.903958377,67.631,11,math,512,8
350.9471249,67.631,11,math,512,8
350.996143336,72.279,11,math,512,8
351.039253731,72.279,11,math,512,8
351.082401227,72.279,11,math,512,8
351.125592638,69.759,11,math,512,8
351.190358137,35.971,11,math,512,9
351.239335925,35.971,11,math,512,9
351.284373015,35.971,11,math,512,9
351.32884265,69.469,11,math,512,9
351.372392552,69.469,11,math,512,9
351.41871997,66.222,11,math,512,9
351.462835783,66.222,11,math,512,9
351.50627366,67.867,11,math,512,9
351.549665447,67.867,11,math,512,9
351.592872237,67.867,11,math,512,9
351.636024743,68.985,11,math,512,9
351.684228068,68.985,11,math,512,9
351.727562856,70.778,11,math,512,9
351.770943762,70.778,11,math,512,9
351.814057112,68.308,11,math,512,9
351.857277189,68.308,11,math,512,9
351.900495241,69.522,11,math,512,9
351.97062533,69.522,11,math,512,10
352.013499389,81.493,11,math,512,10
352.056780734,81.493,11,math,512,10
352.100676462,68.115,11,math,512,10
352.144791825,68.115,11,math,512,10
352.192738665,68.115,11,math,512,10
352.236147065,70.488,11,math,512,10
352.279604649,70.488,11,math,512,10
352.322748658,68.695,11,math,512,10
352.365786253,68.695,11,math,512,10
352.414149466,63.996,11,math,512,10
352.457432674,63.996,11,math,512,10
352.50079814,63.996,11,math,512,10
352.543903215,70.005,11,math,512,10
352.587210789,70.005,11,math,512,10
352.634134908,69.178,11,math,512,10
352.677307633,69.178,11,math,512,10
352.743702128,60.006,11,math,512,11
352.786641724,60.006,11,math,512,11
352.829842393,79.276,11,math,512,11
352.880495601,79.276,11,math,512,11
352.925589601,66.319,11,math,512,11
352.968692681,66.319,11,math,512,11
353.018538133,68.695,11,math,512,11
353.075536155,68.695,11,math,512,11
353.12220445,72.666,11,math,512,11
353.167374576,72.666,11,math,512,11
353.210471675,72.666,11,math,512,11
353.253547634,67.631,11,math,512,11
353.296606058,67.631,11,math,512,11
353.339674432,72.472,11,math,512,11
353.387628736,72.472,11,math,512,11
353.430791232,70.198,11,math,512,11
353.473980949,70.198,11,math,512,11
353.540857013,33.651,11,math,512,12
353.589434179,33.651,11,math,512,12
353.637370259,66.222,11,math,512,12
353.680533876,66.222,11,math,512,12
353.723938528,67.825,11,math,512,12
353.767557954,67.825,11,math,512,12
353.816043692,67.825,11,math,512,12
353.859456568,70.049,11,math,512,12
353.902835178,70.049,11,math,512,12
353.945935183,67.48,11,math,512,12
353.989157382,67.48,11,math,512,12
354.037908175,66.028,11,math,512,12
354.081045952,66.028,11,math,512,12
354.124285004,66.028,11,math,512,12
354.167477266,70.005,11,math,512,12
354.210653968,70.005,11,math,512,12
354.253883592,69.469,11,math,512,12
354.320486577,69.469,11,math,512,13
354.364053378,65.351,11,math,512,13
354.40745374,86.354,11,math,512,13
354.497425227,86.354,11,math,512,13
354.545914378,68.598,11,math,512,13
354.589061964,68.598,11,math,512,13
354.632161497,68.598,11,math,512,13
354.675226795,67.825,11,math,512,13
354.718414979,67.825,11,math,512,13
354.761506247,70.049,11,math,512,13
354.806874931,70.049,11,math,512,13
354.850105156,64.286,11,math,512,13
354.893226171,64.286,11,math,512,13
354.936442078,64.286,11,math,512,13
354.97962381,68.695,11,math,512,13
355.022913609,68.695,11,math,512,13
355.088212834,63.068,11,math,512,14
355.132794375,63.068,11,math,512,14
355.176600236,85.968,11,math,512,14
355.219825862,85.968,11,math,512,14
355.263208821,68.018,11,math,512,14
355.306337009,68.018,11,math,512,14
355.355222311,65.738,11,math,512,14
355.398287239,65.738,11,math,512,14
355.44168238,65.738,11,math,512,14
355.484840516,69.908,11,math,512,14
355.528035303,69.908,11,math,512,14
355.577919084,68.308,11,math,512,14
355.621596348,68.308,11,math,512,14
355.664701853,71.893,11,math,512,14
355.707896088,71.893,11,math,512,14
355.751094301,69.908,11,math,512,14
355.796386859,69.908,11,math,512,14
355.864248107,38.505,11,math,512,15
355.907091258,38.505,11,math,512,15
355.951251781,71.165,11,math,512,15
355.99640441,71.165,11,math,512,15
356.042013265,71.165,11,math,512,15
356.085723322,65.544,11,math,512,15
356.128757059,65.544,11,math,512,15
356.171866833,69.812,11,math,512,15
356.215091166,69.812,11,math,512,15
356.258237931,64.093,11,math,512,15
356.307836584,64.093,11,math,512,15
356.350867966,64.093,11,math,512,15
356.394014581,70.875,11,math,512,15
356.437090198,70.875,11,math,512,15
356.480239387,69.275,11,math,512,15
356.527611612,69.275,11,math,512,15
356.570923353,69.522,11,math,512,15
356.637950759,69.522,11,math,512,16
356.68083584,83.219,11,math,512,16
356.724239398,83.219,11,math,512,16
356.774391204,63.552,11,math,512,16
356.819448269,63.552,11,math,512,16
356.864478353,63.552,11,math,512,16
356.907788061,68.211,11,math,512,16
356.957430207,68.211,11,math,512,16
357.000667796,71.261,11,math,512,16
357.043724728,71.261,11,math,512,16
357.086915938,69.232,11,math,512,16
357.12998341,69.232,11,math,512,16
357.173146285,64.674,11,math,512,16
357.220629893,64.674,11,math,512,16
357.264879017,64.674,11,math,512,16
357.308100083,68.308,11,math,512,16
357.351313526,68.308,11,math,512,16
357.418363315,63.261,11,math,512,17
357.467424414,63.261,11,math,512,17
357.510750513,88.457,11,math,512,17
357.554135846,88.457,11,math,512,17
357.597403804,66.996,11,math,512,17
357.64637971,66.996,11,math,512,17
357.689798688,66.802,11,math,512,17
357.732876429,66.802,11,math,512,17
357.776023635,66.802,11,math,512,17
357.819174206,69.812,11,math,512,17
357.862345167,69.812,11,math,512,17
357.910188387,69.908,11,math,512,17
357.95326146,69.908,11,math,512,17
357.996336676,72.035,11,math,512,17
358.039452001,72.035,11,math,512,17
358.082741479,70.102,11,math,512,17
358.125957767,70.102,11,math,512,17
358.19547101,40.236,11,math,512,18
358.238434182,40.236,11,math,512,18
358.281432051,40.236,11,math,512,18
358.325255656,71.358,11,math,512,18
358.368962767,71.358,11,math,512,18
358.417097978,65.448,11,math,512,18
358.460202431,65.448,11,math,512,18
358.503614402,70.831,11,math,512,18
358.546762146,70.831,11,math,512,18
358.589995665,64.383,11,math,512,18
358.64004165,64.383,11,math,512,18
358.684233156,64.383,11,math,512,18
358.727529587,71.165,11,math,512,18
358.770666049,71.165,11,math,512,18
358.813955156,68.888,11,math,512,18
358.858297022,68.888,11,math,512,18
358.901839277,69.855,11,math,512,18
358.967732557,69.855,11,math,512,19
359.010671599,92.726,11,math,512,19
359.053875721,92.726,11,math,512,19
359.107203413,63.609,11,math,512,19
359.150513801,63.609,11,math,512,19
359.19357564,63.609,11,math,512,19
359.237030195,71.455,11,math,512,19
359.280500681,71.455,11,math,512,19
359.328784198,65.932,11,math,512,19
359.371856917,65.932,11,math,512,19
359.415164459,71.068,11,math,512,19
359.458304538,71.068,11,math,512,19
359.501594597,63.068,11,math,512,19
359.551671982,63.068,11,math,512,19
359.594980386,63.068,11,math,512,19
359.638215899,68.598,11,math,512,19
359.681534262,68.598,11,math,512,19
361.914202467,63.552,11,mem_efficient,512,0
361.962658028,72.376,11,mem_efficient,512,0
362.010256235,72.376,11,mem_efficient,512,0
362.053720853,63.649,11,mem_efficient,512,0
362.09691504,63.649,11,mem_efficient,512,0
362.140085411,68.888,11,mem_efficient,512,0
362.183435328,68.888,11,mem_efficient,512,0
362.229086171,68.888,11,mem_efficient,512,0
362.272360763,70.488,11,mem_efficient,512,0
362.31548231,70.488,11,mem_efficient,512,0
362.358762081,67.438,11,mem_efficient,512,0
362.401990093,67.438,11,mem_efficient,512,0
362.451184688,67.577,11,mem_efficient,512,0
362.49459912,67.577,11,mem_efficient,512,0
362.537832993,67.577,11,mem_efficient,512,0
362.581141811,68.308,11,mem_efficient,512,0
362.624338603,68.308,11,mem_efficient,512,0
362.831694727,37.216,11,mem_efficient,512,1
362.874643841,80.336,11,mem_efficient,512,1
362.922308327,80.336,11,mem_efficient,512,1
362.967132786,68.018,11,mem_efficient,512,1
363.010287026,68.018,11,mem_efficient,512,1
363.05616664,63.416,11,mem_efficient,512,1
363.100191789,63.416,11,mem_efficient,512,1
363.14373573,63.416,11,mem_efficient,512,1
363.186869911,67.438,11,mem_efficient,512,1
363.23009638,67.438,11,mem_efficient,512,1
363.282090282,71.455,11,mem_efficient,512,1
363.325220937,71.455,11,mem_efficient,512,1
363.368433729,67.148,11,mem_efficient,512,1
363.411644458,67.148,11,mem_efficient,512,1
363.454930071,68.888,11,mem_efficient,512,1
363.503926274,68.888,11,mem_efficient,512,1
363.547573524,68.888,11,mem_efficient,512,1
363.614623464,69.469,11,mem_efficient,512,2
363.657534956,83.796,11,mem_efficient,512,2
363.708302113,83.796,11,mem_efficient,512,2
363.753674218,83.796,11,mem_efficient,512,2
363.797131803,71.358,11,mem_efficient,512,2
363.840577204,71.358,11,mem_efficient,512,2
363.885059735,66.761,11,mem_efficient,512,2
363.930866438,66.761,11,mem_efficient,512,2
363.973913762,70.875,11,mem_efficient,512,2
364.017638582,70.875,11,mem_efficient,512,2
364.060719991,64.19,11,mem_efficient,512,2
364.103811409,64.19,11,mem_efficient,512,2
364.152330031,64.19,11,mem_efficient,512,2
364.195560388,73.245,11,mem_efficient,512,2
364.238781777,73.245,11,mem_efficient,512,2
364.281926298,69.082,11,mem_efficient,512,2
364.325122639,69.082,11,mem_efficient,512,2
364.389915879,60.2,11,mem_efficient,512,3
364.438509425,60.2,11,mem_efficient,512,3
364.482427347,75.466,11,mem_efficient,512,3
364.526627213,75.466,11,mem_efficient,512,3
364.569740073,66.374,11,mem_efficient,512,3
364.616668779,66.374,11,mem_efficient,512,3
364.661017121,66.374,11,mem_efficient,512,3
364.704115072,72.376,11,mem_efficient,512,3
364.747605591,72.376,11,mem_efficient,512,3
364.790760822,65.544,11,mem_efficient,512,3
364.833889042,65.544,11,mem_efficient,512,3
364.883015456,69.425,11,mem_efficient,512,3
364.926075263,69.425,11,mem_efficient,512,3
364.969280431,69.425,11,mem_efficient,512,3
365.012432376,70.392,11,mem_efficient,512,3
365.055605693,70.392,11,mem_efficient,512,3
365.105144161,69.372,11,mem_efficient,512,3
365.170880618,69.372,11,mem_efficient,512,4
365.213741753,35.873,11,mem_efficient,512,4
365.25696202,35.873,11,mem_efficient,512,4
365.300741505,67.148,11,mem_efficient,512,4
365.349716808,67.148,11,mem_efficient,512,4
365.392756737,70.146,11,mem_efficient,512,4
365.435844619,70.146,11,mem_efficient,512,4
365.479146704,64.133,11,mem_efficient,512,4
365.522239615,64.133,11,mem_efficient,512,4
365.572738004,64.133,11,mem_efficient,512,4
365.615945216,71.7,11,mem_efficient,512,4
365.659363926,71.7,11,mem_efficient,512,4
365.702456787,67.19,11,mem_efficient,512,4
365.74655689,67.19,11,mem_efficient,512,4
365.794776055,68.502,11,mem_efficient,512,4
365.838012663,68.502,11,mem_efficient,512,4
365.881131806,70.242,11,mem_efficient,512,4
365.925489145,70.242,11,mem_efficient,512,4
365.999103011,33.475,11,mem_efficient,512,5
366.041866426,33.475,11,mem_efficient,512,5
366.085389006,71.648,11,mem_efficient,512,5
366.129459041,71.648,11,mem_efficient,512,5
366.180655165,71.648,11,mem_efficient,512,5
366.223767815,65.448,11,mem_efficient,512,5
366.26685749,65.448,11,mem_efficient,512,5
366.309896277,70.875,11,mem_efficient,512,5
366.3530109,70.875,11,mem_efficient,512,5
366.396215788,64.48,11,mem_efficient,512,5
366.444097863,64.48,11,mem_efficient,512,5
366.487190424,64.48,11,mem_efficient,512,5
366.530226656,72.762,11,mem_efficient,512,5
366.573446743,72.762,11,mem_efficient,512,5
366.616644506,68.792,11,mem_efficient,512,5
366.659840717,68.792,11,mem_efficient,512,5
366.707274146,70.005,11,mem_efficient,512,5
366.772025395,70.005,11,mem_efficient,512,6
366.814925995,89.803,11,mem_efficient,512,6
366.858272356,89.803,11,mem_efficient,512,6
366.901721333,63.552,11,mem_efficient,512,6
366.951943019,63.552,11,mem_efficient,512,6
366.996114981,63.552,11,mem_efficient,512,6
367.039253951,71.261,11,mem_efficient,512,6
367.082371169,71.261,11,mem_efficient,512,6
367.12557265,65.641,11,mem_efficient,512,6
367.174637605,65.641,11,mem_efficient,512,6
367.217684859,70.005,11,mem_efficient,512,6
367.260789022,70.005,11,mem_efficient,512,6
367.303976897,64.907,11,mem_efficient,512,6
367.348510496,64.907,11,mem_efficient,512,6
367.400325844,64.907,11,mem_efficient,512,6
367.443520381,68.695,11,mem_efficient,512,6
367.486666986,68.695,11,mem_efficient,512,6
367.55253593,64.423,11,mem_efficient,512,7
367.602928144,64.423,11,mem_efficient,512,7
367.646802963,92.246,11,mem_efficient,512,7
367.691039058,92.246,11,mem_efficient,512,7
367.735097542,66.899,11,mem_efficient,512,7
367.782983163,66.899,11,mem_efficient,512,7
367.826531843,70.295,11,mem_efficient,512,7
367.869569478,70.295,11,mem_efficient,512,7
367.912707617,66.028,11,mem_efficient,512,7
367.955793084,66.028,11,mem_efficient,512,7
368.006214705,66.028,11,mem_efficient,512,7
368.049606082,73.148,11,mem_efficient,512,7
368.092690297,73.148,11,mem_efficient,512,7
368.135856219,70.682,11,mem_efficient,512,7
368.179022121,70.682,11,mem_efficient,512,7
368.229016608,69.372,11,mem_efficient,512,7
368.27216139,69.372,11,mem_efficient,512,7
368.339075277,49.983,11,mem_efficient,512,8
368.381968063,49.983,11,mem_efficient,512,8
368.432982907,66.125,11,mem_efficient,512,8
368.477371537,66.125,11,mem_efficient,512,8
368.521454988,68.502,11,mem_efficient,512,8
368.564686567,68.502,11,mem_efficient,512,8
368.607982971,68.502,11,mem_efficient,512,8
368.655807144,70.392,11,mem_efficient,512,8
368.698854869,70.392,11,mem_efficient,512,8
368.741967818,67.244,11,mem_efficient,512,8
368.785095036,67.244,11,mem_efficient,512,8
368.82927335,68.985,11,mem_efficient,512,8
368.879090376,68.985,11,mem_efficient,512,8
368.922166545,68.985,11,mem_efficient,512,8
368.96542234,69.662,11,mem_efficient,512,8
369.008610285,69.662,11,mem_efficient,512,8
369.051799071,68.985,11,mem_efficient,512,8
369.097016489,68.985,11,mem_efficient,512,8
369.165094582,32.578,11,mem_efficient,512,9
369.207882965,32.578,11,mem_efficient,512,9
369.250839414,79.951,11,mem_efficient,512,9
369.295078635,79.951,11,mem_efficient,512,9
369.338265829,63.649,11,mem_efficient,512,9
369.382886676,63.649,11,mem_efficient,512,9
369.430717011,63.649,11,mem_efficient,512,9
369.474094541,71.068,11,mem_efficient,512,9
369.517551905,71.068,11,mem_efficient,512,9
369.560725262,66.028,11,mem_efficient,512,9
369.609259203,66.028,11,mem_efficient,512,9
369.652285466,71.261,11,mem_efficient,512,9
369.695461568,71.261,11,mem_efficient,512,9
369.738571092,70.682,11,mem_efficient,512,9
369.781821517,70.682,11,mem_efficient,512,9
369.834106569,70.682,11,mem_efficient,512,9
369.877359253,69.522,11,mem_efficient,512,9
369.94333855,37.725,11,mem_efficient,512,10
369.992705662,37.725,11,mem_efficient,512,10
370.039760906,70.198,11,mem_efficient,512,10
370.084326622,70.198,11,mem_efficient,512,10
370.128315344,70.198,11,mem_efficient,512,10
370.172269581,65.117,11,mem_efficient,512,10
370.217740842,65.117,11,mem_efficient,512,10
370.260890938,71.261,11,mem_efficient,512,10
370.303990547,71.261,11,mem_efficient,512,10
370.347152396,64.093,11,mem_efficient,512,10
370.390168113,64.093,11,mem_efficient,512,10
370.441233739,64.093,11,mem_efficient,512,10
370.484459702,71.938,11,mem_efficient,512,10
370.527732634,71.938,11,mem_efficient,512,10
370.571162951,68.792,11,mem_efficient,512,10
370.614417548,68.792,11,mem_efficient,512,10
370.6591891,69.372,11,mem_efficient,512,10
370.723855357,69.372,11,mem_efficient,512,11
370.766778936,87.11,11,mem_efficient,512,11
370.810721109,87.11,11,mem_efficient,512,11
370.854290524,66.125,11,mem_efficient,512,11
370.898093188,66.125,11,mem_efficient,512,11
370.946420485,66.125,11,mem_efficient,512,11
370.989617872,71.893,11,mem_efficient,512,11
371.032704877,71.893,11,mem_efficient,512,11
371.075820407,66.222,11,mem_efficient,512,11
371.118997224,66.222,11,mem_efficient,512,11
371.169416574,70.637,11,mem_efficient,512,11
371.212546893,70.637,11,mem_efficient,512,11
371.255763166,62.874,11,mem_efficient,512,11
371.299828026,62.874,11,mem_efficient,512,11
371.343030673,62.874,11,mem_efficient,512,11
371.389430194,68.985,11,mem_efficient,512,11
371.432641207,68.985,11,mem_efficient,512,11
371.478710411,63.745,11,mem_efficient,512,11
371.551433429,63.745,11,mem_efficient,512,12
371.596677521,65.27,11,mem_efficient,512,12
371.642846006,65.27,11,mem_efficient,512,12
371.686062712,68.211,11,mem_efficient,512,12
371.730255698,68.211,11,mem_efficient,512,12
371.777181333,64.133,11,mem_efficient,512,12
371.821275659,64.133,11,mem_efficient,512,12
371.864692189,64.133,11,mem_efficient,512,12
371.907934884,70.875,11,mem_efficient,512,12
371.951164203,70.875,11,mem_efficient,512,12
371.994372671,69.565,11,mem_efficient,512,12
372.043819597,69.565,11,mem_efficient,512,12
372.08693197,69.178,11,mem_efficient,512,12
372.130062859,69.178,11,mem_efficient,512,12
372.173257912,68.942,11,mem_efficient,512,12
372.21641893,68.942,11,mem_efficient,512,12
372.259565669,68.942,11,mem_efficient,512,12
372.306926423,69.662,11,mem_efficient,512,12
372.372248333,36.729,11,mem_efficient,512,13
372.416630354,36.729,11,mem_efficient,512,13
372.459927915,36.729,11,mem_efficient,512,13
372.511195099,65.835,11,mem_efficient,512,13
372.557701426,65.835,11,mem_efficient,512,13
372.600861772,67.577,11,mem_efficient,512,13
372.644015595,67.577,11,mem_efficient,512,13
372.693923379,68.405,11,mem_efficient,512,13
372.737006777,68.405,11,mem_efficient,512,13
372.780129991,65.641,11,mem_efficient,512,13
372.824013692,65.641,11,mem_efficient,512,13
372.867189417,65.641,11,mem_efficient,512,13
372.917263882,73.194,11,mem_efficient,512,13
372.96034189,73.194,11,mem_efficient,512,13
373.003531522,68.308,11,mem_efficient,512,13
373.046696497,68.308,11,mem_efficient,512,13
373.089895607,69.082,11,mem_efficient,512,13
373.161660068,69.082,11,mem_efficient,512,14
373.204489846,88.457,11,mem_efficient,512,14
373.247628691,88.457,11,mem_efficient,512,14
373.291966356,66.319,11,mem_efficient,512,14
373.336179262,66.319,11,mem_efficient,512,14
373.38384884,66.319,11,mem_efficient,512,14
373.427250572,71.068,11,mem_efficient,512,14
373.470299853,71.068,11,mem_efficient,512,14
373.513436644,64.383,11,mem_efficient,512,14
373.556539499,64.383,11,mem_efficient,512,14
373.607781245,70.198,11,mem_efficient,512,14
373.650820226,70.198,11,mem_efficient,512,14
373.694028475,63.261,11,mem_efficient,512,14
373.738105418,63.261,11,mem_efficient,512,14
373.78128471,63.261,11,mem_efficient,512,14
373.830704223,68.308,11,mem_efficient,512,14
373.873947228,68.308,11,mem_efficient,512,14
373.917199592,64.383,11,mem_efficient,512,14
373.983149001,64.383,11,mem_efficient,512,15
374.025988298,64.674,11,mem_efficient,512,15
374.075838631,64.674,11,mem_efficient,512,15
374.12018319,68.598,11,mem_efficient,512,15
374.164216719,68.598,11,mem_efficient,512,15
374.207354622,62.487,11,mem_efficient,512,15
374.257361176,62.487,11,mem_efficient,512,15
374.300373958,62.487,11,mem_efficient,512,15
374.343759498,71.024,11,mem_efficient,512,15
374.38687613,71.024,11,mem_efficient,512,15
374.430020575,67.921,11,mem_efficient,512,15
374.480538795,67.921,11,mem_efficient,512,15
374.523637653,68.888,11,mem_efficient,512,15
374.566783621,68.888,11,mem_efficient,512,15
374.610013962,68.211,11,mem_efficient,512,15
374.653081018,68.211,11,mem_efficient,512,15
374.696278195,68.211,11,mem_efficient,512,15
374.7440754,68.502,11,mem_efficient,512,15
374.808436978,36.848,11,mem_efficient,512,16
374.852522367,36.848,11,mem_efficient,512,16
374.902020291,78.265,11,mem_efficient,512,16
375.022519924,68.695,11,mem_efficient,512,16
375.072585181,68.695,11,mem_efficient,512,16
375.115720489,68.695,11,mem_efficient,512,16
375.158793056,70.682,11,mem_efficient,512,16
375.202174297,70.682,11,mem_efficient,512,16
375.245480254,65.585,11,mem_efficient,512,16
375.291851119,65.585,11,mem_efficient,512,16
375.336544511,71.261,11,mem_efficient,512,16
375.379586078,71.261,11,mem_efficient,512,16
375.422862648,67.921,11,mem_efficient,512,16
375.466047571,67.921,11,mem_efficient,512,16
375.509318119,67.921,11,mem_efficient,512,16
375.580888485,69.662,11,mem_efficient,512,17
375.623813818,86.34,11,mem_efficient,512,17
375.667874891,86.34,11,mem_efficient,512,17
375.71117208,86.34,11,mem_efficient,512,17
375.754636302,65.488,11,mem_efficient,512,17
375.802848587,65.488,11,mem_efficient,512,17
375.845944018,68.018,11,mem_efficient,512,17
375.889091529,68.018,11,mem_efficient,512,17
375.934307498,69.952,11,mem_efficient,512,17
375.985401439,69.952,11,mem_efficient,512,17
376.028566314,69.952,11,mem_efficient,512,17
376.071673016,66.181,11,mem_efficient,512,17
376.116823348,66.181,11,mem_efficient,512,17
376.168560669,71.796,11,mem_efficient,512,17
376.211749721,71.796,11,mem_efficient,512,17
376.254909165,68.308,11,mem_efficient,512,17
376.298140488,68.308,11,mem_efficient,512,17
376.341291866,60.878,11,mem_efficient,512,17
376.413022471,60.878,11,mem_efficient,512,18
376.455813094,99.968,11,mem_efficient,512,18
376.50036359,99.968,11,mem_efficient,512,18
376.543946701,67.921,11,mem_efficient,512,18
376.588040095,67.921,11,mem_efficient,512,18
376.633011984,67.921,11,mem_efficient,512,18
376.677345,71.261,11,mem_efficient,512,18
376.720454047,71.261,11,mem_efficient,512,18
376.763547244,65.544,11,mem_efficient,512,18
376.806648446,65.544,11,mem_efficient,512,18
376.851481126,71.068,11,mem_efficient,512,18
376.899632604,71.068,11,mem_efficient,512,18
376.942863265,63.164,11,mem_efficient,512,18
376.987737145,63.164,11,mem_efficient,512,18
377.030887331,63.164,11,mem_efficient,512,18
377.074084418,69.275,11,mem_efficient,512,18
377.118880718,69.275,11,mem_efficient,512,18
377.163037966,64.714,11,mem_efficient,512,18
377.231190532,64.714,11,mem_efficient,512,19
377.273970144,68.652,11,mem_efficient,512,19
377.325707465,68.652,11,mem_efficient,512,19
377.370829067,68.502,11,mem_efficient,512,19
377.415012846,68.502,11,mem_efficient,512,19
377.458215143,63.455,11,mem_efficient,512,19
377.507769957,63.455,11,mem_efficient,512,19
377.550806744,63.455,11,mem_efficient,512,19
377.594079537,72.035,11,mem_efficient,512,19
377.637206498,72.035,11,mem_efficient,512,19
377.680401892,68.695,11,mem_efficient,512,19
377.731113926,68.695,11,mem_efficient,512,19
377.774249695,69.469,11,mem_efficient,512,19
377.817424118,69.469,11,mem_efficient,512,19
377.860628514,68.115,11,mem_efficient,512,19
377.903770915,68.115,11,mem_efficient,512,19
377.95100784,68.115,11,mem_efficient,512,19
377.994207119,69.522,11,mem_efficient,512,19
380.214654491,64.867,13,eafa,512,0
380.258239514,64.867,13,eafa,512,0
380.308092837,68.556,13,eafa,512,0
380.352946723,68.556,13,eafa,512,0
380.397158262,69.522,13,eafa,512,0
380.440227241,69.522,13,eafa,512,0
380.483682794,69.522,13,eafa,512,0
380.531430433,69.039,13,eafa,512,0
380.574622328,69.039,13,eafa,512,0
380.617793584,67.093,13,eafa,512,0
380.661054562,67.093,13,eafa,512,0
380.705794088,70.198,13,eafa,512,0
380.755027628,70.198,13,eafa,512,0
380.798272786,69.908,13,eafa,512,0
380.841893878,69.908,13,eafa,512,0
380.885107505,69.908,13,eafa,512,0
380.9282941,69.232,13,eafa,512,0
380.972559674,69.232,13,eafa,512,0
381.178042155,39.749,13,eafa,512,1
381.221174416,100.032,13,eafa,512,1
381.266048431,100.032,13,eafa,512,1
381.310434926,65.544,13,eafa,512,1
381.353978339,65.544,13,eafa,512,1
381.406012742,71.648,13,eafa,512,1
381.449481962,71.648,13,eafa,512,1
381.4927118,71.648,13,eafa,512,1
381.535916,68.308,13,eafa,512,1
381.5847447,68.308,13,eafa,512,1
381.627914012,68.018,13,eafa,512,1
381.671110707,68.018,13,eafa,512,1
381.715674704,70.392,13,eafa,512,1
381.76715473,70.392,13,eafa,512,1
381.810325094,67.631,13,eafa,512,1
381.853775808,67.631,13,eafa,512,1
381.896992531,67.631,13,eafa,512,1
381.940131219,69.522,13,eafa,512,1
382.014532365,37.043,13,eafa,512,2
382.057288401,37.043,13,eafa,512,2
382.100274681,37.043,13,eafa,512,2
382.143662102,65.641,13,eafa,512,2
382.192992859,65.641,13,eafa,512,2
382.236033484,70.005,13,eafa,512,2
382.279133292,70.005,13,eafa,512,2
382.322297243,63.899,13,eafa,512,2
382.365345292,63.899,13,eafa,512,2
382.41724715,63.899,13,eafa,512,2
382.460391063,70.392,13,eafa,512,2
382.503601825,70.392,13,eafa,512,2
382.547820979,70.146,13,eafa,512,2
382.598979375,70.146,13,eafa,512,2
382.642223782,67.921,13,eafa,512,2
382.685374007,67.921,13,eafa,512,2
382.728565983,69.178,13,eafa,512,2
382.771617017,69.178,13,eafa,512,2
382.843032493,32.402,13,eafa,512,3
382.885915524,32.402,13,eafa,512,3
382.930309624,71.41,13,eafa,512,3
382.973487833,71.41,13,eafa,512,3
383.017752515,71.41,13,eafa,512,3
383.063477047,67.244,13,eafa,512,3
383.107833035,67.244,13,eafa,512,3
383.150911091,68.888,13,eafa,512,3
383.194026479,68.888,13,eafa,512,3
383.237253813,68.598,13,eafa,512,3
383.28885421,68.598,13,eafa,512,3
383.331966032,64.674,13,eafa,512,3
383.375083283,64.674,13,eafa,512,3
383.420235103,64.674,13,eafa,512,3
383.463395628,70.005,13,eafa,512,3
383.511620175,70.005,13,eafa,512,3
383.554871815,69.372,13,eafa,512,3
383.598264909,69.372,13,eafa,512,3
383.663479969,32.792,13,eafa,512,4
383.706347941,32.792,13,eafa,512,4
383.756445936,70.005,13,eafa,512,4
383.800745224,70.005,13,eafa,512,4
383.844314856,63.552,13,eafa,512,4
383.887512393,63.552,13,eafa,512,4
383.930639904,63.552,13,eafa,512,4
383.97886885,71.551,13,eafa,512,4
384.022007623,71.551,13,eafa,512,4
384.065427838,67.921,13,eafa,512,4
384.110405793,67.921,13,eafa,512,4
384.161514894,68.749,13,eafa,512,4
384.204629451,68.749,13,eafa,512,4
384.249482415,71.068,13,eafa,512,4
384.29281936,71.068,13,eafa,512,4
384.336010985,71.068,13,eafa,512,4
384.381052081,68.888,13,eafa,512,4
384.424197297,68.888,13,eafa,512,4
384.491722366,39.164,13,eafa,512,5
384.534577573,39.164,13,eafa,512,5
384.578021454,81.011,13,eafa,512,5
384.627886009,81.011,13,eafa,512,5
384.673127862,67.825,13,eafa,512,5
384.716306231,67.825,13,eafa,512,5
384.759768002,68.888,13,eafa,512,5
384.810053287,68.888,13,eafa,512,5
384.855212772,65.254,13,eafa,512,5
384.898389468,65.254,13,eafa,512,5
384.941520957,65.254,13,eafa,512,5
384.99305636,70.488,13,eafa,512,5
385.036151208,70.488,13,eafa,512,5
385.079581663,70.102,13,eafa,512,5
385.122870966,70.102,13,eafa,512,5
385.166089192,68.115,13,eafa,512,5
385.215812966,68.115,13,eafa,512,5
385.259185349,60.647,13,eafa,512,5
385.325121469,60.647,13,eafa,512,6
385.367978549,87.206,13,eafa,512,6
385.41170783,87.206,13,eafa,512,6
385.463910738,69.135,13,eafa,512,6
385.507773715,69.135,13,eafa,512,6
385.55092868,69.135,13,eafa,512,6
385.594208164,68.266,13,eafa,512,6
385.642891154,68.266,13,eafa,512,6
385.686096831,64.77,13,eafa,512,6
385.729934074,64.77,13,eafa,512,6
385.774988084,69.178,13,eafa,512,6
385.825125104,69.178,13,eafa,512,6
385.870491074,64.383,13,eafa,512,6
385.913983741,64.383,13,eafa,512,6
385.957181741,64.383,13,eafa,512,6
386.007296195,68.115,13,eafa,512,6
386.050880269,68.115,13,eafa,512,6
386.093990379,68.502,13,eafa,512,6
386.159229646,68.502,13,eafa,512,7
386.202027645,69.039,13,eafa,512,7
386.252896473,69.039,13,eafa,512,7
386.296245443,66.609,13,eafa,512,7
386.339569306,66.609,13,eafa,512,7
386.382822542,67.577,13,eafa,512,7
386.425886684,67.577,13,eafa,512,7
386.474370694,65.254,13,eafa,512,7
386.518011808,65.254,13,eafa,512,7
386.562384883,65.254,13,eafa,512,7
386.607696638,70.682,13,eafa,512,7
386.656437633,70.682,13,eafa,512,7
386.70005399,67.921,13,eafa,512,7
386.745127756,67.921,13,eafa,512,7
386.788353509,69.469,13,eafa,512,7
386.835725986,69.469,13,eafa,512,7
386.881605566,69.522,13,eafa,512,7
386.924722108,69.522,13,eafa,512,7
386.992416753,34.626,13,eafa,512,8
387.039797116,34.626,13,eafa,512,8
387.08682045,67.051,13,eafa,512,8
387.130368775,67.051,13,eafa,512,8
387.17516679,67.051,13,eafa,512,8
387.222049934,67.728,13,eafa,512,8
387.266374034,67.728,13,eafa,512,8
387.309465018,68.695,13,eafa,512,8
387.352586339,68.695,13,eafa,512,8
387.395705217,68.888,13,eafa,512,8
387.440794723,68.888,13,eafa,512,8
387.491153307,64.577,13,eafa,512,8
387.534270551,64.577,13,eafa,512,8
387.579079566,64.577,13,eafa,512,8
387.62235729,69.715,13,eafa,512,8
387.670938428,69.715,13,eafa,512,8
387.714061232,69.425,13,eafa,512,8
387.757290442,69.425,13,eafa,512,8
387.823160521,33.085,13,eafa,512,9
387.866100814,33.085,13,eafa,512,9
387.916394233,71.7,13,eafa,512,9
387.95993871,71.7,13,eafa,512,9
388.003493427,63.261,13,eafa,512,9
388.04658376,63.261,13,eafa,512,9
388.092091252,63.261,13,eafa,512,9
388.13887298,71.261,13,eafa,512,9
388.182075939,71.261,13,eafa,512,9
388.226693476,68.845,13,eafa,512,9
388.271624075,68.845,13,eafa,512,9
388.321591376,68.695,13,eafa,512,9
388.3647814,68.695,13,eafa,512,9
388.409506884,71.507,13,eafa,512,9
388.452618628,71.507,13,eafa,512,9
388.497644261,71.507,13,eafa,512,9
388.540897918,69.908,13,eafa,512,9
388.584167555,69.908,13,eafa,512,9
388.651842609,41.989,13,eafa,512,10
388.694628684,41.989,13,eafa,512,10
388.738041999,83.753,13,eafa,512,10
388.788864077,83.753,13,eafa,512,10
388.833679855,66.858,13,eafa,512,10
388.876836305,66.858,13,eafa,512,10
388.920145068,68.888,13,eafa,512,10
388.970811786,68.888,13,eafa,512,10
389.013828346,65.101,13,eafa,512,10
389.057219338,65.101,13,eafa,512,10
389.102698275,65.101,13,eafa,512,10
389.153653199,71.165,13,eafa,512,10
389.196848453,71.165,13,eafa,512,10
389.24128491,70.102,13,eafa,512,10
389.284429778,70.102,13,eafa,512,10
389.327678645,68.985,13,eafa,512,10
389.372375976,68.985,13,eafa,512,10
389.415816172,61.169,13,eafa,512,10
389.481978268,61.169,13,eafa,512,11
389.524852704,85.997,13,eafa,512,11
389.568786162,85.997,13,eafa,512,11
389.620126499,69.329,13,eafa,512,11
389.664238941,69.329,13,eafa,512,11
389.707439256,69.329,13,eafa,512,11
389.750599623,69.469,13,eafa,512,11
389.801280048,69.469,13,eafa,512,11
389.844350421,66.761,13,eafa,512,11
389.887474438,66.761,13,eafa,512,11
389.932807263,69.759,13,eafa,512,11
389.983679368,69.759,13,eafa,512,11
390.027111789,64.286,13,eafa,512,11
390.071166731,64.286,13,eafa,512,11
390.114367827,64.286,13,eafa,512,11
390.157545998,68.598,13,eafa,512,11
390.203096583,68.598,13,eafa,512,11
390.246906322,69.178,13,eafa,512,11
390.314025794,69.178,13,eafa,512,12
390.356943995,64.423,13,eafa,512,12
390.400266865,64.423,13,eafa,512,12
390.450134162,65.738,13,eafa,512,12
390.494800493,65.738,13,eafa,512,12
390.537983263,67.728,13,eafa,512,12
390.582322182,67.728,13,eafa,512,12
390.631809928,63.609,13,eafa,512,12
390.675103371,63.609,13,eafa,512,12
390.720166066,63.609,13,eafa,512,12
390.765455608,70.102,13,eafa,512,12
390.814814084,70.102,13,eafa,512,12
390.859117234,69.082,13,eafa,512,12
390.904121426,69.082,13,eafa,512,12
390.94730623,68.115,13,eafa,512,12
390.996300434,68.115,13,eafa,512,12
391.039499466,68.888,13,eafa,512,12
391.082590339,68.888,13,eafa,512,12
391.148774468,34.334,13,eafa,512,13
391.197815352,34.334,13,eafa,512,13
391.2460446,67.535,13,eafa,512,13
391.28938788,67.535,13,eafa,512,13
391.335256238,67.535,13,eafa,512,13
391.380091855,68.211,13,eafa,512,13
391.424229476,68.211,13,eafa,512,13
391.467354054,67.299,13,eafa,512,13
391.51052941,67.299,13,eafa,512,13
391.554696117,68.266,13,eafa,512,13
391.605911013,68.266,13,eafa,512,13
391.649053665,64.674,13,eafa,512,13
391.692711782,64.674,13,eafa,512,13
391.738615588,64.674,13,eafa,512,13
391.787671922,69.232,13,eafa,512,13
391.830860133,69.232,13,eafa,512,13
391.874054476,68.749,13,eafa,512,13
391.917236855,68.749,13,eafa,512,13
391.984148531,33.163,13,eafa,512,14
392.030296769,33.163,13,eafa,512,14
392.078425564,75.515,13,eafa,512,14
392.121614026,75.515,13,eafa,512,14
392.165143224,64.44,13,eafa,512,14
392.2118303,64.44,13,eafa,512,14
392.25596244,68.792,13,eafa,512,14
392.298984481,68.792,13,eafa,512,14
392.342170598,68.792,13,eafa,512,14
392.386659656,68.792,13,eafa,512,14
392.437633667,68.792,13,eafa,512,14
392.480769247,66.802,13,eafa,512,14
392.524898331,66.802,13,eafa,512,14
392.569837478,72.955,13,eafa,512,14
392.619993852,72.955,13,eafa,512,14
392.663193525,68.792,13,eafa,512,14
392.706229763,68.792,13,eafa,512,14
392.749396642,68.792,13,eafa,512,14
392.816392771,45.83,13,eafa,512,15
392.862975055,99.201,13,eafa,512,15
392.912317911,99.201,13,eafa,512,15
392.957380586,99.201,13,eafa,512,15
393.006246633,66.664,13,eafa,512,15
393.049433841,66.664,13,eafa,512,15
393.092542499,69.232,13,eafa,512,15
393.135599977,69.232,13,eafa,512,15
393.178726179,65.544,13,eafa,512,15
393.227811418,65.544,13,eafa,512,15
393.271206187,67.203,13,eafa,512,15
393.314254599,67.203,13,eafa,512,15
393.357389837,67.203,13,eafa,512,15
393.401248831,69.178,13,eafa,512,15
393.450480473,69.178,13,eafa,512,15
393.493704463,68.652,13,eafa,512,15
393.537064355,68.652,13,eafa,512,15
393.580367898,62.293,13,eafa,512,15
393.645895982,62.293,13,eafa,512,16
393.692592677,95.741,13,eafa,512,16
393.740658611,95.741,13,eafa,512,16
393.784638037,65.738,13,eafa,512,16
393.828370447,65.738,13,eafa,512,16
393.875032376,69.908,13,eafa,512,16
393.920702043,69.908,13,eafa,512,16
393.963846099,69.908,13,eafa,512,16
394.00698249,67.825,13,eafa,512,16
394.050380571,67.825,13,eafa,512,16
394.100423768,68.405,13,eafa,512,16
394.143598934,68.405,13,eafa,512,16
394.188740132,66.954,13,eafa,512,16
394.233894877,66.954,13,eafa,512,16
394.282909059,67.438,13,eafa,512,16
394.326028168,67.438,13,eafa,512,16
394.369170159,67.438,13,eafa,512,16
394.412338031,68.985,13,eafa,512,16
394.478443963,68.985,13,eafa,512,17
394.525093611,49.183,13,eafa,512,17
394.574488982,49.183,13,eafa,512,17
394.61889683,65.738,13,eafa,512,17
394.669148335,65.738,13,eafa,512,17
394.712383284,67.631,13,eafa,512,17
394.755587685,67.631,13,eafa,512,17
394.79886212,63.899,13,eafa,512,17
394.841961481,63.899,13,eafa,512,17
394.891766373,70.585,13,eafa,512,17
394.935238395,70.585,13,eafa,512,17
394.978379245,70.585,13,eafa,512,17
395.021532418,68.502,13,eafa,512,17
395.066432106,68.502,13,eafa,512,17
395.11492875,69.082,13,eafa,512,17
395.158093365,69.082,13,eafa,512,17
395.20133094,68.792,13,eafa,512,17
395.244418708,68.792,13,eafa,512,17
395.310441145,34.041,13,eafa,512,18
395.358489714,34.041,13,eafa,512,18
395.404359574,69.469,13,eafa,512,18
395.447940564,69.469,13,eafa,512,18
395.491281777,69.469,13,eafa,512,18
395.534612639,68.362,13,eafa,512,18
395.583815151,68.362,13,eafa,512,18
395.627036535,67.19,13,eafa,512,18
395.670168798,67.19,13,eafa,512,18
395.715277114,67.341,13,eafa,512,18
395.765553636,67.341,13,eafa,512,18
395.808671472,66.512,13,eafa,512,18
395.853454537,66.512,13,eafa,512,18
395.899556811,66.512,13,eafa,512,18
395.947447578,71.165,13,eafa,512,18
395.990635668,71.165,13,eafa,512,18
396.033844207,68.888,13,eafa,512,18
396.077032197,68.888,13,eafa,512,18
396.142863264,33.456,13,eafa,512,19
396.191062311,33.456,13,eafa,512,19
396.237283962,81.493,13,eafa,512,19
396.281596018,81.493,13,eafa,512,19
396.326388591,64.326,13,eafa,512,19
396.36992213,64.326,13,eafa,512,19
396.416704793,68.985,13,eafa,512,19
396.459731164,68.985,13,eafa,512,19
396.502981663,68.985,13,eafa,512,19
396.546484314,69.082,13,eafa,512,19
396.599624663,69.082,13,eafa,512,19
396.642792344,66.954,13,eafa,512,19
396.685947782,66.954,13,eafa,512,19
396.73105714,72.762,13,eafa,512,19
396.779835803,72.762,13,eafa,512,19
396.82302588,68.888,13,eafa,512,19
396.86611738,68.888,13,eafa,512,19
396.909253546,68.888,13,eafa,512,19
399.159178236,62.932,13,math,512,0
399.202729272,62.932,13,math,512,0
399.246092516,62.932,13,math,512,0
399.295180694,67.964,13,math,512,0
399.340092914,67.964,13,math,512,0
399.383321979,66.954,13,math,512,0
399.426482662,66.954,13,math,512,0
399.477803355,69.619,13,math,512,0
399.520950221,69.619,13,math,512,0
399.56413976,67.19,13,math,512,0
399.609264139,67.19,13,math,512,0
399.661013637,64.23,13,math,512,0
399.704149413,64.23,13,math,512,0
399.749334077,64.23,13,math,512,0
399.792483649,69.662,13,math,512,0
399.843338383,69.662,13,math,512,0
399.886627294,69.082,13,math,512,0
399.929881848,69.082,13,math,512,0
400.131242992,40.82,13,math,512,1
400.174136441,109.967,13,math,512,1
400.217162875,109.967,13,math,512,1
400.260519236,109.967,13,math,512,1
400.309412629,68.115,13,math,512,1
400.401427089,68.018,13,math,512,1
400.452788049,68.018,13,math,512,1
400.496010962,66.761,13,math,512,1
400.539143582,66.761,13,math,512,1
400.583738489,68.211,13,math,512,1
400.633236669,68.211,13,math,512,1
400.676774649,66.609,13,math,512,1
400.721660037,66.609,13,math,512,1
400.76486214,66.609,13,math,512,1
400.808108869,68.211,13,math,512,1
400.857332208,68.211,13,math,512,1
400.902615694,66.512,13,math,512,1
400.969497361,66.512,13,math,512,2
401.012326404,70.726,13,math,512,2
401.062333734,70.726,13,math,512,2
401.105787192,66.125,13,math,512,2
401.149081413,66.125,13,math,512,2
401.192174015,67.535,13,math,512,2
401.235412098,67.535,13,math,512,2
401.284903884,63.996,13,math,512,2
401.329808219,63.996,13,math,512,2
401.373788362,63.996,13,math,512,2
401.419122514,69.619,13,math,512,2
401.465764388,69.619,13,math,512,2
401.511122437,68.888,13,math,512,2
401.557482016,68.888,13,math,512,2
401.600774183,67.631,13,math,512,2
401.649566251,67.631,13,math,512,2
401.692857446,68.792,13,math,512,2
401.735969736,68.792,13,math,512,2
401.801975831,34.334,13,math,512,3
401.84478194,34.334,13,math,512,3
401.89464521,67.535,13,math,512,3
401.942414288,67.535,13,math,512,3
401.986479799,67.535,13,math,512,3
402.033507148,68.018,13,math,512,3
402.078933571,68.018,13,math,512,3
402.122044673,70.682,13,math,512,3
402.165266548,70.682,13,math,512,3
402.208422396,67.48,13,math,512,3
402.259246462,67.48,13,math,512,3
402.302413571,65.641,13,math,512,3
402.345503963,65.641,13,math,512,3
402.390748246,65.641,13,math,512,3
402.433941235,69.812,13,math,512,3
402.483780022,69.812,13,math,512,3
402.527052014,68.888,13,math,512,3
402.570397136,68.888,13,math,512,3
402.637762129,32.987,13,math,512,4
402.685619828,32.987,13,math,512,4
402.732029076,77.06,13,math,512,4
402.77550495,77.06,13,math,512,4
402.820082007,67.051,13,math,512,4
402.868464958,67.051,13,math,512,4
402.911807356,65.157,13,math,512,4
402.954950669,65.157,13,math,512,4
402.998138569,65.157,13,math,512,4
403.04233354,70.198,13,math,512,4
403.092816498,70.198,13,math,512,4
403.136262324,67.921,13,math,512,4
403.180991715,67.921,13,math,512,4
403.233022877,74.068,13,math,512,4
403.276299728,74.068,13,math,512,4
403.319517355,68.308,13,math,512,4
403.362636382,68.308,13,math,512,4
403.405852686,68.308,13,math,512,4
403.477414517,49.273,13,math,512,5
403.520256791,107.526,13,math,512,5
403.566068798,107.526,13,math,512,5
403.610639181,107.526,13,math,512,5
403.656621146,68.749,13,math,512,5
403.701832455,68.749,13,math,512,5
403.744968445,69.662,13,math,512,5
403.788120014,69.662,13,math,512,5
403.831298496,67.631,13,math,512,5
403.874676642,67.631,13,math,512,5
403.92293324,65.544,13,math,512,5
403.966221313,65.544,13,math,512,5
404.011228949,65.544,13,math,512,5
404.057522564,68.556,13,math,512,5
404.106678515,68.556,13,math,512,5
404.14987416,68.405,13,math,512,5
404.193146622,68.405,13,math,512,5
404.236371353,63.745,13,math,512,5
404.308606541,63.745,13,math,512,6
404.351412624,106.952,13,math,512,6
404.395047045,106.952,13,math,512,6
404.438387188,63.125,13,math,512,6
404.482862017,63.125,13,math,512,6
404.529445691,69.522,13,math,512,6
404.576851309,69.522,13,math,512,6
404.620239164,69.522,13,math,512,6
404.663396014,68.211,13,math,512,6
404.706631164,68.211,13,math,512,6
404.755158524,68.459,13,math,512,6
404.798295395,68.459,13,math,512,6
404.84323996,68.115,13,math,512,6
404.888966031,68.115,13,math,512,6
404.937837584,67.438,13,math,512,6
404.982688829,67.438,13,math,512,6
405.025889023,67.438,13,math,512,6
405.069102722,68.888,13,math,512,6
405.140806677,36.263,13,math,512,7
405.183945833,36.263,13,math,512,7
405.227135656,36.263,13,math,512,7
405.270681115,66.706,13,math,512,7
405.314170966,66.706,13,math,512,7
405.363575596,67.631,13,math,512,7
405.406623947,67.631,13,math,512,7
405.449770377,64.964,13,math,512,7
405.492924451,64.964,13,math,512,7
405.538347368,66.471,13,math,512,7
405.591191417,66.471,13,math,512,7
405.634358586,66.471,13,math,512,7
405.678641907,68.459,13,math,512,7
405.729158641,68.459,13,math,512,7
405.772343785,68.695,13,math,512,7
405.815619524,68.695,13,math,512,7
405.858814477,69.082,13,math,512,7
405.901891613,69.082,13,math,512,7
405.975208355,32.499,13,math,512,8
406.018038375,32.499,13,math,512,8
406.061022052,69.135,13,math,512,8
406.105373213,69.135,13,math,512,8
406.155675363,68.018,13,math,512,8
406.200320701,68.018,13,math,512,8
406.24368489,68.018,13,math,512,8
406.286838053,68.598,13,math,512,8
406.330029069,68.598,13,math,512,8
406.379140775,69.372,13,math,512,8
406.422190047,69.372,13,math,512,8
406.467267498,66.664,13,math,512,8
406.512691036,66.664,13,math,512,8
406.562442194,69.715,13,math,512,8
406.60642711,69.715,13,math,512,8
406.649649586,69.715,13,math,512,8
406.6929225,68.888,13,math,512,8
406.736112383,68.888,13,math,512,8
406.805259961,32.09,13,math,512,9
406.848046898,32.09,13,math,512,9
406.892904956,80.625,13,math,512,9
406.936658957,80.625,13,math,512,9
406.980384803,68.308,13,math,512,9
407.023443774,68.308,13,math,512,9
407.071967157,64.77,13,math,512,9
407.115109969,64.77,13,math,512,9
407.158397811,64.77,13,math,512,9
407.203347897,67.728,13,math,512,9
407.254188605,67.728,13,math,512,9
407.297935251,68.211,13,math,512,9
407.342976052,68.211,13,math,512,9
407.389377935,75.998,13,math,512,9
407.437452903,75.998,13,math,512,9
407.480626806,68.888,13,math,512,9
407.523799506,68.888,13,math,512,9
407.567012384,68.888,13,math,512,9
407.63421814,52.187,13,math,512,10
407.680114609,95.296,13,math,512,10
407.729730036,95.296,13,math,512,10
407.773602354,95.296,13,math,512,10
407.823215677,65.351,13,math,512,10
407.866367898,65.351,13,math,512,10
407.909515259,69.715,13,math,512,10
407.952849531,69.715,13,math,512,10
407.995993777,67.244,13,math,512,10
408.046497074,67.244,13,math,512,10
408.089613867,65.738,13,math,512,10
408.132709398,65.738,13,math,512,10
408.176875934,65.738,13,math,512,10
408.228532073,71.261,13,math,512,10
408.271766432,71.261,13,math,512,10
408.314929775,68.405,13,math,512,10
408.35817278,68.405,13,math,512,10
408.40132953,64.093,13,math,512,10
408.472931478,64.093,13,math,512,11
408.51577829,104.435,13,math,512,11
408.559255317,104.435,13,math,512,11
408.603419368,62.487,13,math,512,11
408.647098484,62.487,13,math,512,11
408.695942344,68.695,13,math,512,11
408.740525603,68.695,13,math,512,11
408.783759341,68.695,13,math,512,11
408.826912744,68.792,13,math,512,11
408.879534323,68.792,13,math,512,11
408.922737222,68.888,13,math,512,11
408.965876488,68.888,13,math,512,11
409.011200655,67.921,13,math,512,11
409.061369317,67.921,13,math,512,11
409.104777682,68.556,13,math,512,11
409.14809488,68.556,13,math,512,11
409.191500049,68.556,13,math,512,11
409.234666467,69.039,13,math,512,11
409.306521383,36.361,13,math,512,12
409.349344719,36.361,13,math,512,12
409.392389934,36.361,13,math,512,12
409.435821333,68.115,13,math,512,12
409.479027758,68.115,13,math,512,12
409.526598515,67.341,13,math,512,12
409.56987221,67.341,13,math,512,12
409.6131382,66.761,13,math,512,12
409.658678493,66.761,13,math,512,12
409.709603293,66.181,13,math,512,12
409.752825428,66.181,13,math,512,12
409.797995568,66.181,13,math,512,12
409.843783899,69.425,13,math,512,12
409.893536429,69.425,13,math,512,12
409.936807447,68.502,13,math,512,12
409.980097352,68.502,13,math,512,12
410.023318634,68.792,13,math,512,12
410.066492805,68.792,13,math,512,12
410.138664495,33.085,13,math,512,13
410.181435469,33.085,13,math,512,13
410.225188716,66.415,13,math,512,13
410.268741327,66.415,13,math,512,13
410.318653941,65.351,13,math,512,13
410.363728935,65.351,13,math,512,13
410.406965456,65.351,13,math,512,13
410.452038987,70.005,13,math,512,13
410.501570587,70.005,13,math,512,13
410.544778353,68.502,13,math,512,13
410.589607323,68.502,13,math,512,13
410.635651053,69.135,13,math,512,13
410.68467783,69.135,13,math,512,13
410.729987095,70.972,13,math,512,13
410.773260648,70.972,13,math,512,13
410.816527258,70.972,13,math,512,13
410.863324509,68.502,13,math,512,13
410.906597371,68.502,13,math,512,13
410.972953496,49.011,13,math,512,14
411.015857006,49.011,13,math,512,14
411.060266818,85.859,13,math,512,14
411.110298151,85.859,13,math,512,14
411.156147316,69.662,13,math,512,14
411.199446959,69.662,13,math,512,14
411.242575362,66.858,13,math,512,14
411.285741067,66.858,13,math,512,14
411.334872356,64.77,13,math,512,14
411.378088368,64.77,13,math,512,14
411.423209651,64.77,13,math,512,14
411.468078858,68.942,13,math,512,14
411.514778251,68.942,13,math,512,14
411.560476796,68.556,13,math,512,14
411.603857265,68.556,13,math,512,14
411.647056204,68.502,13,math,512,14
411.690127939,68.502,13,math,512,14
411.734152709,62.002,13,math,512,14
411.807290742,62.002,13,math,512,15
411.850170696,91.861,13,math,512,15
411.894046027,91.861,13,math,512,15
411.944201649,63.996,13,math,512,15
411.989620425,63.996,13,math,512,15
412.032843941,63.996,13,math,512,15
412.076007983,68.459,13,math,512,15
412.125733898,68.459,13,math,512,15
412.168932316,68.211,13,math,512,15
412.213538977,68.211,13,math,512,15
412.259758556,69.232,13,math,512,15
412.305696773,69.232,13,math,512,15
412.352297196,67.051,13,math,512,15
412.398839376,67.051,13,math,512,15
412.442093111,68.598,13,math,512,15
412.488990666,68.598,13,math,512,15
412.532182952,68.598,13,math,512,15
412.57530861,69.275,13,math,512,15
412.642870739,69.275,13,math,512,16
412.691252634,48.796,13,math,512,16
412.739384326,48.796,13,math,512,16
412.783228479,65.835,13,math,512,16
412.827016332,65.835,13,math,512,16
412.876134606,67.631,13,math,512,16
412.919516327,67.631,13,math,512,16
412.962993873,66.761,13,math,512,16
413.006101617,66.761,13,math,512,16
413.050812158,66.761,13,math,512,16
413.103158651,66.761,13,math,512,16
413.146377659,66.761,13,math,512,16
413.191005241,68.405,13,math,512,16
413.244705192,68.405,13,math,512,16
413.287914651,68.405,13,math,512,16
413.331099383,68.405,13,math,512,16
413.374587139,68.502,13,math,512,16
413.418731339,68.502,13,math,512,16
413.486681867,32.773,13,math,512,17
413.529451678,32.773,13,math,512,17
413.573817575,71.603,13,math,512,17
413.617052885,71.603,13,math,512,17
413.668015161,68.845,13,math,512,17
413.712520948,68.845,13,math,512,17
413.755976922,68.845,13,math,512,17
413.79909703,68.502,13,math,512,17
413.842789489,68.502,13,math,512,17
413.89179175,69.715,13,math,512,17
413.93487698,69.715,13,math,512,17
413.978681195,67.673,13,math,512,17
414.024010128,67.673,13,math,512,17
414.074738674,70.198,13,math,512,17
414.118611251,70.198,13,math,512,17
414.16181511,70.198,13,math,512,17
414.205020972,68.695,13,math,512,17
414.24823478,68.695,13,math,512,17
414.319190948,36.166,13,math,512,18
414.36196605,36.166,13,math,512,18
414.405093622,92.149,13,math,512,18
414.448699515,92.149,13,math,512,18
414.491846654,67.535,13,math,512,18
414.53501768,67.535,13,math,512,18
414.582824757,66.222,13,math,512,18
414.626019698,66.222,13,math,512,18
414.671361837,66.222,13,math,512,18
414.716549077,69.178,13,math,512,18
414.762530918,69.178,13,math,512,18
414.809528265,68.792,13,math,512,18
414.856333242,68.792,13,math,512,18
414.907105051,72.955,13,math,512,18
414.950334339,72.955,13,math,512,18
414.993560059,68.695,13,math,512,18
415.036619049,68.695,13,math,512,18
415.079858376,61.072,13,math,512,18
415.154521566,61.072,13,math,512,19
415.197311396,108.865,13,math,512,19
415.241235122,108.865,13,math,512,19
415.285214124,67.77,13,math,512,19
415.337273024,67.77,13,math,512,19
415.380482573,67.77,13,math,512,19
415.424011929,68.695,13,math,512,19
415.467217891,68.695,13,math,512,19
415.516128315,69.178,13,math,512,19
415.559329478,69.178,13,math,512,19
415.603596656,67.244,13,math,512,19
415.64884843,67.244,13,math,512,19
415.69913287,67.438,13,math,512,19
415.742961993,67.438,13,math,512,19
415.786207803,67.438,13,math,512,19
415.829409808,69.469,13,math,512,19
415.872712066,69.469,13,math,512,19
415.92069392,69.329,13,math,512,19
418.184056134,63.164,13,mem_efficient,512,0
418.233925096,87.48,13,mem_efficient,512,0
418.280880801,87.48,13,mem_efficient,512,0
418.325098709,69.522,13,mem_efficient,512,0
418.377454455,69.522,13,mem_efficient,512,0
418.42075086,69.522,13,mem_efficient,512,0
418.463870043,65.835,13,mem_efficient,512,0
418.507571687,65.835,13,mem_efficient,512,0
418.550868923,66.664,13,mem_efficient,512,0
418.599081236,66.664,13,mem_efficient,512,0
418.642217773,68.502,13,mem_efficient,512,0
418.685414475,68.502,13,mem_efficient,512,0
418.728915894,64.577,13,mem_efficient,512,0
418.775543428,64.577,13,mem_efficient,512,0
418.822363021,64.577,13,mem_efficient,512,0
418.865575113,68.749,13,mem_efficient,512,0
418.908788247,68.749,13,mem_efficient,512,0
418.951993035,69.135,13,mem_efficient,512,0
419.153834162,41.38,13,mem_efficient,512,1
419.196785693,41.38,13,mem_efficient,512,1
419.248324407,66.471,13,mem_efficient,512,1
419.293612274,66.471,13,mem_efficient,512,1
419.336841749,66.471,13,mem_efficient,512,1
419.380073419,67.631,13,mem_efficient,512,1
419.430488792,67.631,13,mem_efficient,512,1
419.473767221,69.039,13,mem_efficient,512,1
419.520329996,69.039,13,mem_efficient,512,1
419.572523651,70.585,13,mem_efficient,512,1
419.615808904,70.585,13,mem_efficient,512,1
419.659430584,65.891,13,mem_efficient,512,1
419.704826759,65.891,13,mem_efficient,512,1
419.754653569,70.488,13,mem_efficient,512,1
419.797858998,70.488,13,mem_efficient,512,1
419.841113632,70.488,13,mem_efficient,512,1
419.884373025,68.792,13,mem_efficient,512,1
419.927850347,68.792,13,mem_efficient,512,1
420.001741719,45.344,13,mem_efficient,512,2
420.044532891,45.344,13,mem_efficient,512,2
420.087933926,94.3,13,mem_efficient,512,2
420.131487836,94.3,13,mem_efficient,512,2
420.181242658,65.544,13,mem_efficient,512,2
420.224359677,65.544,13,mem_efficient,512,2
420.267604962,66.996,13,mem_efficient,512,2
420.311092083,66.996,13,mem_efficient,512,2
420.356474692,67.341,13,mem_efficient,512,2
420.405600694,67.341,13,mem_efficient,512,2
420.450723944,67.341,13,mem_efficient,512,2
420.496088878,63.609,13,mem_efficient,512,2
420.542402889,63.609,13,mem_efficient,512,2
420.589009112,67.921,13,mem_efficient,512,2
420.632244308,67.921,13,mem_efficient,512,2
420.675509352,68.018,13,mem_efficient,512,2
420.71870393,68.018,13,mem_efficient,512,2
420.762816385,65.157,13,mem_efficient,512,2
420.834249451,65.157,13,mem_efficient,512,3
420.87716344,98.626,13,mem_efficient,512,3
420.920267143,98.626,13,mem_efficient,512,3
420.970989887,66.567,13,mem_efficient,512,3
421.016231364,66.567,13,mem_efficient,512,3
421.059371187,64.48,13,mem_efficient,512,3
421.106158639,64.48,13,mem_efficient,512,3
421.15925461,64.48,13,mem_efficient,512,3
421.202433218,68.598,13,mem_efficient,512,3
421.246047424,68.598,13,mem_efficient,512,3
421.29603339,71.217,13,mem_efficient,512,3
421.339185126,71.217,13,mem_efficient,512,3
421.38410806,66.609,13,mem_efficient,512,3
421.430384969,66.609,13,mem_efficient,512,3
421.478087682,68.211,13,mem_efficient,512,3
421.521440555,68.211,13,mem_efficient,512,3
421.564702834,68.211,13,mem_efficient,512,3
421.60796907,68.749,13,mem_efficient,512,3
421.673841958,36.653,13,mem_efficient,512,4
421.720061527,36.653,13,mem_efficient,512,4
421.767584955,36.653,13,mem_efficient,512,4
421.81171838,66.706,13,mem_efficient,512,4
421.855429362,66.706,13,mem_efficient,512,4
421.903735225,66.512,13,mem_efficient,512,4
421.946819181,66.512,13,mem_efficient,512,4
421.990039769,66.954,13,mem_efficient,512,4
422.033424823,66.954,13,mem_efficient,512,4
422.078417171,67.535,13,mem_efficient,512,4
422.128051992,67.535,13,mem_efficient,512,4
422.174194794,67.535,13,mem_efficient,512,4
422.219662165,64.383,13,mem_efficient,512,4
422.270064683,64.383,13,mem_efficient,512,4
422.313290552,69.039,13,mem_efficient,512,4
422.356575163,69.039,13,mem_efficient,512,4
422.399827974,69.082,13,mem_efficient,512,4
422.443107836,69.082,13,mem_efficient,512,4
422.516921408,34.626,13,mem_efficient,512,5
422.560222802,34.626,13,mem_efficient,512,5
422.604768991,74.018,13,mem_efficient,512,5
422.655339132,74.018,13,mem_efficient,512,5
422.700697363,68.308,13,mem_efficient,512,5
422.743863366,68.308,13,mem_efficient,512,5
422.787039208,65.641,13,mem_efficient,512,5
422.838216788,65.641,13,mem_efficient,512,5
422.881476983,65.641,13,mem_efficient,512,5
422.926233697,66.181,13,mem_efficient,512,5
422.971445076,66.181,13,mem_efficient,512,5
423.020863641,70.295,13,mem_efficient,512,5
423.0658207,70.295,13,mem_efficient,512,5
423.11131291,71.99,13,mem_efficient,512,5
423.15455009,71.99,13,mem_efficient,512,5
423.199739247,68.888,13,mem_efficient,512,5
423.243013949,68.888,13,mem_efficient,512,5
423.286150375,68.888,13,mem_efficient,512,5
423.352774348,61.615,13,mem_efficient,512,6
423.395587362,90.323,13,mem_efficient,512,6
423.446611256,90.323,13,mem_efficient,512,6
423.490502976,90.323,13,mem_efficient,512,6
423.533713865,68.695,13,mem_efficient,512,6
423.577014197,68.695,13,mem_efficient,512,6
423.621363647,69.135,13,mem_efficient,512,6
423.666869393,69.135,13,mem_efficient,512,6
423.712541128,66.609,13,mem_efficient,512,6
423.759450284,66.609,13,mem_efficient,512,6
423.807950221,68.018,13,mem_efficient,512,6
423.853142674,68.018,13,mem_efficient,512,6
423.899871723,67.286,13,mem_efficient,512,6
423.952143208,67.286,13,mem_efficient,512,6
423.995478687,67.286,13,mem_efficient,512,6
424.038706008,68.405,13,mem_efficient,512,6
424.081890657,68.405,13,mem_efficient,512,6
424.125012976,69.329,13,mem_efficient,512,6
424.197864096,69.329,13,mem_efficient,512,7
424.240657292,63.319,13,mem_efficient,512,7
424.284686947,63.319,13,mem_efficient,512,7
424.328599006,65.932,13,mem_efficient,512,7
424.378381381,65.932,13,mem_efficient,512,7
424.421481377,69.275,13,mem_efficient,512,7
424.464674482,69.275,13,mem_efficient,512,7
424.508475277,66.028,13,mem_efficient,512,7
424.560387871,66.028,13,mem_efficient,512,7
424.603719212,66.028,13,mem_efficient,512,7
424.648211979,66.181,13,mem_efficient,512,7
424.6933829,66.181,13,mem_efficient,512,7
424.74297568,70.392,13,mem_efficient,512,7
424.788272543,70.392,13,mem_efficient,512,7
424.83152848,68.598,13,mem_efficient,512,7
424.874788073,68.598,13,mem_efficient,512,7
424.924747559,68.942,13,mem_efficient,512,7
424.967934693,68.942,13,mem_efficient,512,7
425.036333637,32.89,13,mem_efficient,512,8
425.085499184,32.89,13,mem_efficient,512,8
425.133869732,65.351,13,mem_efficient,512,8
425.177127192,65.351,13,mem_efficient,512,8
425.221571806,64.77,13,mem_efficient,512,8
425.270098765,64.77,13,mem_efficient,512,8
425.313219461,64.77,13,mem_efficient,512,8
425.356419439,68.652,13,mem_efficient,512,8
425.399657301,68.652,13,mem_efficient,512,8
425.444871665,69.812,13,mem_efficient,512,8
425.491087978,69.812,13,mem_efficient,512,8
425.537786559,65.448,13,mem_efficient,512,8
425.585078933,65.448,13,mem_efficient,512,8
425.632713247,70.392,13,mem_efficient,512,8
425.675981226,70.392,13,mem_efficient,512,8
425.719424794,70.392,13,mem_efficient,512,8
425.762655281,68.888,13,mem_efficient,512,8
425.80577771,68.888,13,mem_efficient,512,8
425.881340155,51.573,13,mem_efficient,512,9
425.924170808,51.573,13,mem_efficient,512,9
425.96737736,95.392,13,mem_efficient,512,9
426.011147667,95.392,13,mem_efficient,512,9
426.060520314,66.858,13,mem_efficient,512,9
426.103664776,66.858,13,mem_efficient,512,9
426.146805675,66.222,13,mem_efficient,512,9
426.19181039,66.222,13,mem_efficient,512,9
426.242594436,69.329,13,mem_efficient,512,9
426.285876363,69.329,13,mem_efficient,512,9
426.330878863,65.835,13,mem_efficient,512,9
426.377422467,65.835,13,mem_efficient,512,9
426.426803992,65.835,13,mem_efficient,512,9
426.472411808,66.028,13,mem_efficient,512,9
426.515638207,66.028,13,mem_efficient,512,9
426.55888666,68.308,13,mem_efficient,512,9
426.604401777,68.308,13,mem_efficient,512,9
426.648311383,67.535,13,mem_efficient,512,9
426.715903477,67.535,13,mem_efficient,512,10
426.758722753,91.188,13,mem_efficient,512,10
426.801749227,91.188,13,mem_efficient,512,10
426.851600677,66.761,13,mem_efficient,512,10
426.895935992,66.761,13,mem_efficient,512,10
426.939102777,64.036,13,mem_efficient,512,10
426.985248139,64.036,13,mem_efficient,512,10
427.032794038,64.036,13,mem_efficient,512,10
427.077690955,66.609,13,mem_efficient,512,10
427.124655475,66.609,13,mem_efficient,512,10
427.176170339,70.295,13,mem_efficient,512,10
427.220678817,70.295,13,mem_efficient,512,10
427.265724932,68.502,13,mem_efficient,512,10
427.317265455,68.502,13,mem_efficient,512,10
427.360488177,68.405,13,mem_efficient,512,10
427.403816964,68.405,13,mem_efficient,512,10
427.447132795,68.985,13,mem_efficient,512,10
427.49076152,68.985,13,mem_efficient,512,10
427.564710711,34.996,13,mem_efficient,512,11
427.607617835,34.996,13,mem_efficient,512,11
427.650607569,68.351,13,mem_efficient,512,11
427.702627716,68.351,13,mem_efficient,512,11
427.748482458,68.351,13,mem_efficient,512,11
427.79167382,70.198,13,mem_efficient,512,11
427.834857557,70.198,13,mem_efficient,512,11
427.878021697,69.082,13,mem_efficient,512,11
427.925729377,69.082,13,mem_efficient,512,11
427.969469506,65.697,13,mem_efficient,512,11
428.014718892,65.697,13,mem_efficient,512,11
428.061049791,69.082,13,mem_efficient,512,11
428.10734408,69.082,13,mem_efficient,512,11
428.153944448,69.082,13,mem_efficient,512,11
428.197164886,70.295,13,mem_efficient,512,11
428.240396826,70.295,13,mem_efficient,512,11
428.286973548,68.695,13,mem_efficient,512,11
428.331796142,68.695,13,mem_efficient,512,11
428.398339848,41.964,13,mem_efficient,512,12
428.441178781,41.964,13,mem_efficient,512,12
428.484593192,87.783,13,mem_efficient,512,12
428.534976677,87.783,13,mem_efficient,512,12
428.579308155,65.987,13,mem_efficient,512,12
428.623781506,65.987,13,mem_efficient,512,12
428.66887381,69.715,13,mem_efficient,512,12
428.714890634,69.715,13,mem_efficient,512,12
428.761093697,69.715,13,mem_efficient,512,12
428.807678294,65.697,13,mem_efficient,512,12
428.857305212,65.697,13,mem_efficient,512,12
428.903051274,66.222,13,mem_efficient,512,12
428.95014379,66.222,13,mem_efficient,512,12
429.000779331,70.541,13,mem_efficient,512,12
429.044023354,70.541,13,mem_efficient,512,12
429.087284841,68.556,13,mem_efficient,512,12
429.130539094,68.556,13,mem_efficient,512,12
429.173712161,63.455,13,mem_efficient,512,12
429.246642284,63.455,13,mem_efficient,512,13
429.289448744,97.25,13,mem_efficient,512,13
429.333380903,97.25,13,mem_efficient,512,13
429.378238734,63.512,13,mem_efficient,512,13
429.427077223,63.512,13,mem_efficient,512,13
429.471470631,63.512,13,mem_efficient,512,13
429.51463496,68.598,13,mem_efficient,512,13
429.558009765,68.598,13,mem_efficient,512,13
429.609647857,72.183,13,mem_efficient,512,13
429.652841273,72.183,13,mem_efficient,512,13
429.697946932,65.932,13,mem_efficient,512,13
429.743404349,65.932,13,mem_efficient,512,13
429.789627901,66.512,13,mem_efficient,512,13
429.83669085,66.512,13,mem_efficient,512,13
429.880042861,68.598,13,mem_efficient,512,13
429.923997122,68.598,13,mem_efficient,512,13
429.973180255,68.598,13,mem_efficient,512,13
430.01632617,69.178,13,mem_efficient,512,13
430.0852111,36.751,13,mem_efficient,512,14
430.134130385,36.751,13,mem_efficient,512,14
430.183158239,36.751,13,mem_efficient,512,14
430.22656201,67.051,13,mem_efficient,512,14
430.270608469,67.051,13,mem_efficient,512,14
430.318881779,68.447,13,mem_efficient,512,14
430.362041841,68.447,13,mem_efficient,512,14
430.405262389,66.222,13,mem_efficient,512,14
430.450248899,66.222,13,mem_efficient,512,14
430.501758092,69.275,13,mem_efficient,512,14
430.544999049,69.275,13,mem_efficient,512,14
430.590268935,66.609,13,mem_efficient,512,14
430.635349826,66.609,13,mem_efficient,512,14
430.685290468,66.609,13,mem_efficient,512,14
430.728494464,69.522,13,mem_efficient,512,14
430.771789285,69.522,13,mem_efficient,512,14
430.815067594,68.942,13,mem_efficient,512,14
430.860502778,68.942,13,mem_efficient,512,14
430.93068848,35.776,13,mem_efficient,512,15
430.973493939,35.776,13,mem_efficient,512,15
431.016637459,78.747,13,mem_efficient,512,15
431.060702073,78.747,13,mem_efficient,512,15
431.11005891,68.695,13,mem_efficient,512,15
431.153162893,68.695,13,mem_efficient,512,15
431.196348615,64.19,13,mem_efficient,512,15
431.241305507,64.19,13,mem_efficient,512,15
431.292167113,64.19,13,mem_efficient,512,15
431.335315442,67.825,13,mem_efficient,512,15
431.380606148,67.825,13,mem_efficient,512,15
431.433063437,71.165,13,mem_efficient,512,15
431.477025122,71.165,13,mem_efficient,512,15
431.521941357,71.507,13,mem_efficient,512,15
431.565222982,71.507,13,mem_efficient,512,15
431.615136592,67.728,13,mem_efficient,512,15
431.658451762,67.728,13,mem_efficient,512,15
431.70170299,62.39,13,mem_efficient,512,15
431.769582098,62.39,13,mem_efficient,512,16
431.816504336,88.112,13,mem_efficient,512,16
431.862835184,88.112,13,mem_efficient,512,16
431.907600187,68.502,13,mem_efficient,512,16
431.95273913,68.502,13,mem_efficient,512,16
432.001227665,68.502,13,mem_efficient,512,16
432.044392706,72.324,13,mem_efficient,512,16
432.087615439,72.324,13,mem_efficient,512,16
432.130878519,66.222,13,mem_efficient,512,16
432.176135109,66.222,13,mem_efficient,512,16
432.222714767,66.415,13,mem_efficient,512,16
432.269572491,66.415,13,mem_efficient,512,16
432.316494118,69.619,13,mem_efficient,512,16
432.363596623,69.619,13,mem_efficient,512,16
432.407130915,69.619,13,mem_efficient,512,16
432.450408643,68.845,13,mem_efficient,512,16
432.493605987,68.845,13,mem_efficient,512,16
432.536902571,68.942,13,mem_efficient,512,16
432.612766484,68.942,13,mem_efficient,512,17
432.655662047,39.944,13,mem_efficient,512,17
432.699204745,39.944,13,mem_efficient,512,17
432.743261955,62.932,13,mem_efficient,512,17
432.792111616,62.932,13,mem_efficient,512,17
432.835317625,66.415,13,mem_efficient,512,17
432.879788793,66.415,13,mem_efficient,512,17
432.925160855,70.682,13,mem_efficient,512,17
432.97077357,70.682,13,mem_efficient,512,17
433.017399388,70.682,13,mem_efficient,512,17
433.064091322,64.48,13,mem_efficient,512,17
433.118366342,64.48,13,mem_efficient,512,17
433.161585478,67.728,13,mem_efficient,512,17
433.207255464,67.728,13,mem_efficient,512,17
433.250488005,68.985,13,mem_efficient,512,17
433.295044867,68.985,13,mem_efficient,512,17
433.33957092,69.135,13,mem_efficient,512,17
433.382879938,69.135,13,mem_efficient,512,17
433.450378108,33.846,13,mem_efficient,512,18
433.499479894,33.846,13,mem_efficient,512,18
433.545958287,67.341,13,mem_efficient,512,18
433.589370815,67.341,13,mem_efficient,512,18
433.632547268,64.036,13,mem_efficient,512,18
433.675630141,64.036,13,mem_efficient,512,18
433.726815881,64.036,13,mem_efficient,512,18
433.769995922,68.018,13,mem_efficient,512,18
433.815394685,68.018,13,mem_efficient,512,18
433.867154341,71.893,13,mem_efficient,512,18
433.910514555,71.893,13,mem_efficient,512,18
433.955400846,67.148,13,mem_efficient,512,18
434.00193636,67.148,13,mem_efficient,512,18
434.048092665,69.812,13,mem_efficient,512,18
434.09139151,69.812,13,mem_efficient,512,18
434.13455804,69.812,13,mem_efficient,512,18
434.177804994,68.652,13,mem_efficient,512,18
434.221082437,68.652,13,mem_efficient,512,18
434.294842846,61.325,13,mem_efficient,512,19
434.337652109,94.396,13,mem_efficient,512,19
434.381853781,94.396,13,mem_efficient,512,19
434.433930421,94.396,13,mem_efficient,512,19
434.477786439,68.598,13,mem_efficient,512,19
434.521108388,68.598,13,mem_efficient,512,19
434.564455816,66.706,13,mem_efficient,512,19
434.607741084,66.706,13,mem_efficient,512,19
434.657088291,68.598,13,mem_efficient,512,19
434.70034285,68.598,13,mem_efficient,512,19
434.74531748,68.211,13,mem_efficient,512,19
434.791532549,68.211,13,mem_efficient,512,19
434.837542151,68.211,13,mem_efficient,512,19
434.884086011,63.649,13,mem_efficient,512,19
434.927290715,63.649,13,mem_efficient,512,19
434.970611111,66.858,13,mem_efficient,512,19
435.013801647,66.858,13,mem_efficient,512,19
435.058524393,68.792,13,mem_efficient,512,19
436.644256167,62.971,11,eafa,1024,0
436.687889486,89.305,11,eafa,1024,0
436.732425241,89.305,11,eafa,1024,0
436.777432604,65.738,11,eafa,1024,0
436.825702628,65.738,11,eafa,1024,0
436.868777882,65.738,11,eafa,1024,0
436.911933451,63.222,11,eafa,1024,0
436.955171649,63.222,11,eafa,1024,0
436.998338399,67.728,11,eafa,1024,0
437.049574662,67.728,11,eafa,1024,0
437.095269939,70.488,11,eafa,1024,0
437.13853074,70.488,11,eafa,1024,0
437.181699034,71.507,11,eafa,1024,0
437.231587623,71.507,11,eafa,1024,0
437.275233816,71.507,11,eafa,1024,0
437.318441094,67.631,11,eafa,1024,0
437.361675024,67.631,11,eafa,1024,0
437.404851864,68.888,11,eafa,1024,0
437.451120214,68.888,11,eafa,1024,0
437.494264972,68.749,11,eafa,1024,0
437.682249937,42.062,11,eafa,1024,1
437.725057206,42.062,11,eafa,1024,1
437.769803056,42.062,11,eafa,1024,1
437.821110756,70.102,11,eafa,1024,1
438.050038102,70.102,11,eafa,1024,1
438.094717093,65.835,11,eafa,1024,1
438.145205086,65.835,11,eafa,1024,1
438.188379511,63.842,11,eafa,1024,1
438.232632091,63.842,11,eafa,1024,1
438.27594888,63.842,11,eafa,1024,1
438.322443767,69.082,11,eafa,1024,1
438.369125323,69.082,11,eafa,1024,1
438.412367989,68.405,11,eafa,1024,1
438.455589645,68.405,11,eafa,1024,1
438.498848823,68.792,11,eafa,1024,1
438.542859107,68.792,11,eafa,1024,1
438.616432617,35.114,11,eafa,1024,2
438.65929441,35.114,11,eafa,1024,2
438.710815111,71.648,11,eafa,1024,2
438.754388273,71.648,11,eafa,1024,2
438.798288074,64.286,11,eafa,1024,2
438.841412062,64.286,11,eafa,1024,2
438.884684266,64.286,11,eafa,1024,2
438.933750672,65.738,11,eafa,1024,2
438.97718665,65.738,11,eafa,1024,2
439.02309093,69.039,11,eafa,1024,2
439.06635613,69.039,11,eafa,1024,2
439.116435496,71.796,11,eafa,1024,2
439.159606294,71.796,11,eafa,1024,2
439.202766301,68.211,11,eafa,1024,2
439.246574346,68.211,11,eafa,1024,2
439.292348255,68.211,11,eafa,1024,2
439.339302606,69.372,11,eafa,1024,2
439.382540543,69.372,11,eafa,1024,2
439.425773661,68.405,11,eafa,1024,2
439.469058919,68.405,11,eafa,1024,2
439.540141463,43.69,11,eafa,1024,3
439.583038274,43.69,11,eafa,1024,3
439.627212684,72.279,11,eafa,1024,3
439.673180747,72.279,11,eafa,1024,3
439.717327624,69.469,11,eafa,1024,3
439.76520954,69.469,11,eafa,1024,3
439.80828254,69.469,11,eafa,1024,3
439.851447847,70.102,11,eafa,1024,3
439.894660436,70.102,11,eafa,1024,3
439.939864327,70.875,11,eafa,1024,3
439.991361703,70.875,11,eafa,1024,3
440.034551227,65.157,11,eafa,1024,3
440.077707768,65.157,11,eafa,1024,3
440.120920717,64.383,11,eafa,1024,3
440.170565897,64.383,11,eafa,1024,3
440.215740763,69.425,11,eafa,1024,3
440.26015774,69.425,11,eafa,1024,3
440.303416597,69.425,11,eafa,1024,3
440.347870826,68.888,11,eafa,1024,3
440.391410174,68.888,11,eafa,1024,3
440.465295763,59.618,11,eafa,1024,4
440.513111673,59.618,11,eafa,1024,4
440.559092991,86.876,11,eafa,1024,4
440.604847702,86.876,11,eafa,1024,4
440.650404704,65.641,11,eafa,1024,4
440.69807906,65.641,11,eafa,1024,4
440.741198961,64.674,11,eafa,1024,4
440.784454412,64.674,11,eafa,1024,4
440.827663894,68.792,11,eafa,1024,4
440.873754472,68.792,11,eafa,1024,4
440.922960698,68.792,11,eafa,1024,4
440.966126707,67.148,11,eafa,1024,4
441.009444428,67.148,11,eafa,1024,4
441.052595889,65.004,11,eafa,1024,4
441.095760715,65.004,11,eafa,1024,4
441.142196307,71.893,11,eafa,1024,4
441.185354652,71.893,11,eafa,1024,4
441.228694124,68.308,11,eafa,1024,4
441.272685281,68.308,11,eafa,1024,4
441.315876028,68.308,11,eafa,1024,4
441.387773912,63.706,11,eafa,1024,5
441.430873423,84.663,11,eafa,1024,5
441.475086017,84.663,11,eafa,1024,5
441.529212603,63.552,11,eafa,1024,5
441.578021123,63.552,11,eafa,1024,5
441.621274019,63.552,11,eafa,1024,5
441.671309381,68.405,11,eafa,1024,5
441.714647621,68.405,11,eafa,1024,5
441.757892141,65.891,11,eafa,1024,5
441.801108277,65.891,11,eafa,1024,5
441.854461354,64.19,11,eafa,1024,5
441.903650126,64.19,11,eafa,1024,5
441.946960724,66.084,11,eafa,1024,5
441.996975519,66.084,11,eafa,1024,5
442.040106803,66.084,11,eafa,1024,5
442.083274226,70.637,11,eafa,1024,5
442.126551571,70.637,11,eafa,1024,5
442.169791755,67.728,11,eafa,1024,5
442.212983625,67.728,11,eafa,1024,5
442.256203509,65.351,11,eafa,1024,5
442.331514027,65.351,11,eafa,1024,6
442.380791842,72.717,11,eafa,1024,6
442.428401734,72.717,11,eafa,1024,6
442.471687675,67.093,11,eafa,1024,6
442.515218939,67.093,11,eafa,1024,6
442.565638474,72.183,11,eafa,1024,6
442.608952239,72.183,11,eafa,1024,6
442.652187072,67.341,11,eafa,1024,6
442.695256056,67.341,11,eafa,1024,6
442.741614557,67.341,11,eafa,1024,6
442.79082917,63.842,11,eafa,1024,6
442.833976855,63.842,11,eafa,1024,6
442.877170569,66.858,11,eafa,1024,6
442.920292735,66.858,11,eafa,1024,6
442.963570912,66.802,11,eafa,1024,6
443.010767427,66.802,11,eafa,1024,6
443.054231492,66.802,11,eafa,1024,6
443.097455364,68.211,11,eafa,1024,6
443.140673044,68.211,11,eafa,1024,6
443.183865756,68.792,11,eafa,1024,6
443.263540553,37.14,11,eafa,1024,7
443.306324666,37.14,11,eafa,1024,7
443.357487323,37.14,11,eafa,1024,7
443.400745,65.932,11,eafa,1024,7
443.449856304,65.932,11,eafa,1024,7
443.498876984,64.77,11,eafa,1024,7
443.542131194,64.77,11,eafa,1024,7
443.585648251,68.115,11,eafa,1024,7
443.629154497,68.115,11,eafa,1024,7
443.672350155,66.319,11,eafa,1024,7
443.723442786,66.319,11,eafa,1024,7
443.766642732,62.777,11,eafa,1024,7
443.810129901,62.777,11,eafa,1024,7
443.853499894,62.777,11,eafa,1024,7
443.896687687,67.631,11,eafa,1024,7
443.945515926,67.631,11,eafa,1024,7
443.988723887,67.825,11,eafa,1024,7
444.031947559,67.825,11,eafa,1024,7
444.075179506,68.502,11,eafa,1024,7
444.118291403,68.502,11,eafa,1024,7
444.19532495,34.334,11,eafa,1024,8
444.238144222,34.334,11,eafa,1024,8
444.281966818,73.245,11,eafa,1024,8
444.332621285,73.245,11,eafa,1024,8
444.376083767,64.577,11,eafa,1024,8
444.41918355,64.577,11,eafa,1024,8
444.462469652,64.577,11,eafa,1024,8
444.506341292,69.082,11,eafa,1024,8
444.555236119,69.082,11,eafa,1024,8
444.602038946,69.715,11,eafa,1024,8
444.645164088,69.715,11,eafa,1024,8
444.688407057,71.41,11,eafa,1024,8
444.736981797,71.41,11,eafa,1024,8
444.780163317,65.351,11,eafa,1024,8
444.824377397,65.351,11,eafa,1024,8
444.871121762,65.351,11,eafa,1024,8
444.919953687,69.425,11,eafa,1024,8
444.963196195,69.425,11,eafa,1024,8
445.00644227,68.211,11,eafa,1024,8
445.049640793,68.211,11,eafa,1024,8
445.128914472,43.859,11,eafa,1024,9
445.171738894,43.859,11,eafa,1024,9
445.214858966,86.34,11,eafa,1024,9
445.266242578,86.34,11,eafa,1024,9
445.309619885,70.005,11,eafa,1024,9
445.352826654,70.005,11,eafa,1024,9
445.396152934,65.544,11,eafa,1024,9
445.439196619,65.544,11,eafa,1024,9
445.488187661,65.544,11,eafa,1024,9
445.534448414,64.036,11,eafa,1024,9
445.577808779,64.036,11,eafa,1024,9
445.620979799,68.018,11,eafa,1024,9
445.671440743,68.018,11,eafa,1024,9
445.714588839,65.254,11,eafa,1024,9
445.757715735,65.254,11,eafa,1024,9
445.802486617,71.745,11,eafa,1024,9
445.851513078,71.745,11,eafa,1024,9
445.894713895,68.211,11,eafa,1024,9
445.939427868,68.211,11,eafa,1024,9
445.982685064,68.211,11,eafa,1024,9
446.062205237,62.583,11,eafa,1024,10
446.105089684,97.25,11,eafa,1024,10
446.148311873,97.25,11,eafa,1024,10
446.199346563,97.25,11,eafa,1024,10
446.242548954,68.695,11,eafa,1024,10
446.287645103,68.695,11,eafa,1024,10
446.330990339,65.641,11,eafa,1024,10
446.379777378,65.641,11,eafa,1024,10
446.422885818,63.512,11,eafa,1024,10
446.469153534,63.512,11,eafa,1024,10
446.512357758,67.825,11,eafa,1024,10
446.555527245,67.825,11,eafa,1024,10
446.603629926,67.825,11,eafa,1024,10
446.646819302,68.749,11,eafa,1024,10
446.690551533,68.749,11,eafa,1024,10
446.73537156,70.585,11,eafa,1024,10
446.785509572,70.585,11,eafa,1024,10
446.828846873,67.728,11,eafa,1024,10
446.872129218,67.728,11,eafa,1024,10
446.915394449,69.082,11,eafa,1024,10
446.987598347,69.082,11,eafa,1024,11
447.030566998,96.832,11,eafa,1024,11
447.07463206,75.466,11,eafa,1024,11
447.166364746,75.466,11,eafa,1024,11
447.2139031,75.466,11,eafa,1024,11
447.257174193,63.939,11,eafa,1024,11
447.302610598,63.939,11,eafa,1024,11
447.345752221,65.351,11,eafa,1024,11
447.395692202,65.351,11,eafa,1024,11
447.440653741,70.532,11,eafa,1024,11
447.483807158,70.532,11,eafa,1024,11
447.527302062,70.005,11,eafa,1024,11
447.570376245,70.005,11,eafa,1024,11
447.615911821,70.005,11,eafa,1024,11
447.659124642,69.082,11,eafa,1024,11
447.702309298,69.082,11,eafa,1024,11
447.745530926,67.728,11,eafa,1024,11
447.788738717,67.728,11,eafa,1024,11
447.831883206,69.082,11,eafa,1024,11
447.910922587,69.082,11,eafa,1024,12
447.953838586,66.471,11,eafa,1024,12
448.004330791,66.471,11,eafa,1024,12
448.048694068,66.415,11,eafa,1024,12
448.092616546,66.415,11,eafa,1024,12
448.135883461,69.565,11,eafa,1024,12
448.179118163,69.565,11,eafa,1024,12
448.227454825,69.565,11,eafa,1024,12
448.270646916,69.908,11,eafa,1024,12
448.317360802,69.908,11,eafa,1024,12
448.360520059,64.964,11,eafa,1024,12
448.410477363,64.964,11,eafa,1024,12
448.453690194,65.738,11,eafa,1024,12
448.496813933,65.738,11,eafa,1024,12
448.540014721,66.664,11,eafa,1024,12
448.584957384,66.664,11,eafa,1024,12
448.634289624,66.664,11,eafa,1024,12
448.677623187,68.018,11,eafa,1024,12
448.720818464,68.018,11,eafa,1024,12
448.764014933,68.888,11,eafa,1024,12
448.83521885,68.888,11,eafa,1024,13
448.878054023,38.093,11,eafa,1024,13
448.923098012,38.093,11,eafa,1024,13
448.969383872,66.471,11,eafa,1024,13
449.021608094,66.471,11,eafa,1024,13
449.064748976,68.072,11,eafa,1024,13
449.107942609,68.072,11,eafa,1024,13
449.151093461,63.745,11,eafa,1024,13
449.194231327,63.745,11,eafa,1024,13
449.241110221,63.745,11,eafa,1024,13
449.284201718,66.415,11,eafa,1024,13
449.327922687,66.415,11,eafa,1024,13
449.37108968,65.544,11,eafa,1024,13
449.414285778,65.544,11,eafa,1024,13
449.46495836,64.577,11,eafa,1024,13
449.51126971,64.577,11,eafa,1024,13
449.554651807,67.535,11,eafa,1024,13
449.597899696,67.535,11,eafa,1024,13
449.644573664,67.535,11,eafa,1024,13
449.68847966,68.459,11,eafa,1024,13
449.761078298,36.263,11,eafa,1024,14
449.808207043,36.263,11,eafa,1024,14
449.854377963,63.842,11,eafa,1024,14
449.898537297,63.842,11,eafa,1024,14
449.941761605,63.842,11,eafa,1024,14
449.984967935,66.664,11,eafa,1024,14
450.033849626,66.664,11,eafa,1024,14
450.077388115,63.899,11,eafa,1024,14
450.120579355,63.899,11,eafa,1024,14
450.165099335,66.222,11,eafa,1024,14
450.208212575,66.222,11,eafa,1024,14
450.2564003,66.222,11,eafa,1024,14
450.29970612,69.469,11,eafa,1024,14
450.345017905,69.469,11,eafa,1024,14
450.389707251,69.619,11,eafa,1024,14
450.441208088,69.619,11,eafa,1024,14
450.484455877,68.598,11,eafa,1024,14
450.527739355,68.598,11,eafa,1024,14
450.571049975,69.082,11,eafa,1024,14
450.616337834,69.082,11,eafa,1024,14
450.688692161,37.238,11,eafa,1024,15
450.731498139,37.238,11,eafa,1024,15
450.774514473,72.086,11,eafa,1024,15
450.825272318,72.086,11,eafa,1024,15
450.869464146,64.867,11,eafa,1024,15
450.912616591,64.867,11,eafa,1024,15
450.956106016,64.867,11,eafa,1024,15
450.999212021,69.329,11,eafa,1024,15
451.047595273,69.329,11,eafa,1024,15
451.092607631,69.522,11,eafa,1024,15
451.135789223,69.522,11,eafa,1024,15
451.178946477,69.329,11,eafa,1024,15
451.221974022,69.329,11,eafa,1024,15
451.271504804,64.867,11,eafa,1024,15
451.316158191,64.867,11,eafa,1024,15
451.360632162,64.867,11,eafa,1024,15
451.403821078,68.888,11,eafa,1024,15
451.453159579,68.888,11,eafa,1024,15
451.496431004,68.362,11,eafa,1024,15
451.539669154,68.362,11,eafa,1024,15
451.611676553,48.884,11,eafa,1024,16
451.65562904,48.884,11,eafa,1024,16
451.70131247,72.859,11,eafa,1024,16
451.747920031,72.859,11,eafa,1024,16
451.797007159,68.459,11,eafa,1024,16
451.840196716,68.459,11,eafa,1024,16
451.883355924,71.507,11,eafa,1024,16
451.926363801,71.507,11,eafa,1024,16
451.969568677,71.507,11,eafa,1024,16
452.018276063,67.921,11,eafa,1024,16
452.061985271,67.921,11,eafa,1024,16
452.10555496,64.714,11,eafa,1024,16
452.148809783,64.714,11,eafa,1024,16
452.19223851,67.341,11,eafa,1024,16
452.24316973,67.341,11,eafa,1024,16
452.290540822,70.682,11,eafa,1024,16
452.333711082,70.682,11,eafa,1024,16
452.376996844,70.682,11,eafa,1024,16
452.42235581,68.308,11,eafa,1024,16
452.466085006,68.308,11,eafa,1024,16
452.538743584,61.809,11,eafa,1024,17
452.58616829,88.977,11,eafa,1024,17
452.633471391,88.977,11,eafa,1024,17
452.6780171,88.977,11,eafa,1024,17
452.722228496,62.874,11,eafa,1024,17
452.770591899,62.874,11,eafa,1024,17
452.813771416,67.341,11,eafa,1024,17
452.856908111,67.341,11,eafa,1024,17
452.900105624,66.084,11,eafa,1024,17
452.94541286,66.084,11,eafa,1024,17
452.993619972,64.48,11,eafa,1024,17
453.038418087,64.48,11,eafa,1024,17
453.081650817,64.48,11,eafa,1024,17
453.124854261,67.921,11,eafa,1024,17
453.176108533,67.921,11,eafa,1024,17
453.221256823,70.682,11,eafa,1024,17
453.26447747,70.682,11,eafa,1024,17
453.307776016,67.976,11,eafa,1024,17
453.355076603,67.976,11,eafa,1024,17
453.398349179,66.028,11,eafa,1024,17
453.471191987,66.028,11,eafa,1024,18
453.519990148,102.97,11,eafa,1024,18
453.564605291,102.97,11,eafa,1024,18
453.610186345,63.745,11,eafa,1024,18
453.653363458,63.745,11,eafa,1024,18
453.704092548,68.405,11,eafa,1024,18
453.747946135,68.405,11,eafa,1024,18
453.791102688,68.405,11,eafa,1024,18
453.834285055,69.715,11,eafa,1024,18
453.883743799,69.715,11,eafa,1024,18
453.928227258,70.295,11,eafa,1024,18
453.971479085,70.295,11,eafa,1024,18
454.014694141,66.028,11,eafa,1024,18
454.058090827,66.028,11,eafa,1024,18
454.108720475,64.77,11,eafa,1024,18
454.154543896,64.77,11,eafa,1024,18
454.197759002,64.77,11,eafa,1024,18
454.24101151,67.631,11,eafa,1024,18
454.287774972,67.631,11,eafa,1024,18
454.331044612,68.598,11,eafa,1024,18
454.403094418,68.598,11,eafa,1024,19
454.451273988,57.328,11,eafa,1024,19
454.497269259,57.328,11,eafa,1024,19
454.542602195,66.802,11,eafa,1024,19
454.585938484,66.802,11,eafa,1024,19
454.635749807,68.308,11,eafa,1024,19
454.678920297,68.308,11,eafa,1024,19
454.722090577,63.899,11,eafa,1024,19
454.765166184,63.899,11,eafa,1024,19
454.810328662,63.899,11,eafa,1024,19
454.859006611,65.738,11,eafa,1024,19
454.902545651,65.738,11,eafa,1024,19
454.945921156,64.964,11,eafa,1024,19
454.989100763,64.964,11,eafa,1024,19
455.040968708,63.745,11,eafa,1024,19
455.086666657,63.745,11,eafa,1024,19
455.129884007,68.308,11,eafa,1024,19
455.173053034,68.308,11,eafa,1024,19
455.220217187,68.308,11,eafa,1024,19
455.263537166,68.405,11,eafa,1024,19
456.864422124,64.577,11,math,1024,0
456.907976484,64.577,11,math,1024,0
456.951436542,65.697,11,math,1024,0
456.999498855,65.697,11,math,1024,0
457.047625442,65.214,11,math,1024,0
457.091934505,65.214,11,math,1024,0
457.135182395,65.214,11,math,1024,0
457.178387341,64.44,11,math,1024,0
457.222052144,64.44,11,math,1024,0
457.269490285,68.362,11,math,1024,0
457.312793681,68.362,11,math,1024,0
457.356021631,70.005,11,math,1024,0
457.399264952,70.005,11,math,1024,0
457.442504906,70.005,11,math,1024,0
457.494048685,70.295,11,math,1024,0
457.540571113,70.295,11,math,1024,0
457.583882253,69.908,11,math,1024,0
457.627623713,69.908,11,math,1024,0
457.676888673,68.405,11,math,1024,0
457.720099652,68.405,11,math,1024,0
457.909292337,42.548,11,math,1024,1
457.955951311,42.548,11,math,1024,1
458.003082371,92.246,11,math,1024,1
458.04754478,92.246,11,math,1024,1
458.092015926,66.181,11,math,1024,1
458.205253844,64.133,11,math,1024,1
458.248939247,64.133,11,math,1024,1
458.292403293,65.061,11,math,1024,1
458.33555123,65.061,11,math,1024,1
458.379212456,63.416,11,math,1024,1
458.429582855,63.416,11,math,1024,1
458.472683822,69.275,11,math,1024,1
458.515857419,69.275,11,math,1024,1
458.55902815,69.275,11,math,1024,1
458.602391993,68.888,11,math,1024,1
458.64587162,68.888,11,math,1024,1
458.689131623,68.018,11,math,1024,1
458.732407497,68.018,11,math,1024,1
458.775682188,66.802,11,math,1024,1
458.847858597,66.802,11,math,1024,2
458.892694275,106.405,11,math,1024,2
458.938733382,106.405,11,math,1024,2
458.985189771,63.842,11,math,1024,2
459.036730705,63.842,11,math,1024,2
459.079885265,68.985,11,math,1024,2
459.122962045,68.985,11,math,1024,2
459.166081708,68.985,11,math,1024,2
459.209248131,68.888,11,math,1024,2
459.256276773,68.888,11,math,1024,2
459.299602894,69.232,11,math,1024,2
459.342833651,69.232,11,math,1024,2
459.386205049,64.77,11,math,1024,2
459.42932373,64.77,11,math,1024,2
459.480963724,65.738,11,math,1024,2
459.527870261,65.738,11,math,1024,2
459.571152176,65.738,11,math,1024,2
459.614536409,68.115,11,math,1024,2
459.667584234,68.115,11,math,1024,2
459.710781948,68.598,11,math,1024,2
459.782925504,38.115,11,math,1024,3
459.826957935,38.115,11,math,1024,3
459.874859799,38.115,11,math,1024,3
459.918813668,66.802,11,math,1024,3
459.96968427,66.802,11,math,1024,3
460.012865181,64.77,11,math,1024,3
460.056058897,64.77,11,math,1024,3
460.099311115,66.222,11,math,1024,3
460.142413965,66.222,11,math,1024,3
460.190707935,66.954,11,math,1024,3
460.234584876,66.954,11,math,1024,3
460.278168393,66.954,11,math,1024,3
460.321506015,64.827,11,math,1024,3
460.364658842,64.827,11,math,1024,3
460.414565818,67.148,11,math,1024,3
460.46136051,67.148,11,math,1024,3
460.504659979,68.115,11,math,1024,3
460.54784637,68.115,11,math,1024,3
460.594117724,68.115,11,math,1024,3
460.637390321,68.502,11,math,1024,3
460.708562086,35.971,11,math,1024,4
460.757570291,35.971,11,math,1024,4
460.803707456,64.77,11,math,1024,4
460.848454954,64.77,11,math,1024,4
460.89169069,64.77,11,math,1024,4
460.942162825,65.932,11,math,1024,4
460.985496029,65.932,11,math,1024,4
461.028630481,65.254,11,math,1024,4
461.071806051,65.254,11,math,1024,4
461.118387883,68.598,11,math,1024,4
461.165082792,68.598,11,math,1024,4
461.208310794,70.242,11,math,1024,4
461.25172277,70.242,11,math,1024,4
461.295268694,70.242,11,math,1024,4
461.34007761,69.425,11,math,1024,4
461.389940291,69.425,11,math,1024,4
461.433144377,69.135,11,math,1024,4
461.476405081,69.135,11,math,1024,4
461.519681075,68.502,11,math,1024,4
461.564969075,68.502,11,math,1024,4
461.63527956,43.132,11,math,1024,5
461.678267259,43.132,11,math,1024,5
461.722109864,72.086,11,math,1024,5
461.773604178,72.086,11,math,1024,5
461.816839623,66.374,11,math,1024,5
461.860040733,66.374,11,math,1024,5
461.903439644,66.374,11,math,1024,5
461.946642708,69.135,11,math,1024,5
461.996011317,69.135,11,math,1024,5
462.041736318,69.908,11,math,1024,5
462.084941976,69.908,11,math,1024,5
462.128123789,68.942,11,math,1024,5
462.171183477,68.942,11,math,1024,5
462.220015843,64.867,11,math,1024,5
462.264426041,64.867,11,math,1024,5
462.307673961,64.867,11,math,1024,5
462.350913616,69.812,11,math,1024,5
462.394199418,69.812,11,math,1024,5
462.441972935,68.598,11,math,1024,5
462.485178353,68.598,11,math,1024,5
462.556783197,54.938,11,math,1024,6
462.603010606,54.938,11,math,1024,6
462.649743989,72.762,11,math,1024,6
462.694299398,72.762,11,math,1024,6
462.738307202,68.115,11,math,1024,6
462.788188759,68.115,11,math,1024,6
462.831351244,69.039,11,math,1024,6
462.874495444,69.039,11,math,1024,6
462.917812007,69.039,11,math,1024,6
462.963044519,67.341,11,math,1024,6
463.011390769,67.341,11,math,1024,6
463.054871948,64.964,11,math,1024,6
463.09826592,64.964,11,math,1024,6
463.142191425,67.631,11,math,1024,6
463.19396186,67.631,11,math,1024,6
463.239226805,70.102,11,math,1024,6
463.282385373,70.102,11,math,1024,6
463.325669182,70.102,11,math,1024,6
463.372772237,68.115,11,math,1024,6
463.415965812,68.115,11,math,1024,6
463.488900607,62.196,11,math,1024,7
463.536331434,91.322,11,math,1024,7
463.584252564,91.322,11,math,1024,7
463.628698412,91.322,11,math,1024,7
463.672043038,63.512,11,math,1024,7
463.723807552,63.512,11,math,1024,7
463.766978684,67.244,11,math,1024,7
463.81017228,67.244,11,math,1024,7
463.853362228,64.964,11,math,1024,7
463.900703031,64.964,11,math,1024,7
463.944424994,64.674,11,math,1024,7
463.987929639,64.674,11,math,1024,7
464.031111201,64.674,11,math,1024,7
464.074408526,70.005,11,math,1024,7
464.126982349,70.005,11,math,1024,7
464.172457178,69.469,11,math,1024,7
464.215660662,69.469,11,math,1024,7
464.258905346,68.018,11,math,1024,7
464.304388251,68.018,11,math,1024,7
464.347575524,68.695,11,math,1024,7
464.419304932,68.695,11,math,1024,8
464.467921733,106.378,11,math,1024,8
464.515661926,106.378,11,math,1024,8
464.56118619,63.649,11,math,1024,8
464.6105294,63.649,11,math,1024,8
464.653601211,68.169,11,math,1024,8
464.696710374,68.169,11,math,1024,8
464.73983704,68.169,11,math,1024,8
464.783035104,70.198,11,math,1024,8
464.832737206,70.198,11,math,1024,8
464.876777362,69.082,11,math,1024,8
464.919988351,69.082,11,math,1024,8
464.963179852,65.738,11,math,1024,8
465.006596627,65.738,11,math,1024,8
465.051128069,65.738,11,math,1024,8
465.09467762,66.512,11,math,1024,8
465.141911848,66.512,11,math,1024,8
465.185162443,67.728,11,math,1024,8
465.228410133,67.728,11,math,1024,8
465.271774918,68.695,11,math,1024,8
465.341556124,68.695,11,math,1024,9
465.384396118,80.24,11,math,1024,9
465.428829812,80.24,11,math,1024,9
465.475385914,66.415,11,math,1024,9
465.52530345,66.415,11,math,1024,9
465.568982,68.695,11,math,1024,9
465.612242634,68.695,11,math,1024,9
465.655435739,68.695,11,math,1024,9
465.69885046,69.908,11,math,1024,9
465.750934078,69.908,11,math,1024,9
465.794082326,65.641,11,math,1024,9
465.837252597,65.641,11,math,1024,9
465.880367872,64.577,11,math,1024,9
465.927272545,64.577,11,math,1024,9
465.971097981,66.415,11,math,1024,9
466.017292172,66.415,11,math,1024,9
466.060507564,66.415,11,math,1024,9
466.103705613,67.825,11,math,1024,9
466.150900461,67.825,11,math,1024,9
466.194013046,68.598,11,math,1024,9
466.265283424,68.598,11,math,1024,10
466.313706057,50.796,11,math,1024,10
466.360649751,50.796,11,math,1024,10
466.406451226,66.319,11,math,1024,10
466.451091222,66.319,11,math,1024,10
466.498816041,67.438,11,math,1024,10
466.54197242,67.438,11,math,1024,10
466.585235134,65.254,11,math,1024,10
466.628382435,65.254,11,math,1024,10
466.673090473,65.254,11,math,1024,10
466.722185882,67.438,11,math,1024,10
466.765359063,67.438,11,math,1024,10
466.808673817,65.101,11,math,1024,10
466.851789848,65.101,11,math,1024,10
466.89713344,65.738,11,math,1024,10
466.946977872,65.738,11,math,1024,10
466.990209095,67.825,11,math,1024,10
467.0335454,67.825,11,math,1024,10
467.076804738,67.825,11,math,1024,10
467.126714195,68.362,11,math,1024,10
467.198942277,35.776,11,math,1024,11
467.247746114,35.776,11,math,1024,11
467.293702416,65.504,11,math,1024,11
467.340018321,65.504,11,math,1024,11
467.384549238,65.504,11,math,1024,11
467.433051724,66.181,11,math,1024,11
467.47624816,66.181,11,math,1024,11
467.519398037,63.842,11,math,1024,11
467.56266559,63.842,11,math,1024,11
467.607483108,70.532,11,math,1024,11
467.656319338,70.532,11,math,1024,11
467.699490295,69.425,11,math,1024,11
467.742604623,69.425,11,math,1024,11
467.785808063,69.425,11,math,1024,11
467.837702443,68.749,11,math,1024,11
467.883965486,68.749,11,math,1024,11
467.927204925,69.275,11,math,1024,11
467.970520721,69.275,11,math,1024,11
468.01729018,68.211,11,math,1024,11
468.06222785,68.211,11,math,1024,11
468.134091435,46.775,11,math,1024,12
468.184789742,46.775,11,math,1024,12
468.228078575,77.108,11,math,1024,12
468.27417596,77.108,11,math,1024,12
468.318028158,68.169,11,math,1024,12
468.365937313,68.169,11,math,1024,12
468.409081869,69.232,11,math,1024,12
468.452216386,69.232,11,math,1024,12
468.496519543,69.232,11,math,1024,12
468.539723424,64.48,11,math,1024,12
468.590662424,64.48,11,math,1024,12
468.6338903,67.577,11,math,1024,12
468.677082268,67.577,11,math,1024,12
468.720289074,65.351,11,math,1024,12
468.771731804,65.351,11,math,1024,12
468.816514967,72.472,11,math,1024,12
468.859710952,72.472,11,math,1024,12
468.903365991,72.472,11,math,1024,12
468.946593918,67.535,11,math,1024,12
468.993008393,67.535,11,math,1024,12
469.063118587,63.261,11,math,1024,13
469.106025606,63.261,11,math,1024,13
469.149445673,93.147,11,math,1024,13
469.202241459,93.147,11,math,1024,13
469.246486214,66.222,11,math,1024,13
469.289668153,66.222,11,math,1024,13
469.333043553,66.415,11,math,1024,13
469.380786918,66.415,11,math,1024,13
469.423890846,66.954,11,math,1024,13
469.470303537,66.954,11,math,1024,13
469.513437913,66.954,11,math,1024,13
469.556597809,64.77,11,math,1024,13
469.606987411,64.77,11,math,1024,13
469.65021654,63.996,11,math,1024,13
469.693393689,63.996,11,math,1024,13
469.73824368,73.921,11,math,1024,13
469.788015131,73.921,11,math,1024,13
469.831178885,68.018,11,math,1024,13
469.874298713,68.018,11,math,1024,13
469.917567128,68.018,11,math,1024,13
469.988451207,64.577,11,math,1024,14
470.031392411,90.746,11,math,1024,14
470.079397559,90.746,11,math,1024,14
470.124751281,90.746,11,math,1024,14
470.175359033,62.874,11,math,1024,14
470.219332175,62.874,11,math,1024,14
470.262530896,65.794,11,math,1024,14
470.30565866,65.794,11,math,1024,14
470.348849455,62.002,11,math,1024,14
470.395789031,62.002,11,math,1024,14
470.438899231,68.459,11,math,1024,14
470.482288719,68.459,11,math,1024,14
470.525526925,68.459,11,math,1024,14
470.568809227,70.585,11,math,1024,14
470.621479622,70.585,11,math,1024,14
470.668587042,68.942,11,math,1024,14
470.711817974,68.942,11,math,1024,14
470.761428565,68.115,11,math,1024,14
470.804728711,68.115,11,math,1024,14
470.847985223,68.749,11,math,1024,14
470.920080239,68.749,11,math,1024,15
470.96362192,101.628,11,math,1024,15
471.00778624,101.628,11,math,1024,15
471.054886025,62.428,11,math,1024,15
471.099253838,62.428,11,math,1024,15
471.146895827,70.585,11,math,1024,15
471.190857587,70.585,11,math,1024,15
471.234076396,70.585,11,math,1024,15
471.277408233,69.425,11,math,1024,15
471.320572818,69.425,11,math,1024,15
471.370301286,68.308,11,math,1024,15
471.413435873,68.308,11,math,1024,15
471.456597011,64.48,11,math,1024,15
471.499782947,64.48,11,math,1024,15
471.546787518,64.48,11,math,1024,15
471.595884771,64.48,11,math,1024,15
471.639096216,64.48,11,math,1024,15
471.682270369,68.308,11,math,1024,15
471.725535658,68.308,11,math,1024,15
471.771105646,68.845,11,math,1024,15
471.841314955,68.845,11,math,1024,16
471.884218277,60.066,11,math,1024,16
471.927899867,60.066,11,math,1024,16
471.979599352,68.459,11,math,1024,16
472.022845123,68.459,11,math,1024,16
472.065999588,69.812,11,math,1024,16
472.109171176,69.812,11,math,1024,16
472.152644426,69.812,11,math,1024,16
472.202744941,69.039,11,math,1024,16
472.248835151,69.039,11,math,1024,16
472.29203296,66.374,11,math,1024,16
472.335171324,66.374,11,math,1024,16
472.385176235,66.084,11,math,1024,16
472.428650676,66.084,11,math,1024,16
472.473269292,64.497,11,math,1024,16
472.516566582,64.497,11,math,1024,16
472.559725887,64.497,11,math,1024,16
472.605558881,68.266,11,math,1024,16
472.64885008,68.266,11,math,1024,16
472.692054381,68.845,11,math,1024,16
472.763392585,37.508,11,math,1024,17
472.812141686,37.508,11,math,1024,17
472.860629956,37.508,11,math,1024,17
472.912285767,67.051,11,math,1024,17
472.960718028,67.051,11,math,1024,17
473.003930285,65.214,11,math,1024,17
473.047384547,65.214,11,math,1024,17
473.094921775,67.921,11,math,1024,17
473.138457414,67.921,11,math,1024,17
473.181677115,63.899,11,math,1024,17
473.224829597,63.899,11,math,1024,17
473.267981367,63.899,11,math,1024,17
473.318028819,65.697,11,math,1024,17
473.361190819,65.697,11,math,1024,17
473.40431699,71.12,11,math,1024,17
473.451210397,71.12,11,math,1024,17
473.500581577,67.921,11,math,1024,17
473.543866584,67.921,11,math,1024,17
473.587353479,68.405,11,math,1024,17
473.630505901,68.405,11,math,1024,17
473.702916886,35.776,11,math,1024,18
473.745758028,35.776,11,math,1024,18
473.789111987,67.535,11,math,1024,18
473.836153049,67.535,11,math,1024,18
473.888761345,63.416,11,math,1024,18
473.932176582,63.416,11,math,1024,18
473.975657692,63.416,11,math,1024,18
474.018776398,69.232,11,math,1024,18
474.061933168,69.232,11,math,1024,18
474.112342551,68.792,11,math,1024,18
474.155527415,68.792,11,math,1024,18
474.198679796,68.308,11,math,1024,18
474.241814894,68.308,11,math,1024,18
474.285051177,68.308,11,math,1024,18
474.332252047,63.956,11,math,1024,18
474.375548065,63.956,11,math,1024,18
474.418744381,70.102,11,math,1024,18
474.462014559,70.102,11,math,1024,18
474.505237296,68.308,11,math,1024,18
474.548341294,68.308,11,math,1024,18
474.623830208,54.55,11,math,1024,19
474.666706328,54.55,11,math,1024,19
474.710011703,71.165,11,math,1024,19
474.760154203,71.165,11,math,1024,19
474.805817555,70.146,11,math,1024,19
474.849131768,70.146,11,math,1024,19
474.892378922,70.146,11,math,1024,19
474.935555079,69.178,11,math,1024,19
474.985616513,69.178,11,math,1024,19
475.030215447,68.266,11,math,1024,19
475.073390021,68.266,11,math,1024,19
475.116634389,65.544,11,math,1024,19
475.159759007,65.544,11,math,1024,19
475.207700122,66.125,11,math,1024,19
475.253875829,66.125,11,math,1024,19
475.297090691,66.125,11,math,1024,19
475.340254945,71.41,11,math,1024,19
475.389887704,71.41,11,math,1024,19
475.433130078,68.211,11,math,1024,19
475.476390467,68.211,11,math,1024,19
477.079428625,67.051,11,mem_efficient,1024,0
477.123044718,67.051,11,mem_efficient,1024,0
477.166714916,75.129,11,mem_efficient,1024,0
477.212771424,75.129,11,mem_efficient,1024,0
477.262176886,68.502,11,mem_efficient,1024,0
477.305525114,68.502,11,mem_efficient,1024,0
477.348729366,65.214,11,mem_efficient,1024,0
477.391961991,65.214,11,mem_efficient,1024,0
477.435502309,65.214,11,mem_efficient,1024,0
477.480888458,66.858,11,mem_efficient,1024,0
477.52475323,66.858,11,mem_efficient,1024,0
477.567923044,65.794,11,mem_efficient,1024,0
477.611182371,65.794,11,mem_efficient,1024,0
477.65445792,64.714,11,mem_efficient,1024,0
477.699229346,64.714,11,mem_efficient,1024,0
477.746940208,74.261,11,mem_efficient,1024,0
477.791752552,74.261,11,mem_efficient,1024,0
477.835061154,74.261,11,mem_efficient,1024,0
477.878321373,67.782,11,mem_efficient,1024,0
477.921866751,67.782,11,mem_efficient,1024,0
477.965105037,63.996,11,mem_efficient,1024,0
478.152026918,43.522,11,mem_efficient,1024,1
478.19482633,43.522,11,mem_efficient,1024,1
478.238234273,43.522,11,mem_efficient,1024,1
478.284949549,64.964,11,mem_efficient,1024,1
478.335744133,66.125,11,mem_efficient,1024,1
478.446427648,66.125,11,mem_efficient,1024,1
478.490015067,66.664,11,mem_efficient,1024,1
478.538156356,66.664,11,mem_efficient,1024,1
478.581474977,63.745,11,mem_efficient,1024,1
478.624618402,63.745,11,mem_efficient,1024,1
478.667834916,69.619,11,mem_efficient,1024,1
478.711085747,69.619,11,mem_efficient,1024,1
478.760835601,69.329,11,mem_efficient,1024,1
478.804073888,69.329,11,mem_efficient,1024,1
478.84734124,69.329,11,mem_efficient,1024,1
478.890563737,68.308,11,mem_efficient,1024,1
478.934324609,68.308,11,mem_efficient,1024,1
478.980278981,68.362,11,mem_efficient,1024,1
479.024086422,68.362,11,mem_efficient,1024,1
479.096502094,38.018,11,mem_efficient,1024,2
479.144761831,38.018,11,mem_efficient,1024,2
479.191779178,72.808,11,mem_efficient,1024,2
479.236413481,72.808,11,mem_efficient,1024,2
479.280390238,68.502,11,mem_efficient,1024,2
479.330024329,68.502,11,mem_efficient,1024,2
479.373217399,67.438,11,mem_efficient,1024,2
479.41665055,67.438,11,mem_efficient,1024,2
479.460183895,67.438,11,mem_efficient,1024,2
479.503321347,64.81,11,mem_efficient,1024,2
479.553809993,64.81,11,mem_efficient,1024,2
479.597022781,66.664,11,mem_efficient,1024,2
479.640165123,66.664,11,mem_efficient,1024,2
479.68342982,63.86,11,mem_efficient,1024,2
479.728173833,63.86,11,mem_efficient,1024,2
479.776997065,74.018,11,mem_efficient,1024,2
479.821774583,74.018,11,mem_efficient,1024,2
479.865058698,74.018,11,mem_efficient,1024,2
479.908292315,67.535,11,mem_efficient,1024,2
479.951494903,67.535,11,mem_efficient,1024,2
479.996840715,63.745,11,mem_efficient,1024,2
480.068138751,63.745,11,mem_efficient,1024,3
480.111037364,77.204,11,mem_efficient,1024,3
480.163672519,77.204,11,mem_efficient,1024,3
480.208012336,66.858,11,mem_efficient,1024,3
480.251484041,66.858,11,mem_efficient,1024,3
480.294631844,68.115,11,mem_efficient,1024,3
480.337775338,68.115,11,mem_efficient,1024,3
480.387055629,64.77,11,mem_efficient,1024,3
480.430287112,64.77,11,mem_efficient,1024,3
480.473462618,64.77,11,mem_efficient,1024,3
480.516751933,67.244,11,mem_efficient,1024,3
480.560607116,67.244,11,mem_efficient,1024,3
480.610269632,64.19,11,mem_efficient,1024,3
480.653322122,64.19,11,mem_efficient,1024,3
480.699838996,64.48,11,mem_efficient,1024,3
480.743053407,64.48,11,mem_efficient,1024,3
480.786299068,67.825,11,mem_efficient,1024,3
480.836928344,67.825,11,mem_efficient,1024,3
480.880173494,67.825,11,mem_efficient,1024,3
480.923349921,68.405,11,mem_efficient,1024,3
480.992383295,37.14,11,mem_efficient,1024,4
481.039392487,37.14,11,mem_efficient,1024,4
481.083328125,37.14,11,mem_efficient,1024,4
481.137493685,67.921,11,mem_efficient,1024,4
481.187671442,67.921,11,mem_efficient,1024,4
481.230837169,64.633,11,mem_efficient,1024,4
481.280489335,64.633,11,mem_efficient,1024,4
481.323618893,65.932,11,mem_efficient,1024,4
481.367087723,65.932,11,mem_efficient,1024,4
481.410213181,64.577,11,mem_efficient,1024,4
481.453353784,64.577,11,mem_efficient,1024,4
481.496838359,68.211,11,mem_efficient,1024,4
481.548405353,68.211,11,mem_efficient,1024,4
481.591760248,68.211,11,mem_efficient,1024,4
481.634912313,69.522,11,mem_efficient,1024,4
481.681871942,69.522,11,mem_efficient,1024,4
481.728671614,67.438,11,mem_efficient,1024,4
481.771942357,67.438,11,mem_efficient,1024,4
481.815178022,68.459,11,mem_efficient,1024,4
481.858283698,68.459,11,mem_efficient,1024,4
481.929438895,37.335,11,mem_efficient,1024,5
481.972289108,37.335,11,mem_efficient,1024,5
482.017558761,67.921,11,mem_efficient,1024,5
482.06410401,67.921,11,mem_efficient,1024,5
482.115647938,63.319,11,mem_efficient,1024,5
482.158746078,63.319,11,mem_efficient,1024,5
482.201889264,63.319,11,mem_efficient,1024,5
482.245018073,67.825,11,mem_efficient,1024,5
482.2881929,67.825,11,mem_efficient,1024,5
482.338656317,69.908,11,mem_efficient,1024,5
482.381828659,69.908,11,mem_efficient,1024,5
482.425014958,69.232,11,mem_efficient,1024,5
482.468186569,69.232,11,mem_efficient,1024,5
482.511372257,64.674,11,mem_efficient,1024,5
482.55932603,64.674,11,mem_efficient,1024,5
482.602588516,64.674,11,mem_efficient,1024,5
482.64583955,69.232,11,mem_efficient,1024,5
482.689082739,69.232,11,mem_efficient,1024,5
482.732322461,67.921,11,mem_efficient,1024,5
482.775573385,67.921,11,mem_efficient,1024,5
482.820175221,58.298,11,mem_efficient,1024,5
482.894475775,58.298,11,mem_efficient,1024,6
482.943544465,115.434,11,mem_efficient,1024,6
482.992050301,115.434,11,mem_efficient,1024,6
483.036601099,62.932,11,mem_efficient,1024,6
483.079987243,62.932,11,mem_efficient,1024,6
483.129094187,71.648,11,mem_efficient,1024,6
483.1731387,71.648,11,mem_efficient,1024,6
483.216345949,71.648,11,mem_efficient,1024,6
483.259516959,68.845,11,mem_efficient,1024,6
483.304439062,68.845,11,mem_efficient,1024,6
483.35224524,66.277,11,mem_efficient,1024,6
483.395417262,66.277,11,mem_efficient,1024,6
483.438559958,65.448,11,mem_efficient,1024,6
483.481833725,65.448,11,mem_efficient,1024,6
483.528177777,66.567,11,mem_efficient,1024,6
483.580680563,66.567,11,mem_efficient,1024,6
483.623941295,66.567,11,mem_efficient,1024,6
483.667200725,67.921,11,mem_efficient,1024,6
483.714227272,67.921,11,mem_efficient,1024,6
483.757430384,68.459,11,mem_efficient,1024,6
483.826572001,68.459,11,mem_efficient,1024,7
483.869461027,59.738,11,mem_efficient,1024,7
483.920359462,59.738,11,mem_efficient,1024,7
483.966336367,66.374,11,mem_efficient,1024,7
484.009584515,66.374,11,mem_efficient,1024,7
484.052750445,66.374,11,mem_efficient,1024,7
484.09589839,66.374,11,mem_efficient,1024,7
484.143485377,67.341,11,mem_efficient,1024,7
484.188526088,67.341,11,mem_efficient,1024,7
484.231685636,67.341,11,mem_efficient,1024,7
484.274850494,66.858,11,mem_efficient,1024,7
484.318128159,66.858,11,mem_efficient,1024,7
484.366928031,64.577,11,mem_efficient,1024,7
484.410127767,64.577,11,mem_efficient,1024,7
484.454973543,68.308,11,mem_efficient,1024,7
484.4981902,68.308,11,mem_efficient,1024,7
484.541360619,67.244,11,mem_efficient,1024,7
484.593751268,67.244,11,mem_efficient,1024,7
484.636975841,67.244,11,mem_efficient,1024,7
484.680186187,68.405,11,mem_efficient,1024,7
484.723335455,68.405,11,mem_efficient,1024,7
484.798727175,35.016,11,mem_efficient,1024,8
484.841573529,35.016,11,mem_efficient,1024,8
484.884914968,96.866,11,mem_efficient,1024,8
484.930175873,96.866,11,mem_efficient,1024,8
484.980160378,65.157,11,mem_efficient,1024,8
485.02338466,65.157,11,mem_efficient,1024,8
485.066579546,67.244,11,mem_efficient,1024,8
485.1097686,67.244,11,mem_efficient,1024,8
485.157239733,63.319,11,mem_efficient,1024,8
485.20247015,63.319,11,mem_efficient,1024,8
485.24602038,63.319,11,mem_efficient,1024,8
485.289465548,66.222,11,mem_efficient,1024,8
485.332691864,66.222,11,mem_efficient,1024,8
485.381963947,71.12,11,mem_efficient,1024,8
485.428107402,71.12,11,mem_efficient,1024,8
485.471338247,69.232,11,mem_efficient,1024,8
485.514644157,69.232,11,mem_efficient,1024,8
485.559383147,68.502,11,mem_efficient,1024,8
485.602718043,68.502,11,mem_efficient,1024,8
485.645896226,68.502,11,mem_efficient,1024,8
485.689049011,68.556,11,mem_efficient,1024,8
485.759755883,39.067,11,mem_efficient,1024,9
485.805937071,39.067,11,mem_efficient,1024,9
485.852697615,39.067,11,mem_efficient,1024,9
485.898292794,64.577,11,mem_efficient,1024,9
485.950041116,64.577,11,mem_efficient,1024,9
485.993193921,66.526,11,mem_efficient,1024,9
486.036301359,66.526,11,mem_efficient,1024,9
486.079678054,67.535,11,mem_efficient,1024,9
486.122870085,67.535,11,mem_efficient,1024,9
486.169529154,63.899,11,mem_efficient,1024,9
486.214237114,63.899,11,mem_efficient,1024,9
486.25741681,63.899,11,mem_efficient,1024,9
486.300574835,67.782,11,mem_efficient,1024,9
486.343728001,67.782,11,mem_efficient,1024,9
486.395311716,69.812,11,mem_efficient,1024,9
486.440035507,69.812,11,mem_efficient,1024,9
486.483271121,67.728,11,mem_efficient,1024,9
486.52651959,67.728,11,mem_efficient,1024,9
486.569866228,67.921,11,mem_efficient,1024,9
486.618260449,67.921,11,mem_efficient,1024,9
486.68725893,41.575,11,mem_efficient,1024,10
486.730150892,41.575,11,mem_efficient,1024,10
486.780861486,71.551,11,mem_efficient,1024,10
486.825123277,71.551,11,mem_efficient,1024,10
486.868663378,71.551,11,mem_efficient,1024,10
486.911927697,65.004,11,mem_efficient,1024,10
486.955229709,65.004,11,mem_efficient,1024,10
487.000245272,66.567,11,mem_efficient,1024,10
487.045282817,66.567,11,mem_efficient,1024,10
487.088429791,71.217,11,mem_efficient,1024,10
487.131980873,71.217,11,mem_efficient,1024,10
487.175373239,69.329,11,mem_efficient,1024,10
487.226204865,69.329,11,mem_efficient,1024,10
487.269352059,69.329,11,mem_efficient,1024,10
487.315744424,63.319,11,mem_efficient,1024,10
487.358899533,63.319,11,mem_efficient,1024,10
487.407853422,69.522,11,mem_efficient,1024,10
487.451129084,69.522,11,mem_efficient,1024,10
487.494400808,68.018,11,mem_efficient,1024,10
487.537659877,68.018,11,mem_efficient,1024,10
487.58105059,61.906,11,mem_efficient,1024,10
487.657820431,61.906,11,mem_efficient,1024,11
487.70059687,96.64,11,mem_efficient,1024,11
487.743771928,96.64,11,mem_efficient,1024,11
487.794520364,62.777,11,mem_efficient,1024,11
487.838057549,62.777,11,mem_efficient,1024,11
487.881227006,62.777,11,mem_efficient,1024,11
487.924693475,72.472,11,mem_efficient,1024,11
487.967954168,72.472,11,mem_efficient,1024,11
488.015384682,69.232,11,mem_efficient,1024,11
488.059313632,69.232,11,mem_efficient,1024,11
488.102539047,63.512,11,mem_efficient,1024,11
488.145681141,63.512,11,mem_efficient,1024,11
488.188873231,69.178,11,mem_efficient,1024,11
488.23454603,69.178,11,mem_efficient,1024,11
488.280995034,69.178,11,mem_efficient,1024,11
488.324171514,65.641,11,mem_efficient,1024,11
488.367318608,65.641,11,mem_efficient,1024,11
488.410536178,67.825,11,mem_efficient,1024,11
488.453855062,67.825,11,mem_efficient,1024,11
488.502426264,68.459,11,mem_efficient,1024,11
488.54565722,68.459,11,mem_efficient,1024,11
488.617655715,34.334,11,mem_efficient,1024,12
488.665401678,34.334,11,mem_efficient,1024,12
488.711466682,68.405,11,mem_efficient,1024,12
488.757220457,68.405,11,mem_efficient,1024,12
488.80816955,68.792,11,mem_efficient,1024,12
488.85175596,68.792,11,mem_efficient,1024,12
488.895137956,68.792,11,mem_efficient,1024,12
488.938294107,70.778,11,mem_efficient,1024,12
488.990114708,70.778,11,mem_efficient,1024,12
489.03655197,65.738,11,mem_efficient,1024,12
489.079701478,65.738,11,mem_efficient,1024,12
489.122928626,64.77,11,mem_efficient,1024,12
489.172774554,64.77,11,mem_efficient,1024,12
489.215931617,67.631,11,mem_efficient,1024,12
489.259106814,67.631,11,mem_efficient,1024,12
489.302272825,67.631,11,mem_efficient,1024,12
489.345503139,70.102,11,mem_efficient,1024,12
489.392507603,70.102,11,mem_efficient,1024,12
489.435776662,68.115,11,mem_efficient,1024,12
489.478963211,68.115,11,mem_efficient,1024,12
489.548019758,62.874,11,mem_efficient,1024,13
489.596547527,62.874,11,mem_efficient,1024,13
489.641974782,82.449,11,mem_efficient,1024,13
489.689576156,82.449,11,mem_efficient,1024,13
489.741718958,65.254,11,mem_efficient,1024,13
489.784844771,65.254,11,mem_efficient,1024,13
489.827998478,65.214,11,mem_efficient,1024,13
489.871623512,65.214,11,mem_efficient,1024,13
489.915227045,66.374,11,mem_efficient,1024,13
489.965186792,66.374,11,mem_efficient,1024,13
490.008343253,66.374,11,mem_efficient,1024,13
490.051464336,62.971,11,mem_efficient,1024,13
490.094609755,62.971,11,mem_efficient,1024,13
490.137813076,67.631,11,mem_efficient,1024,13
490.184913522,67.631,11,mem_efficient,1024,13
490.228108006,72.041,11,mem_efficient,1024,13
490.271455024,72.041,11,mem_efficient,1024,13
490.31480642,72.041,11,mem_efficient,1024,13
490.358139671,68.018,11,mem_efficient,1024,13
490.408236588,68.018,11,mem_efficient,1024,13
490.478548219,68.695,11,mem_efficient,1024,14
490.521608946,81.975,11,mem_efficient,1024,14
490.571201231,81.975,11,mem_efficient,1024,14
490.616753305,81.975,11,mem_efficient,1024,14
490.66005999,66.609,11,mem_efficient,1024,14
490.703384664,66.609,11,mem_efficient,1024,14
490.746523992,65.932,11,mem_efficient,1024,14
490.795501904,65.932,11,mem_efficient,1024,14
490.839172455,63.3,11,mem_efficient,1024,14
490.882359765,63.3,11,mem_efficient,1024,14
490.92557076,63.3,11,mem_efficient,1024,14
490.968884935,69.812,11,mem_efficient,1024,14
491.013210377,69.812,11,mem_efficient,1024,14
491.058573186,69.425,11,mem_efficient,1024,14
491.101701212,69.425,11,mem_efficient,1024,14
491.145206605,65.31,11,mem_efficient,1024,14
491.188386761,65.31,11,mem_efficient,1024,14
491.231586946,67.728,11,mem_efficient,1024,14
491.277800534,67.728,11,mem_efficient,1024,14
491.321086204,67.728,11,mem_efficient,1024,14
491.364313571,68.695,11,mem_efficient,1024,14
491.436186219,38.213,11,mem_efficient,1024,15
491.482159183,38.213,11,mem_efficient,1024,15
491.528570222,38.213,11,mem_efficient,1024,15
491.573748005,64.286,11,mem_efficient,1024,15
491.616994479,64.286,11,mem_efficient,1024,15
491.665925982,67.728,11,mem_efficient,1024,15
491.709147197,67.728,11,mem_efficient,1024,15
491.752260845,65.835,11,mem_efficient,1024,15
491.796626384,65.835,11,mem_efficient,1024,15
491.839816981,62.196,11,mem_efficient,1024,15
491.889960998,62.196,11,mem_efficient,1024,15
491.933197002,62.196,11,mem_efficient,1024,15
491.976418769,70.102,11,mem_efficient,1024,15
492.019856321,70.102,11,mem_efficient,1024,15
492.064593646,70.778,11,mem_efficient,1024,15
492.114622441,70.778,11,mem_efficient,1024,15
492.157839659,68.362,11,mem_efficient,1024,15
492.201149595,68.362,11,mem_efficient,1024,15
492.24437054,68.115,11,mem_efficient,1024,15
492.287481012,68.115,11,mem_efficient,1024,15
492.330774727,68.115,11,mem_efficient,1024,15
492.40481043,46.22,11,mem_efficient,1024,16
492.447680549,89.073,11,mem_efficient,1024,16
492.498721644,89.073,11,mem_efficient,1024,16
492.543527491,89.073,11,mem_efficient,1024,16
492.586826616,66.761,11,mem_efficient,1024,16
492.63008821,66.761,11,mem_efficient,1024,16
492.673288154,65.697,11,mem_efficient,1024,16
492.722118502,65.697,11,mem_efficient,1024,16
492.766225603,64.674,11,mem_efficient,1024,16
492.809382445,64.674,11,mem_efficient,1024,16
492.852673875,71.893,11,mem_efficient,1024,16
492.895874441,71.893,11,mem_efficient,1024,16
492.94434757,71.893,11,mem_efficient,1024,16
492.987684398,69.961,11,mem_efficient,1024,16
493.032009489,69.961,11,mem_efficient,1024,16
493.075573896,65.02,11,mem_efficient,1024,16
493.118808718,65.02,11,mem_efficient,1024,16
493.16442247,66.567,11,mem_efficient,1024,16
493.208252288,66.567,11,mem_efficient,1024,16
493.251509312,66.567,11,mem_efficient,1024,16
493.29475236,67.976,11,mem_efficient,1024,16
493.365656137,37.898,11,mem_efficient,1024,17
493.41025291,37.898,11,mem_efficient,1024,17
493.45575579,37.898,11,mem_efficient,1024,17
493.501141303,62.39,11,mem_efficient,1024,17
493.545393875,62.39,11,mem_efficient,1024,17
493.593062485,67.782,11,mem_efficient,1024,17
493.636405054,67.782,11,mem_efficient,1024,17
493.679529634,64.964,11,mem_efficient,1024,17
493.725265251,64.964,11,mem_efficient,1024,17
493.768450036,65.891,11,mem_efficient,1024,17
493.81676453,65.891,11,mem_efficient,1024,17
493.860166634,65.891,11,mem_efficient,1024,17
493.903379524,72.472,11,mem_efficient,1024,17
493.948042896,72.472,11,mem_efficient,1024,17
493.991221359,68.556,11,mem_efficient,1024,17
494.041028468,68.556,11,mem_efficient,1024,17
494.084270443,68.211,11,mem_efficient,1024,17
494.127585189,68.211,11,mem_efficient,1024,17
494.17086133,68.115,11,mem_efficient,1024,17
494.21413161,68.115,11,mem_efficient,1024,17
494.257839422,68.115,11,mem_efficient,1024,17
494.332114842,50.73,11,mem_efficient,1024,18
494.3749167,88.825,11,mem_efficient,1024,18
494.426225801,88.825,11,mem_efficient,1024,18
494.470673178,88.825,11,mem_efficient,1024,18
494.513985539,67.383,11,mem_efficient,1024,18
494.557285396,67.383,11,mem_efficient,1024,18
494.600498065,65.697,11,mem_efficient,1024,18
494.648145514,65.697,11,mem_efficient,1024,18
494.692566831,63.358,11,mem_efficient,1024,18
494.735702321,63.358,11,mem_efficient,1024,18
494.778889521,70.831,11,mem_efficient,1024,18
494.823043723,70.831,11,mem_efficient,1024,18
494.871805439,70.831,11,mem_efficient,1024,18
494.915014019,70.005,11,mem_efficient,1024,18
494.958662157,70.005,11,mem_efficient,1024,18
495.001998324,64.19,11,mem_efficient,1024,18
495.045242774,64.19,11,mem_efficient,1024,18
495.090360853,68.018,11,mem_efficient,1024,18
495.133764669,68.018,11,mem_efficient,1024,18
495.17691079,68.018,11,mem_efficient,1024,18
495.220055579,68.888,11,mem_efficient,1024,18
495.291965482,38.093,11,mem_efficient,1024,19
495.337262986,38.093,11,mem_efficient,1024,19
495.384311222,62.874,11,mem_efficient,1024,19
495.431038138,62.874,11,mem_efficient,1024,19
495.481445352,62.874,11,mem_efficient,1024,19
495.524633294,68.405,11,mem_efficient,1024,19
495.568608501,68.405,11,mem_efficient,1024,19
495.61179485,65.544,11,mem_efficient,1024,19
495.654979264,65.544,11,mem_efficient,1024,19
495.703006896,66.609,11,mem_efficient,1024,19
495.746080847,66.609,11,mem_efficient,1024,19
495.789218462,66.609,11,mem_efficient,1024,19
495.832395492,72.614,11,mem_efficient,1024,19
495.875587251,72.614,11,mem_efficient,1024,19
495.918813837,67.728,11,mem_efficient,1024,19
495.966918988,67.728,11,mem_efficient,1024,19
496.010161644,68.749,11,mem_efficient,1024,19
496.053394592,68.749,11,mem_efficient,1024,19
496.096664181,68.459,11,mem_efficient,1024,19
496.140096212,68.459,11,mem_efficient,1024,19
496.184360105,68.459,11,mem_efficient,1024,19
497.795634488,64.48,13,eafa,1024,0
497.839242178,83.796,13,eafa,1024,0
497.883989332,83.796,13,eafa,1024,0
497.935389418,62.583,13,eafa,1024,0
497.978606825,62.583,13,eafa,1024,0
498.022224028,62.583,13,eafa,1024,0
498.065678257,68.266,13,eafa,1024,0
498.108889879,68.266,13,eafa,1024,0
498.158646173,69.908,13,eafa,1024,0
498.204290458,69.908,13,eafa,1024,0
498.247535725,65.794,13,eafa,1024,0
498.29087362,65.794,13,eafa,1024,0
498.341084439,65.794,13,eafa,1024,0
498.384263247,65.794,13,eafa,1024,0
498.430095104,65.891,13,eafa,1024,0
498.473341934,65.891,13,eafa,1024,0
498.522941626,65.891,13,eafa,1024,0
498.566147697,68.308,13,eafa,1024,0
498.609538594,68.308,13,eafa,1024,0
498.652962054,68.266,13,eafa,1024,0
498.845136927,43.69,13,eafa,1024,1
498.88810509,43.69,13,eafa,1024,1
498.932786702,62.487,13,eafa,1024,1
498.97954858,62.487,13,eafa,1024,1
499.029869019,66.567,13,eafa,1024,1
499.110160547,66.567,13,eafa,1024,1
499.154753619,65.254,13,eafa,1024,1
499.198047298,65.254,13,eafa,1024,1
499.241302875,69.715,13,eafa,1024,1
499.284429122,69.715,13,eafa,1024,1
499.334127384,69.715,13,eafa,1024,1
499.378228018,67.438,13,eafa,1024,1
499.42145515,67.438,13,eafa,1024,1
499.464670769,64.674,13,eafa,1024,1
499.507934642,64.674,13,eafa,1024,1
499.556420659,69.232,13,eafa,1024,1
499.599740009,69.232,13,eafa,1024,1
499.642934498,69.232,13,eafa,1024,1
499.686112344,68.308,13,eafa,1024,1
499.729389072,68.308,13,eafa,1024,1
499.807952533,62.099,13,eafa,1024,2
499.850903563,92.246,13,eafa,1024,2
499.901576311,92.246,13,eafa,1024,2
499.945510534,92.246,13,eafa,1024,2
499.988700765,66.664,13,eafa,1024,2
500.031964888,66.664,13,eafa,1024,2
500.075145109,64.617,13,eafa,1024,2
500.123928579,64.617,13,eafa,1024,2
500.169417456,66.664,13,eafa,1024,2
500.212808003,66.664,13,eafa,1024,2
500.25615781,71.551,13,eafa,1024,2
500.306181659,71.551,13,eafa,1024,2
500.349485739,71.551,13,eafa,1024,2
500.392688964,67.051,13,eafa,1024,2
500.437506769,67.051,13,eafa,1024,2
500.480738971,64.286,13,eafa,1024,2
500.529051895,64.286,13,eafa,1024,2
500.572371014,67.921,13,eafa,1024,2
500.615713347,67.921,13,eafa,1024,2
500.658974484,68.115,13,eafa,1024,2
500.702096764,68.115,13,eafa,1024,2
500.777709963,36.166,13,eafa,1024,3
500.820549649,36.166,13,eafa,1024,3
500.874145575,77.783,13,eafa,1024,3
500.918598086,77.783,13,eafa,1024,3
500.962057956,63.803,13,eafa,1024,3
501.00547855,63.803,13,eafa,1024,3
501.048708718,63.803,13,eafa,1024,3
501.096853859,69.372,13,eafa,1024,3
501.14177866,69.372,13,eafa,1024,3
501.184973689,70.198,13,eafa,1024,3
501.228183087,70.198,13,eafa,1024,3
501.271411592,64.577,13,eafa,1024,3
501.319424498,64.577,13,eafa,1024,3
501.363165119,64.577,13,eafa,1024,3
501.406358365,67.438,13,eafa,1024,3
501.449596939,67.438,13,eafa,1024,3
501.492762011,70.295,13,eafa,1024,3
501.539736318,70.295,13,eafa,1024,3
501.583080285,68.115,13,eafa,1024,3
501.626327275,68.115,13,eafa,1024,3
501.669553164,62.874,13,eafa,1024,3
501.741358412,62.874,13,eafa,1024,4
501.784981706,97.475,13,eafa,1024,4
501.830395889,97.475,13,eafa,1024,4
501.875700701,64.964,13,eafa,1024,4
501.919466961,64.964,13,eafa,1024,4
501.968441409,64.964,13,eafa,1024,4
502.011814872,64.617,13,eafa,1024,4
502.055279752,64.617,13,eafa,1024,4
502.100472298,70.295,13,eafa,1024,4
502.143676045,70.295,13,eafa,1024,4
502.191914726,69.522,13,eafa,1024,4
502.235380237,69.522,13,eafa,1024,4
502.278725416,63.512,13,eafa,1024,4
502.323879438,63.512,13,eafa,1024,4
502.367104165,63.512,13,eafa,1024,4
502.415090119,68.018,13,eafa,1024,4
502.45851412,68.018,13,eafa,1024,4
502.501731022,67.631,13,eafa,1024,4
502.545011347,67.631,13,eafa,1024,4
502.588408105,68.115,13,eafa,1024,4
502.634122195,68.115,13,eafa,1024,4
502.708036754,35.309,13,eafa,1024,5
502.75083993,35.309,13,eafa,1024,5
502.800440394,74.068,13,eafa,1024,5
502.845093892,74.068,13,eafa,1024,5
502.888366441,64.577,13,eafa,1024,5
502.931392145,64.577,13,eafa,1024,5
502.974556877,64.577,13,eafa,1024,5
503.023116977,68.845,13,eafa,1024,5
503.068391992,68.845,13,eafa,1024,5
503.111593564,68.942,13,eafa,1024,5
503.154778805,68.942,13,eafa,1024,5
503.197929339,63.803,13,eafa,1024,5
503.245773291,63.803,13,eafa,1024,5
503.290206154,63.803,13,eafa,1024,5
503.333442023,67.244,13,eafa,1024,5
503.376655047,67.244,13,eafa,1024,5
503.419862331,70.682,13,eafa,1024,5
503.466272201,70.682,13,eafa,1024,5
503.509549649,68.308,13,eafa,1024,5
503.552847898,68.308,13,eafa,1024,5
503.596297929,63.068,13,eafa,1024,5
503.666909367,63.068,13,eafa,1024,6
503.711682906,100.064,13,eafa,1024,6
503.757934682,100.064,13,eafa,1024,6
503.802352096,64.77,13,eafa,1024,6
503.845859116,64.77,13,eafa,1024,6
503.895774817,64.77,13,eafa,1024,6
503.939095699,65.351,13,eafa,1024,6
503.982292011,65.351,13,eafa,1024,6
504.027825614,70.295,13,eafa,1024,6
504.080870059,70.295,13,eafa,1024,6
504.124060219,68.502,13,eafa,1024,6
504.16720905,68.502,13,eafa,1024,6
504.210363462,64.23,13,eafa,1024,6
504.253435064,64.23,13,eafa,1024,6
504.298160952,64.23,13,eafa,1024,6
504.342370726,67.921,13,eafa,1024,6
504.385584362,67.921,13,eafa,1024,6
504.428891397,67.825,13,eafa,1024,6
504.472211828,67.825,13,eafa,1024,6
504.515500739,68.169,13,eafa,1024,6
504.55866476,68.169,13,eafa,1024,6
504.632623599,35.094,13,eafa,1024,7
504.675889045,35.094,13,eafa,1024,7
504.726657838,75.322,13,eafa,1024,7
504.771941539,75.322,13,eafa,1024,7
504.81515229,65.448,13,eafa,1024,7
504.858263498,65.448,13,eafa,1024,7
504.901498104,65.448,13,eafa,1024,7
504.949587188,68.845,13,eafa,1024,7
504.994773522,68.845,13,eafa,1024,7
505.037970465,69.135,13,eafa,1024,7
505.081253976,69.135,13,eafa,1024,7
505.124450919,63.899,13,eafa,1024,7
505.173181227,63.899,13,eafa,1024,7
505.218310822,67.341,13,eafa,1024,7
505.262572847,67.341,13,eafa,1024,7
505.305976739,67.341,13,eafa,1024,7
505.355120142,71.261,13,eafa,1024,7
505.398410385,71.261,13,eafa,1024,7
505.441695428,68.115,13,eafa,1024,7
505.48502131,68.115,13,eafa,1024,7
505.528302807,63.319,13,eafa,1024,7
505.603941478,63.319,13,eafa,1024,8
505.646961932,78.263,13,eafa,1024,8
505.690298676,78.263,13,eafa,1024,8
505.74194554,64.867,13,eafa,1024,8
505.786457535,64.867,13,eafa,1024,8
505.829625473,70.392,13,eafa,1024,8
505.872787329,70.392,13,eafa,1024,8
505.916119634,70.392,13,eafa,1024,8
505.9633116,66.567,13,eafa,1024,8
506.006653504,66.567,13,eafa,1024,8
506.049829983,65.117,13,eafa,1024,8
506.092984729,65.117,13,eafa,1024,8
506.136129627,67.203,13,eafa,1024,8
506.18079367,67.203,13,eafa,1024,8
506.227600781,67.203,13,eafa,1024,8
506.27079809,65.794,13,eafa,1024,8
506.314029343,65.794,13,eafa,1024,8
506.357363035,67.728,13,eafa,1024,8
506.400745189,67.728,13,eafa,1024,8
506.445171765,68.308,13,eafa,1024,8
506.488362832,68.308,13,eafa,1024,8
506.560491203,35.386,13,eafa,1024,9
506.603474008,35.386,13,eafa,1024,9
506.65294,74.261,13,eafa,1024,9
506.697691532,74.261,13,eafa,1024,9
506.742168224,66.028,13,eafa,1024,9
506.785252636,66.028,13,eafa,1024,9
506.834937349,66.028,13,eafa,1024,9
506.878267043,70.155,13,eafa,1024,9
506.921542301,70.155,13,eafa,1024,9
506.964813161,69.812,13,eafa,1024,9
507.00847806,69.812,13,eafa,1024,9
507.058039166,63.803,13,eafa,1024,9
507.101258096,63.803,13,eafa,1024,9
507.146554086,65.697,13,eafa,1024,9
507.196265992,65.697,13,eafa,1024,9
507.24454108,65.697,13,eafa,1024,9
507.287800558,71.217,13,eafa,1024,9
507.331125082,71.217,13,eafa,1024,9
507.374400962,67.921,13,eafa,1024,9
507.421854027,67.921,13,eafa,1024,9
507.465091623,63.416,13,eafa,1024,9
507.535373225,63.416,13,eafa,1024,10
507.578352063,69.232,13,eafa,1024,10
507.628524205,69.232,13,eafa,1024,10
507.672468613,66.181,13,eafa,1024,10
507.717080355,66.181,13,eafa,1024,10
507.760305107,71.99,13,eafa,1024,10
507.803370411,71.99,13,eafa,1024,10
507.850890185,71.99,13,eafa,1024,10
507.895994236,65.641,13,eafa,1024,10
507.939189961,65.641,13,eafa,1024,10
507.98235642,67.244,13,eafa,1024,10
508.025557676,67.244,13,eafa,1024,10
508.073448234,66.084,13,eafa,1024,10
508.117981576,66.084,13,eafa,1024,10
508.161269278,63.899,13,eafa,1024,10
508.204536101,63.899,13,eafa,1024,10
508.247751544,63.899,13,eafa,1024,10
508.297034363,66.858,13,eafa,1024,10
508.340192607,66.858,13,eafa,1024,10
508.38347048,68.416,13,eafa,1024,10
508.426662238,68.416,13,eafa,1024,10
508.498146168,36.458,13,eafa,1024,11
508.5412211,36.458,13,eafa,1024,11
508.58612211,69.619,13,eafa,1024,11
508.633969144,69.619,13,eafa,1024,11
508.683487948,69.715,13,eafa,1024,11
508.726821008,69.715,13,eafa,1024,11
508.770198934,69.619,13,eafa,1024,11
508.813873813,69.619,13,eafa,1024,11
508.864525158,69.619,13,eafa,1024,11
508.911807273,63.86,13,eafa,1024,11
508.954995364,63.86,13,eafa,1024,11
508.998202011,67.535,13,eafa,1024,11
509.047377303,67.535,13,eafa,1024,11
509.090676087,65.544,13,eafa,1024,11
509.135894178,65.544,13,eafa,1024,11
509.179035729,70.295,13,eafa,1024,11
509.222607849,70.295,13,eafa,1024,11
509.268206041,70.295,13,eafa,1024,11
509.311820804,68.072,13,eafa,1024,11
509.355078439,68.072,13,eafa,1024,11
509.398272201,65.214,13,eafa,1024,11
509.468702619,65.214,13,eafa,1024,12
509.513282932,67.257,13,eafa,1024,12
509.560721659,67.257,13,eafa,1024,12
509.60682779,67.051,13,eafa,1024,12
509.657633843,67.051,13,eafa,1024,12
509.700844888,66.043,13,eafa,1024,12
509.744008712,66.043,13,eafa,1024,12
509.787487513,65.504,13,eafa,1024,12
509.830852434,65.504,13,eafa,1024,12
509.881974606,65.504,13,eafa,1024,12
509.925172075,67.825,13,eafa,1024,12
509.968360637,67.825,13,eafa,1024,12
510.011526384,62.061,13,eafa,1024,12
510.054760654,62.061,13,eafa,1024,12
510.105253814,69.039,13,eafa,1024,12
510.148419352,69.039,13,eafa,1024,12
510.191580711,68.072,13,eafa,1024,12
510.234753081,68.072,13,eafa,1024,12
510.281221851,68.072,13,eafa,1024,12
510.324479054,68.266,13,eafa,1024,12
510.367715428,68.266,13,eafa,1024,12
510.438914955,39.457,13,eafa,1024,13
510.485162929,39.457,13,eafa,1024,13
510.532600384,87.398,13,eafa,1024,13
510.578525196,87.398,13,eafa,1024,13
510.630604441,62.835,13,eafa,1024,13
510.673759548,62.835,13,eafa,1024,13
510.716902322,68.072,13,eafa,1024,13
510.760046278,68.072,13,eafa,1024,13
510.80323547,65.835,13,eafa,1024,13
510.849419031,65.835,13,eafa,1024,13
510.893826865,65.835,13,eafa,1024,13
510.937025657,64.867,13,eafa,1024,13
510.980578881,64.867,13,eafa,1024,13
511.024445238,68.695,13,eafa,1024,13
511.067635002,68.695,13,eafa,1024,13
511.115596426,69.522,13,eafa,1024,13
511.158829093,69.522,13,eafa,1024,13
511.202124751,67.825,13,eafa,1024,13
511.245295468,67.825,13,eafa,1024,13
511.288592539,67.825,13,eafa,1024,13
511.333379399,68.502,13,eafa,1024,13
511.41185568,38.482,13,eafa,1024,14
511.458668922,38.482,13,eafa,1024,14
511.505971017,63.164,13,eafa,1024,14
511.55055684,63.164,13,eafa,1024,14
511.593834012,63.164,13,eafa,1024,14
511.643316827,65.987,13,eafa,1024,14
511.686446585,65.987,13,eafa,1024,14
511.729627051,63.416,13,eafa,1024,14
511.774835643,63.416,13,eafa,1024,14
511.818085994,70.005,13,eafa,1024,14
511.86648721,70.005,13,eafa,1024,14
511.90974221,71.358,13,eafa,1024,14
511.953990733,71.358,13,eafa,1024,14
511.997452391,71.358,13,eafa,1024,14
512.040687071,65.31,13,eafa,1024,14
512.090837662,65.31,13,eafa,1024,14
512.134093804,68.845,13,eafa,1024,14
512.177824469,68.845,13,eafa,1024,14
512.221104487,68.115,13,eafa,1024,14
512.266407281,68.115,13,eafa,1024,14
512.309572317,68.115,13,eafa,1024,14
512.38004409,62.196,13,eafa,1024,15
512.422845317,100.032,13,eafa,1024,15
512.474499824,100.032,13,eafa,1024,15
512.518081293,65.448,13,eafa,1024,15
512.561545736,65.448,13,eafa,1024,15
512.604827036,65.448,13,eafa,1024,15
512.647988475,64.577,13,eafa,1024,15
512.696523484,64.577,13,eafa,1024,15
512.741699574,69.425,13,eafa,1024,15
512.785349985,69.425,13,eafa,1024,15
512.828550309,70.637,13,eafa,1024,15
512.87167069,70.637,13,eafa,1024,15
512.919543393,64.577,13,eafa,1024,15
512.966133276,64.577,13,eafa,1024,15
513.009415959,64.577,13,eafa,1024,15
513.052621914,66.761,13,eafa,1024,15
513.101401013,66.761,13,eafa,1024,15
513.144718152,67.728,13,eafa,1024,15
513.18808119,67.728,13,eafa,1024,15
513.231342712,68.308,13,eafa,1024,15
513.274507007,68.308,13,eafa,1024,15
513.352146882,34.919,13,eafa,1024,16
513.394970862,34.919,13,eafa,1024,16
513.446676046,72.955,13,eafa,1024,16
513.490645302,72.955,13,eafa,1024,16
513.534431424,67.438,13,eafa,1024,16
513.57759628,67.438,13,eafa,1024,16
513.620844016,67.438,13,eafa,1024,16
513.668830097,68.845,13,eafa,1024,16
513.713970253,68.845,13,eafa,1024,16
513.757242105,67.492,13,eafa,1024,16
513.800493517,67.492,13,eafa,1024,16
513.843761532,64.674,13,eafa,1024,16
513.891608947,64.674,13,eafa,1024,16
513.936427047,67.148,13,eafa,1024,16
513.979525465,67.148,13,eafa,1024,16
514.022719333,67.148,13,eafa,1024,16
514.065896641,72.279,13,eafa,1024,16
514.113952449,72.279,13,eafa,1024,16
514.157216745,67.825,13,eafa,1024,16
514.20065213,67.825,13,eafa,1024,16
514.243889313,64.577,13,eafa,1024,16
514.315652333,64.577,13,eafa,1024,17
514.358456974,102.299,13,eafa,1024,17
514.40265651,102.299,13,eafa,1024,17
514.44920664,61.712,13,eafa,1024,17
514.500400738,61.712,13,eafa,1024,17
514.543606181,69.812,13,eafa,1024,17
514.586827003,69.812,13,eafa,1024,17
514.630163167,69.812,13,eafa,1024,17
514.682186181,70.682,13,eafa,1024,17
514.728754386,70.682,13,eafa,1024,17
514.772014884,65.157,13,eafa,1024,17
514.815209576,65.157,13,eafa,1024,17
514.864750994,66.567,13,eafa,1024,17
514.908122015,66.567,13,eafa,1024,17
514.953418892,65.061,13,eafa,1024,17
514.996548729,65.061,13,eafa,1024,17
515.039757708,65.061,13,eafa,1024,17
515.08471882,68.018,13,eafa,1024,17
515.127986061,68.018,13,eafa,1024,17
515.171177877,68.308,13,eafa,1024,17
515.214907809,68.308,13,eafa,1024,17
515.286152201,34.334,13,eafa,1024,18
515.329833118,34.334,13,eafa,1024,18
515.375831166,69.425,13,eafa,1024,18
515.424061991,69.425,13,eafa,1024,18
515.474374784,68.459,13,eafa,1024,18
515.518076772,68.459,13,eafa,1024,18
515.561479243,66.858,13,eafa,1024,18
515.604851847,66.858,13,eafa,1024,18
515.655257398,65.448,13,eafa,1024,18
515.703089176,65.448,13,eafa,1024,18
515.746245914,65.448,13,eafa,1024,18
515.789412812,67.341,13,eafa,1024,18
515.840538399,67.341,13,eafa,1024,18
515.883736217,63.261,13,eafa,1024,18
515.928370038,63.261,13,eafa,1024,18
515.971651677,70.005,13,eafa,1024,18
516.019376138,70.005,13,eafa,1024,18
516.062548857,68.502,13,eafa,1024,18
516.105664486,68.502,13,eafa,1024,18
516.148944592,68.502,13,eafa,1024,18
516.192197757,66.954,13,eafa,1024,18
516.270377147,40.138,13,eafa,1024,19
516.313075192,40.138,13,eafa,1024,19
516.365201716,64.48,13,eafa,1024,19
516.410098684,64.48,13,eafa,1024,19
516.454090811,64.48,13,eafa,1024,19
516.497264542,66.858,13,eafa,1024,19
516.547846964,66.858,13,eafa,1024,19
516.591526168,63.706,13,eafa,1024,19
516.635064972,63.706,13,eafa,1024,19
516.678210238,68.169,13,eafa,1024,19
516.721346307,68.169,13,eafa,1024,19
516.770428922,68.169,13,eafa,1024,19
516.813659923,68.459,13,eafa,1024,19
516.856829647,68.459,13,eafa,1024,19
516.899998228,68.072,13,eafa,1024,19
516.943219921,68.072,13,eafa,1024,19
516.993174294,69.232,13,eafa,1024,19
517.036517742,69.232,13,eafa,1024,19
517.079787919,67.825,13,eafa,1024,19
517.122915451,67.825,13,eafa,1024,19
517.166117056,67.825,13,eafa,1024,19
518.782753975,62.874,13,math,1024,0
518.826400276,69.039,13,math,1024,0
518.869890006,69.039,13,math,1024,0
518.919300481,67.921,13,math,1024,0
518.962489041,67.921,13,math,1024,0
519.005692409,69.425,13,math,1024,0
519.04876736,69.425,13,math,1024,0
519.091971911,69.425,13,math,1024,0
519.143114641,66.567,13,math,1024,0
519.186270418,66.567,13,math,1024,0
519.229546666,67.244,13,math,1024,0
519.272733763,67.244,13,math,1024,0
519.315943614,65.738,13,math,1024,0
519.365760813,65.738,13,math,1024,0
519.408932721,65.987,13,math,1024,0
519.452086293,65.987,13,math,1024,0
519.495258862,65.987,13,math,1024,0
519.538563425,68.211,13,math,1024,0
519.587808042,68.211,13,math,1024,0
519.631284936,67.825,13,math,1024,0
519.674550975,67.825,13,math,1024,0
519.86185805,44.079,13,math,1024,1
519.908026215,44.079,13,math,1024,1
519.955267726,89.418,13,math,1024,1
520.000461546,89.418,13,math,1024,1
520.044668897,63.125,13,math,1024,1
520.136024679,66.664,13,math,1024,1
520.179263826,66.664,13,math,1024,1
520.224719309,63.261,13,math,1024,1
520.267936234,63.261,13,math,1024,1
520.31112272,63.261,13,math,1024,1
520.358956891,69.135,13,math,1024,1
520.402149299,69.135,13,math,1024,1
520.446977775,69.425,13,math,1024,1
520.490370878,69.425,13,math,1024,1
520.533564989,65.6,13,math,1024,1
520.582025155,65.6,13,math,1024,1
520.625309239,67.631,13,math,1024,1
520.668517637,67.631,13,math,1024,1
520.711845054,67.631,13,math,1024,1
520.755072799,68.459,13,math,1024,1
520.833399248,37.606,13,math,1024,2
520.876210471,37.606,13,math,1024,2
520.928363916,63.512,13,math,1024,2
520.973256716,63.512,13,math,1024,2
521.017477974,63.512,13,math,1024,2
521.060690961,66.664,13,math,1024,2
521.110568055,66.664,13,math,1024,2
521.153770792,64.383,13,math,1024,2
521.196975823,64.383,13,math,1024,2
521.240116982,69.812,13,math,1024,2
521.283266687,69.812,13,math,1024,2
521.331763644,69.619,13,math,1024,2
521.376304066,69.619,13,math,1024,2
521.419559314,69.619,13,math,1024,2
521.464083655,67.396,13,math,1024,2
521.515214983,67.396,13,math,1024,2
521.558437598,69.039,13,math,1024,2
521.601791436,69.039,13,math,1024,2
521.645128041,67.921,13,math,1024,2
521.688312042,67.921,13,math,1024,2
521.731559565,67.921,13,math,1024,2
521.805263186,62.293,13,math,1024,3
521.848042598,102.556,13,math,1024,3
521.899588685,67.244,13,math,1024,3
521.996421359,67.244,13,math,1024,3
522.045726897,65.254,13,math,1024,3
522.088796036,65.254,13,math,1024,3
522.132046884,65.254,13,math,1024,3
522.175278024,68.502,13,math,1024,3
522.225805344,68.502,13,math,1024,3
522.273221821,69.135,13,math,1024,3
522.316412754,69.135,13,math,1024,3
522.359672489,67.148,13,math,1024,3
522.408387169,67.148,13,math,1024,3
522.451539007,65.061,13,math,1024,3
522.496626903,65.061,13,math,1024,3
522.539921505,65.061,13,math,1024,3
522.583189636,68.695,13,math,1024,3
522.631078851,68.695,13,math,1024,3
522.674361711,67.825,13,math,1024,3
522.744722218,67.825,13,math,1024,4
522.791854469,52.124,13,math,1024,4
522.838801945,52.124,13,math,1024,4
522.883886414,67.341,13,math,1024,4
522.930626673,67.341,13,math,1024,4
522.973870457,64.19,13,math,1024,4
523.017168456,64.19,13,math,1024,4
523.060371603,67.148,13,math,1024,4
523.106467624,67.148,13,math,1024,4
523.150129642,67.148,13,math,1024,4
523.195501603,63.899,13,math,1024,4
523.239244436,63.899,13,math,1024,4
523.28245186,68.598,13,math,1024,4
523.329195505,68.598,13,math,1024,4
523.372438138,68.115,13,math,1024,4
523.420574076,68.115,13,math,1024,4
523.463760921,68.072,13,math,1024,4
523.506907209,68.072,13,math,1024,4
523.550172204,68.072,13,math,1024,4
523.593569203,68.018,13,math,1024,4
523.640051777,68.018,13,math,1024,4
523.712715818,48.039,13,math,1024,5
523.755574383,48.039,13,math,1024,5
523.805898683,95.872,13,math,1024,5
523.851046053,95.872,13,math,1024,5
523.894264209,63.842,13,math,1024,5
523.937807067,63.842,13,math,1024,5
523.98831498,67.148,13,math,1024,5
524.031563203,67.148,13,math,1024,5
524.074929443,66.319,13,math,1024,5
524.118041044,66.319,13,math,1024,5
524.161287724,66.319,13,math,1024,5
524.210860812,64.48,13,math,1024,5
524.254082564,64.48,13,math,1024,5
524.297293556,69.039,13,math,1024,5
524.340487695,69.039,13,math,1024,5
524.383837984,69.522,13,math,1024,5
524.433529439,69.522,13,math,1024,5
524.476857696,67.921,13,math,1024,5
524.520019013,67.921,13,math,1024,5
524.563260382,67.921,13,math,1024,5
524.606701356,68.018,13,math,1024,5
524.683645475,38.969,13,math,1024,6
524.726450537,38.969,13,math,1024,6
524.778268696,64.093,13,math,1024,6
524.822968035,64.093,13,math,1024,6
524.867245224,64.093,13,math,1024,6
524.910368908,67.051,13,math,1024,6
524.960052118,67.051,13,math,1024,6
525.003661885,62.932,13,math,1024,6
525.047166911,62.932,13,math,1024,6
525.090351943,70.102,13,math,1024,6
525.133552364,70.102,13,math,1024,6
525.182831017,68.459,13,math,1024,6
525.226347545,68.459,13,math,1024,6
525.269704306,68.459,13,math,1024,6
525.313389599,67.148,13,math,1024,6
525.356654855,67.148,13,math,1024,6
525.407115587,69.425,13,math,1024,6
525.450350755,69.425,13,math,1024,6
525.493673441,67.921,13,math,1024,6
525.536824618,67.921,13,math,1024,6
525.582164077,67.921,13,math,1024,6
525.655948699,59.037,13,math,1024,7
525.698857751,105.872,13,math,1024,7
525.752059717,105.872,13,math,1024,7
525.795529656,65.351,13,math,1024,7
525.840021958,65.351,13,math,1024,7
525.883236967,65.351,13,math,1024,7
525.933417031,64.867,13,math,1024,7
525.97665807,64.867,13,math,1024,7
526.019939176,68.749,13,math,1024,7
526.063134939,68.749,13,math,1024,7
526.106430693,68.072,13,math,1024,7
526.156158378,68.072,13,math,1024,7
526.199308022,64.286,13,math,1024,7
526.242374256,64.286,13,math,1024,7
526.286886746,64.286,13,math,1024,7
526.330462118,67.341,13,math,1024,7
526.379522491,67.341,13,math,1024,7
526.42284146,67.148,13,math,1024,7
526.466101225,67.148,13,math,1024,7
526.509347855,68.018,13,math,1024,7
526.552470567,68.018,13,math,1024,7
526.629159211,35.114,13,math,1024,8
526.671956158,35.114,13,math,1024,8
526.715099279,69.759,13,math,1024,8
526.763055733,69.759,13,math,1024,8
526.809478031,68.942,13,math,1024,8
526.852548282,68.942,13,math,1024,8
526.895707815,68.942,13,math,1024,8
526.939272684,68.845,13,math,1024,8
526.989367711,68.845,13,math,1024,8
527.032554263,63.996,13,math,1024,8
527.075710306,63.996,13,math,1024,8
527.118979838,67.341,13,math,1024,8
527.16235354,67.341,13,math,1024,8
527.212471101,65.738,13,math,1024,8
527.255527763,65.738,13,math,1024,8
527.298721439,65.738,13,math,1024,8
527.341888192,72.762,13,math,1024,8
527.386261099,72.762,13,math,1024,8
527.434051257,67.921,13,math,1024,8
527.477382308,67.921,13,math,1024,8
527.520569231,66.471,13,math,1024,8
527.595134529,66.471,13,math,1024,9
527.638008529,105.393,13,math,1024,9
527.68226927,105.393,13,math,1024,9
527.730263882,63.939,13,math,1024,9
527.782440237,63.939,13,math,1024,9
527.825984438,68.652,13,math,1024,9
527.869331509,68.652,13,math,1024,9
527.912531217,68.652,13,math,1024,9
527.962106322,69.039,13,math,1024,9
528.006516431,69.039,13,math,1024,9
528.049782165,64.577,13,math,1024,9
528.093195684,64.577,13,math,1024,9
528.136471599,66.084,13,math,1024,9
528.18617413,66.084,13,math,1024,9
528.232556727,62.835,13,math,1024,9
528.275718261,62.835,13,math,1024,9
528.318916375,62.835,13,math,1024,9
528.362786223,68.115,13,math,1024,9
528.406050595,68.115,13,math,1024,9
528.44934782,68.169,13,math,1024,9
528.492581463,68.169,13,math,1024,9
528.563468799,35.114,13,math,1024,10
528.609784157,35.114,13,math,1024,10
528.656242871,71.455,13,math,1024,10
528.701513136,71.455,13,math,1024,10
528.745192998,68.502,13,math,1024,10
528.790763631,68.502,13,math,1024,10
528.834764401,64.77,13,math,1024,10
528.877836834,64.77,13,math,1024,10
528.922458269,64.77,13,math,1024,10
528.965883621,67.051,13,math,1024,10
529.015766229,67.051,13,math,1024,10
529.059106056,65.31,13,math,1024,10
529.102466413,65.31,13,math,1024,10
529.149229844,66.028,13,math,1024,10
529.200744134,66.028,13,math,1024,10
529.244045808,70.295,13,math,1024,10
529.287230226,70.295,13,math,1024,10
529.33042803,70.295,13,math,1024,10
529.37714439,68.072,13,math,1024,10
529.420326483,68.072,13,math,1024,10
529.463502174,68.115,13,math,1024,10
529.53547201,68.115,13,math,1024,11
529.581895285,43.593,13,math,1024,11
529.627711301,43.593,13,math,1024,11
529.676201698,66.277,13,math,1024,11
529.72667815,66.277,13,math,1024,11
529.76985336,65.061,13,math,1024,11
529.81305463,65.061,13,math,1024,11
529.856464022,66.084,13,math,1024,11
529.907531882,66.084,13,math,1024,11
529.953887307,63.164,13,math,1024,11
529.996999275,63.164,13,math,1024,11
530.040210422,63.164,13,math,1024,11
530.089242134,67.976,13,math,1024,11
530.132381273,67.976,13,math,1024,11
530.178842818,69.232,13,math,1024,11
530.222075438,69.232,13,math,1024,11
530.271663881,69.039,13,math,1024,11
530.315189856,69.039,13,math,1024,11
530.358460027,68.211,13,math,1024,11
530.401538691,68.211,13,math,1024,11
530.44479144,68.211,13,math,1024,11
530.519871942,47.067,13,math,1024,12
530.562700374,103.765,13,math,1024,12
530.606169078,103.765,13,math,1024,12
530.658295756,65.117,13,math,1024,12
530.705632987,65.117,13,math,1024,12
530.748824337,65.117,13,math,1024,12
530.792006309,66.899,13,math,1024,12
530.840282487,66.899,13,math,1024,12
530.884951561,69.619,13,math,1024,12
530.928108716,69.619,13,math,1024,12
530.971328211,67.921,13,math,1024,12
531.014424428,67.921,13,math,1024,12
531.063540201,64.867,13,math,1024,12
531.107990996,64.867,13,math,1024,12
531.151174862,64.867,13,math,1024,12
531.194397272,65.987,13,math,1024,12
531.237618881,65.987,13,math,1024,12
531.284309226,67.535,13,math,1024,12
531.327905776,67.535,13,math,1024,12
531.371169977,68.072,13,math,1024,12
531.414287525,68.072,13,math,1024,12
531.485542846,36.458,13,math,1024,13
531.528898352,36.458,13,math,1024,13
531.57510206,65.835,13,math,1024,13
531.620169442,65.835,13,math,1024,13
531.664532868,65.835,13,math,1024,13
531.712357857,65.641,13,math,1024,13
531.755589405,65.641,13,math,1024,13
531.7989236,69.812,13,math,1024,13
531.846517454,69.812,13,math,1024,13
531.896525104,68.115,13,math,1024,13
531.940026251,68.115,13,math,1024,13
531.983468484,65.31,13,math,1024,13
532.026602314,65.31,13,math,1024,13
532.076703905,66.761,13,math,1024,13
532.124179922,66.761,13,math,1024,13
532.167403805,66.761,13,math,1024,13
532.210585597,70.005,13,math,1024,13
532.254806639,70.005,13,math,1024,13
532.298099856,68.211,13,math,1024,13
532.341265126,68.211,13,math,1024,13
532.384453531,63.455,13,math,1024,13
532.456255999,63.455,13,math,1024,14
532.501247875,110.66,13,math,1024,14
532.547664273,110.66,13,math,1024,14
532.595336798,63.899,13,math,1024,14
532.648127685,63.899,13,math,1024,14
532.691366056,68.749,13,math,1024,14
532.734412106,68.749,13,math,1024,14
532.777962548,68.749,13,math,1024,14
532.826209549,69.135,13,math,1024,14
532.873103266,69.135,13,math,1024,14
532.916397845,65.738,13,math,1024,14
532.959554258,65.738,13,math,1024,14
533.008811644,66.277,13,math,1024,14
533.052243207,66.277,13,math,1024,14
533.097556712,63.649,13,math,1024,14
533.140691413,63.649,13,math,1024,14
533.191262066,68.115,13,math,1024,14
533.234472905,68.115,13,math,1024,14
533.277734861,68.115,13,math,1024,14
533.32093076,68.115,13,math,1024,14
533.36419972,68.115,13,math,1024,14
533.439079751,34.821,13,math,1024,15
533.48186503,34.821,13,math,1024,15
533.525914312,94.528,13,math,1024,15
533.577135076,94.528,13,math,1024,15
533.621269262,65.157,13,math,1024,15
533.666757002,65.157,13,math,1024,15
533.709937812,66.374,13,math,1024,15
533.759312223,66.374,13,math,1024,15
533.804408801,66.028,13,math,1024,15
533.847514887,66.028,13,math,1024,15
533.890728641,66.028,13,math,1024,15
533.933884763,66.028,13,math,1024,15
533.982083492,66.028,13,math,1024,15
534.026548664,69.329,13,math,1024,15
534.070423921,69.329,13,math,1024,15
534.113600693,68.556,13,math,1024,15
534.156694927,68.556,13,math,1024,15
534.200919967,67.341,13,math,1024,15
534.245750933,67.341,13,math,1024,15
534.289167918,67.341,13,math,1024,15
534.332342095,68.169,13,math,1024,15
534.404735931,39.651,13,math,1024,16
534.449044512,39.651,13,math,1024,16
534.493174689,39.651,13,math,1024,16
534.540648572,65.6,13,math,1024,16
534.590939948,65.6,13,math,1024,16
534.634494257,65.544,13,math,1024,16
534.678470979,65.544,13,math,1024,16
534.721666478,65.891,13,math,1024,16
534.772920607,65.891,13,math,1024,16
534.817670166,62.874,13,math,1024,16
534.86087905,62.874,13,math,1024,16
534.904368916,62.874,13,math,1024,16
534.947651551,70.102,13,math,1024,16
534.996041893,70.102,13,math,1024,16
535.040707471,68.211,13,math,1024,16
535.084876984,68.211,13,math,1024,16
535.128104604,69.039,13,math,1024,16
535.171334249,69.039,13,math,1024,16
535.214543484,68.211,13,math,1024,16
535.259491034,68.211,13,math,1024,16
535.302745376,68.211,13,math,1024,16
535.374869098,55.326,13,math,1024,17
535.420947184,94.66,13,math,1024,17
535.469208102,94.66,13,math,1024,17
535.515235391,94.66,13,math,1024,17
535.565383561,64.383,13,math,1024,17
535.608722215,64.383,13,math,1024,17
535.652148268,66.028,13,math,1024,17
535.695719299,66.028,13,math,1024,17
535.746277939,68.115,13,math,1024,17
535.791931208,68.115,13,math,1024,17
535.835127698,68.749,13,math,1024,17
535.878230609,68.749,13,math,1024,17
535.921394506,68.749,13,math,1024,17
535.969339095,69.575,13,math,1024,17
536.015671631,69.575,13,math,1024,17
536.058960149,66.567,13,math,1024,17
536.102196436,66.567,13,math,1024,17
536.14711974,68.266,13,math,1024,17
536.190315759,68.266,13,math,1024,17
536.233488474,68.115,13,math,1024,17
536.276622604,68.115,13,math,1024,17
536.348492693,36.166,13,math,1024,18
536.393425906,36.166,13,math,1024,18
536.438849583,65.351,13,math,1024,18
536.487722909,65.351,13,math,1024,18
536.538534246,62.254,13,math,1024,18
536.58201847,62.254,13,math,1024,18
536.625465873,62.254,13,math,1024,18
536.66868118,71.358,13,math,1024,18
536.719495492,71.358,13,math,1024,18
536.76622361,68.792,13,math,1024,18
536.809449477,68.792,13,math,1024,18
536.852616961,64.19,13,math,1024,18
536.903164861,64.19,13,math,1024,18
536.946328508,66.802,13,math,1024,18
536.991635862,66.802,13,math,1024,18
537.034910152,66.802,13,math,1024,18
537.084462345,69.232,13,math,1024,18
537.127702629,69.232,13,math,1024,18
537.170840357,68.211,13,math,1024,18
537.213988043,68.211,13,math,1024,18
537.257167921,63.609,13,math,1024,18
537.334364101,63.609,13,math,1024,19
537.377152706,75.95,13,math,1024,19
537.420623054,75.95,13,math,1024,19
537.466509411,66.471,13,math,1024,19
537.51505684,66.471,13,math,1024,19
537.558239705,65.987,13,math,1024,19
537.601848689,65.987,13,math,1024,19
537.652207514,65.448,13,math,1024,19
537.698921635,65.448,13,math,1024,19
537.74209467,65.448,13,math,1024,19
537.785299106,65.157,13,math,1024,19
537.836358069,65.157,13,math,1024,19
537.879539881,64.286,13,math,1024,19
537.92472549,64.286,13,math,1024,19
537.967982287,69.039,13,math,1024,19
538.011188405,69.039,13,math,1024,19
538.059294584,67.631,13,math,1024,19
538.102526364,67.631,13,math,1024,19
538.145934204,67.631,13,math,1024,19
538.189207435,67.728,13,math,1024,19
538.23248848,67.728,13,math,1024,19
539.87323786,60.49,13,mem_efficient,1024,0
539.91679151,69.382,13,mem_efficient,1024,0
539.961144299,69.382,13,mem_efficient,1024,0
540.01141329,68.556,13,mem_efficient,1024,0
540.054577621,68.556,13,mem_efficient,1024,0
540.097820753,67.879,13,mem_efficient,1024,0
540.141077632,67.879,13,mem_efficient,1024,0
540.184251071,67.879,13,mem_efficient,1024,0
540.23487739,66.664,13,mem_efficient,1024,0
540.278118278,66.664,13,mem_efficient,1024,0
540.321339949,65.987,13,mem_efficient,1024,0
540.364571279,65.987,13,mem_efficient,1024,0
540.407770978,64.48,13,mem_efficient,1024,0
540.458811384,64.48,13,mem_efficient,1024,0
540.502053144,69.961,13,mem_efficient,1024,0
540.545267751,69.961,13,mem_efficient,1024,0
540.588551171,69.961,13,mem_efficient,1024,0
540.631816837,67.921,13,mem_efficient,1024,0
540.677561967,67.921,13,mem_efficient,1024,0
540.720781344,68.266,13,mem_efficient,1024,0
540.764432733,68.266,13,mem_efficient,1024,0
540.952100699,44.177,13,mem_efficient,1024,1
540.995042532,44.177,13,mem_efficient,1024,1
541.046029554,85.336,13,mem_efficient,1024,1
541.091679602,85.336,13,mem_efficient,1024,1
541.134913166,66.374,13,mem_efficient,1024,1
541.332954735,64.383,13,mem_efficient,1024,1
541.377735719,64.383,13,mem_efficient,1024,1
541.420900581,70.682,13,mem_efficient,1024,1
541.464130849,70.682,13,mem_efficient,1024,1
541.51215679,68.018,13,mem_efficient,1024,1
541.556323762,68.018,13,mem_efficient,1024,1
541.600404377,68.018,13,mem_efficient,1024,1
541.643622892,64.964,13,mem_efficient,1024,1
541.686854543,64.964,13,mem_efficient,1024,1
541.732110601,67.631,13,mem_efficient,1024,1
541.775312895,67.631,13,mem_efficient,1024,1
541.818490321,68.211,13,mem_efficient,1024,1
541.861644312,68.211,13,mem_efficient,1024,1
541.932918325,35.407,13,mem_efficient,1024,2
541.978233067,35.407,13,mem_efficient,1024,2
542.022467789,64.77,13,mem_efficient,1024,2
542.071208177,64.77,13,mem_efficient,1024,2
542.120124553,65.448,13,mem_efficient,1024,2
542.164918191,65.448,13,mem_efficient,1024,2
542.208211991,65.448,13,mem_efficient,1024,2
542.25150004,70.058,13,mem_efficient,1024,2
542.303347159,70.058,13,mem_efficient,1024,2
542.347766036,67.921,13,mem_efficient,1024,2
542.391430179,67.921,13,mem_efficient,1024,2
542.434829422,64.77,13,mem_efficient,1024,2
542.478248443,64.77,13,mem_efficient,1024,2
542.527100506,66.028,13,mem_efficient,1024,2
542.573181172,66.028,13,mem_efficient,1024,2
542.616526882,66.028,13,mem_efficient,1024,2
542.659720319,70.927,13,mem_efficient,1024,2
542.705349275,70.927,13,mem_efficient,1024,2
542.748512123,68.308,13,mem_efficient,1024,2
542.791732492,68.308,13,mem_efficient,1024,2
542.834920739,63.899,13,mem_efficient,1024,2
542.905936512,63.899,13,mem_efficient,1024,3
542.951787956,114.31,13,mem_efficient,1024,3
542.999730948,114.31,13,mem_efficient,1024,3
543.046377885,63.552,13,mem_efficient,1024,3
543.097653083,63.552,13,mem_efficient,1024,3
543.140842361,69.619,13,mem_efficient,1024,3
543.184032642,69.619,13,mem_efficient,1024,3
543.227225458,69.619,13,mem_efficient,1024,3
543.278190269,68.845,13,mem_efficient,1024,3
543.324636087,68.845,13,mem_efficient,1024,3
543.367863169,66.181,13,mem_efficient,1024,3
543.410961804,66.181,13,mem_efficient,1024,3
543.460320201,66.319,13,mem_efficient,1024,3
543.503567071,66.319,13,mem_efficient,1024,3
543.549478561,64.48,13,mem_efficient,1024,3
543.592663973,64.48,13,mem_efficient,1024,3
543.642729091,68.405,13,mem_efficient,1024,3
543.68587719,68.405,13,mem_efficient,1024,3
543.729112157,68.405,13,mem_efficient,1024,3
543.772286507,68.308,13,mem_efficient,1024,3
543.815485014,68.308,13,mem_efficient,1024,3
543.889441192,35.289,13,mem_efficient,1024,4
543.932200654,35.289,13,mem_efficient,1024,4
543.975465659,81.878,13,mem_efficient,1024,4
544.021825312,81.878,13,mem_efficient,1024,4
544.068678365,65.407,13,mem_efficient,1024,4
544.111853998,65.407,13,mem_efficient,1024,4
544.155170893,66.084,13,mem_efficient,1024,4
544.199076501,66.084,13,mem_efficient,1024,4
544.242621234,66.084,13,mem_efficient,1024,4
544.292049185,66.858,13,mem_efficient,1024,4
544.335227974,66.858,13,mem_efficient,1024,4
544.378378869,67.341,13,mem_efficient,1024,4
544.423241129,67.341,13,mem_efficient,1024,4
544.46649358,69.232,13,mem_efficient,1024,4
544.514531104,69.232,13,mem_efficient,1024,4
544.557844442,66.858,13,mem_efficient,1024,4
544.601144223,66.858,13,mem_efficient,1024,4
544.644471347,66.858,13,mem_efficient,1024,4
544.687771049,66.374,13,mem_efficient,1024,4
544.734240784,66.374,13,mem_efficient,1024,4
544.777589861,68.308,13,mem_efficient,1024,4
544.850488929,68.308,13,mem_efficient,1024,5
544.89777688,52.9,13,mem_efficient,1024,5
544.944211508,52.9,13,mem_efficient,1024,5
544.990096366,65.697,13,mem_efficient,1024,5
545.033377352,65.697,13,mem_efficient,1024,5
545.082090727,65.544,13,mem_efficient,1024,5
545.125258775,65.544,13,mem_efficient,1024,5
545.168464456,65.544,13,mem_efficient,1024,5
545.214359304,65.544,13,mem_efficient,1024,5
545.257604331,64.286,13,mem_efficient,1024,5
545.308840584,64.286,13,mem_efficient,1024,5
545.352223796,64.286,13,mem_efficient,1024,5
545.39547322,70.155,13,mem_efficient,1024,5
545.447568938,70.155,13,mem_efficient,1024,5
545.492498588,68.072,13,mem_efficient,1024,5
545.535807538,68.072,13,mem_efficient,1024,5
545.579089755,68.888,13,mem_efficient,1024,5
545.622921271,68.888,13,mem_efficient,1024,5
545.666096573,68.308,13,mem_efficient,1024,5
545.709227018,68.308,13,mem_efficient,1024,5
545.752444091,68.308,13,mem_efficient,1024,5
545.82466599,57.037,13,mem_efficient,1024,6
545.87079009,93.28,13,mem_efficient,1024,6
545.919896552,93.28,13,mem_efficient,1024,6
545.964065247,93.28,13,mem_efficient,1024,6
546.01717603,63.899,13,mem_efficient,1024,6
546.060350491,63.899,13,mem_efficient,1024,6
546.103534852,64.77,13,mem_efficient,1024,6
546.146771002,64.77,13,mem_efficient,1024,6
546.197893527,65.351,13,mem_efficient,1024,6
546.243944789,65.351,13,mem_efficient,1024,6
546.287115633,68.996,13,mem_efficient,1024,6
546.330263494,68.996,13,mem_efficient,1024,6
546.37349772,68.018,13,mem_efficient,1024,6
546.425063619,68.018,13,mem_efficient,1024,6
546.470038377,68.018,13,mem_efficient,1024,6
546.513189033,64.964,13,mem_efficient,1024,6
546.556426326,64.964,13,mem_efficient,1024,6
546.600246731,67.825,13,mem_efficient,1024,6
546.643560832,67.825,13,mem_efficient,1024,6
546.68675962,68.169,13,mem_efficient,1024,6
546.729874487,68.169,13,mem_efficient,1024,6
546.800951495,35.776,13,mem_efficient,1024,7
546.84757627,35.776,13,mem_efficient,1024,7
546.893228693,65.932,13,mem_efficient,1024,7
546.940469144,65.932,13,mem_efficient,1024,7
546.990829231,63.803,13,mem_efficient,1024,7
547.034260928,63.803,13,mem_efficient,1024,7
547.077594727,63.803,13,mem_efficient,1024,7
547.120786612,72.279,13,mem_efficient,1024,7
547.172654352,72.279,13,mem_efficient,1024,7
547.217342028,67.879,13,mem_efficient,1024,7
547.260683681,67.879,13,mem_efficient,1024,7
547.304016067,65.157,13,mem_efficient,1024,7
547.347219484,65.157,13,mem_efficient,1024,7
547.396200196,66.567,13,mem_efficient,1024,7
547.442452754,66.567,13,mem_efficient,1024,7
547.485646262,66.567,13,mem_efficient,1024,7
547.528855651,70.972,13,mem_efficient,1024,7
547.572128472,70.972,13,mem_efficient,1024,7
547.615379241,68.308,13,mem_efficient,1024,7
547.659516165,68.308,13,mem_efficient,1024,7
547.70281666,63.609,13,mem_efficient,1024,7
547.775068316,63.609,13,mem_efficient,1024,8
547.820963456,113.525,13,mem_efficient,1024,8
547.869248617,113.525,13,mem_efficient,1024,8
547.914872825,65.31,13,mem_efficient,1024,8
547.965764005,65.31,13,mem_efficient,1024,8
548.00920493,69.372,13,mem_efficient,1024,8
548.052545762,69.372,13,mem_efficient,1024,8
548.095750622,69.372,13,mem_efficient,1024,8
548.146504187,68.845,13,mem_efficient,1024,8
548.192787515,68.845,13,mem_efficient,1024,8
548.235940155,66.319,13,mem_efficient,1024,8
548.279178058,66.319,13,mem_efficient,1024,8
548.329049986,65.254,13,mem_efficient,1024,8
548.372210791,65.254,13,mem_efficient,1024,8
548.418916592,64.286,13,mem_efficient,1024,8
548.462626355,64.286,13,mem_efficient,1024,8
548.51169747,68.405,13,mem_efficient,1024,8
548.554870795,68.405,13,mem_efficient,1024,8
548.598189734,68.405,13,mem_efficient,1024,8
548.641519755,68.459,13,mem_efficient,1024,8
548.684755265,68.459,13,mem_efficient,1024,8
548.760633938,35.602,13,mem_efficient,1024,9
548.803407508,35.602,13,mem_efficient,1024,9
548.846491314,95.235,13,mem_efficient,1024,9
548.897636283,95.235,13,mem_efficient,1024,9
548.941914871,64.964,13,mem_efficient,1024,9
548.985123979,64.964,13,mem_efficient,1024,9
549.028352064,65.738,13,mem_efficient,1024,9
549.071938509,65.738,13,mem_efficient,1024,9
549.122593865,65.641,13,mem_efficient,1024,9
549.165706327,65.641,13,mem_efficient,1024,9
549.208871351,65.641,13,mem_efficient,1024,9
549.252057845,69.372,13,mem_efficient,1024,9
549.295297503,69.372,13,mem_efficient,1024,9
549.34605224,68.749,13,mem_efficient,1024,9
549.389232082,68.749,13,mem_efficient,1024,9
549.432419739,67.825,13,mem_efficient,1024,9
549.475933564,67.825,13,mem_efficient,1024,9
549.519226173,67.051,13,mem_efficient,1024,9
549.571795054,67.051,13,mem_efficient,1024,9
549.61522151,67.051,13,mem_efficient,1024,9
549.6584678,68.169,13,mem_efficient,1024,9
549.737258336,37.043,13,mem_efficient,1024,10
549.780179129,37.043,13,mem_efficient,1024,10
549.831678139,64.19,13,mem_efficient,1024,10
549.87929259,64.19,13,mem_efficient,1024,10
549.922566122,64.19,13,mem_efficient,1024,10
549.96577473,64.77,13,mem_efficient,1024,10
550.014777404,64.77,13,mem_efficient,1024,10
550.057946565,66.512,13,mem_efficient,1024,10
550.103041364,66.512,13,mem_efficient,1024,10
550.146286833,69.329,13,mem_efficient,1024,10
550.189565685,69.329,13,mem_efficient,1024,10
550.237373659,67.921,13,mem_efficient,1024,10
550.281490114,67.921,13,mem_efficient,1024,10
550.326544896,67.921,13,mem_efficient,1024,10
550.369711994,65.351,13,mem_efficient,1024,10
550.412928967,65.351,13,mem_efficient,1024,10
550.461021539,70.488,13,mem_efficient,1024,10
550.504396446,70.488,13,mem_efficient,1024,10
550.547765903,67.728,13,mem_efficient,1024,10
550.591362588,67.728,13,mem_efficient,1024,10
550.634748647,63.125,13,mem_efficient,1024,10
550.714210751,63.125,13,mem_efficient,1024,11
550.757058333,113.907,13,mem_efficient,1024,11
550.807424812,113.907,13,mem_efficient,1024,11
550.852915844,61.228,13,mem_efficient,1024,11
550.896183535,61.228,13,mem_efficient,1024,11
550.939380079,70.348,13,mem_efficient,1024,11
550.992479882,70.348,13,mem_efficient,1024,11
551.035817358,70.348,13,mem_efficient,1024,11
551.080993253,68.169,13,mem_efficient,1024,11
551.124272516,68.169,13,mem_efficient,1024,11
551.17239759,65.6,13,mem_efficient,1024,11
551.215718223,65.6,13,mem_efficient,1024,11
551.25905639,66.374,13,mem_efficient,1024,11
551.304346886,66.374,13,mem_efficient,1024,11
551.347531467,63.706,13,mem_efficient,1024,11
551.399607509,63.706,13,mem_efficient,1024,11
551.442842137,63.706,13,mem_efficient,1024,11
551.486087114,67.728,13,mem_efficient,1024,11
551.529354094,67.728,13,mem_efficient,1024,11
551.573178487,68.308,13,mem_efficient,1024,11
551.616696981,68.308,13,mem_efficient,1024,11
551.687887584,34.529,13,mem_efficient,1024,12
551.730731709,34.529,13,mem_efficient,1024,12
551.781262755,73.824,13,mem_efficient,1024,12
551.827561832,73.824,13,mem_efficient,1024,12
551.872298882,68.308,13,mem_efficient,1024,12
551.915392458,68.308,13,mem_efficient,1024,12
551.96354792,67.148,13,mem_efficient,1024,12
552.008143468,67.148,13,mem_efficient,1024,12
552.053092737,67.148,13,mem_efficient,1024,12
552.096336612,66.471,13,mem_efficient,1024,12
552.146571358,66.471,13,mem_efficient,1024,12
552.189786238,65.061,13,mem_efficient,1024,12
552.232994905,65.061,13,mem_efficient,1024,12
552.27820674,63.842,13,mem_efficient,1024,12
552.321403494,63.842,13,mem_efficient,1024,12
552.3702719,72.955,13,mem_efficient,1024,12
552.415015262,72.955,13,mem_efficient,1024,12
552.458289136,72.955,13,mem_efficient,1024,12
552.501543661,67.051,13,mem_efficient,1024,12
552.544832874,67.051,13,mem_efficient,1024,12
552.5925541,68.308,13,mem_efficient,1024,12
552.665721212,39.457,13,mem_efficient,1024,13
552.715103347,39.457,13,mem_efficient,1024,13
552.761454244,39.457,13,mem_efficient,1024,13
552.809388711,62.932,13,mem_efficient,1024,13
552.858850619,62.932,13,mem_efficient,1024,13
552.902106157,65.835,13,mem_efficient,1024,13
552.945272313,65.835,13,mem_efficient,1024,13
552.988535966,63.899,13,mem_efficient,1024,13
553.040775042,63.899,13,mem_efficient,1024,13
553.084565028,71.41,13,mem_efficient,1024,13
553.127823542,71.41,13,mem_efficient,1024,13
553.171080172,71.41,13,mem_efficient,1024,13
553.214259933,69.425,13,mem_efficient,1024,13
553.261026031,69.425,13,mem_efficient,1024,13
553.304353838,63.996,13,mem_efficient,1024,13
553.347618884,63.996,13,mem_efficient,1024,13
553.390802694,69.232,13,mem_efficient,1024,13
553.433999759,69.232,13,mem_efficient,1024,13
553.477338557,67.825,13,mem_efficient,1024,13
553.526356289,67.825,13,mem_efficient,1024,13
553.569557062,67.825,13,mem_efficient,1024,13
553.641959782,63.164,13,mem_efficient,1024,14
553.686987201,89.073,13,mem_efficient,1024,14
553.734497822,89.073,13,mem_efficient,1024,14
553.781280171,64.81,13,mem_efficient,1024,14
553.832287765,64.81,13,mem_efficient,1024,14
553.875479209,64.81,13,mem_efficient,1024,14
553.918752912,65.641,13,mem_efficient,1024,14
553.96220598,65.641,13,mem_efficient,1024,14
554.012158403,71.068,13,mem_efficient,1024,14
554.056597299,71.068,13,mem_efficient,1024,14
554.099872349,66.471,13,mem_efficient,1024,14
554.143603707,66.471,13,mem_efficient,1024,14
554.187083732,65.987,13,mem_efficient,1024,14
554.236820651,65.987,13,mem_efficient,1024,14
554.281754273,65.987,13,mem_efficient,1024,14
554.325109498,66.084,13,mem_efficient,1024,14
554.36833928,66.084,13,mem_efficient,1024,14
554.417825316,67.921,13,mem_efficient,1024,14
554.461125023,67.921,13,mem_efficient,1024,14
554.504360086,68.308,13,mem_efficient,1024,14
554.54809427,68.308,13,mem_efficient,1024,14
554.626438012,35.212,13,mem_efficient,1024,15
554.669267954,35.212,13,mem_efficient,1024,15
554.712261261,77.493,13,mem_efficient,1024,15
554.758806265,77.493,13,mem_efficient,1024,15
554.804064512,69.039,13,mem_efficient,1024,15
554.847379579,69.039,13,mem_efficient,1024,15
554.89056665,69.039,13,mem_efficient,1024,15
554.935452691,64.48,13,mem_efficient,1024,15
554.987029711,64.48,13,mem_efficient,1024,15
555.030229116,68.32,13,mem_efficient,1024,15
555.07338711,68.32,13,mem_efficient,1024,15
555.116561687,63.706,13,mem_efficient,1024,15
555.172459294,63.706,13,mem_efficient,1024,15
555.217659199,67.535,13,mem_efficient,1024,15
555.260904111,67.535,13,mem_efficient,1024,15
555.310774516,72.183,13,mem_efficient,1024,15
555.35402565,72.183,13,mem_efficient,1024,15
555.397300019,72.183,13,mem_efficient,1024,15
555.440567525,67.631,13,mem_efficient,1024,15
555.483859056,67.631,13,mem_efficient,1024,15
555.52713086,68.405,13,mem_efficient,1024,15
555.606682854,39.262,13,mem_efficient,1024,16
555.65353558,39.262,13,mem_efficient,1024,16
555.699217032,39.262,13,mem_efficient,1024,16
555.745630884,63.125,13,mem_efficient,1024,16
555.788906766,63.125,13,mem_efficient,1024,16
555.837253568,66.816,13,mem_efficient,1024,16
555.880507318,66.816,13,mem_efficient,1024,16
555.923678237,63.803,13,mem_efficient,1024,16
555.969694243,63.803,13,mem_efficient,1024,16
556.020091222,69.522,13,mem_efficient,1024,16
556.063383966,69.522,13,mem_efficient,1024,16
556.106558763,69.522,13,mem_efficient,1024,16
556.149722629,69.425,13,mem_efficient,1024,16
556.196831148,69.425,13,mem_efficient,1024,16
556.24374905,64.674,13,mem_efficient,1024,16
556.287079256,64.674,13,mem_efficient,1024,16
556.330280224,69.232,13,mem_efficient,1024,16
556.37408319,69.232,13,mem_efficient,1024,16
556.417384851,67.728,13,mem_efficient,1024,16
556.466673537,67.728,13,mem_efficient,1024,16
556.509899793,67.728,13,mem_efficient,1024,16
556.582276326,62.777,13,mem_efficient,1024,17
556.628392395,90.265,13,mem_efficient,1024,17
556.674890098,90.265,13,mem_efficient,1024,17
556.720591959,64.964,13,mem_efficient,1024,17
556.764348146,64.964,13,mem_efficient,1024,17
556.811967658,64.964,13,mem_efficient,1024,17
556.855202491,65.544,13,mem_efficient,1024,17
556.898396164,65.544,13,mem_efficient,1024,17
556.943639122,70.682,13,mem_efficient,1024,17
556.986874265,70.682,13,mem_efficient,1024,17
557.035273389,67.148,13,mem_efficient,1024,17
557.078500937,67.148,13,mem_efficient,1024,17
557.121692076,67.148,13,mem_efficient,1024,17
557.166495788,66.512,13,mem_efficient,1024,17
557.209813149,66.512,13,mem_efficient,1024,17
557.258411536,65.504,13,mem_efficient,1024,17
557.301623084,65.504,13,mem_efficient,1024,17
557.344839832,67.825,13,mem_efficient,1024,17
557.388283957,67.825,13,mem_efficient,1024,17
557.431599706,68.266,13,mem_efficient,1024,17
557.47590583,68.266,13,mem_efficient,1024,17
557.549953409,36.556,13,mem_efficient,1024,18
557.592793311,36.556,13,mem_efficient,1024,18
557.643321723,73.148,13,mem_efficient,1024,18
557.688442977,73.148,13,mem_efficient,1024,18
557.73214573,73.148,13,mem_efficient,1024,18
557.775429036,63.125,13,mem_efficient,1024,18
557.825801097,63.125,13,mem_efficient,1024,18
557.868996714,70.637,13,mem_efficient,1024,18
557.914532195,70.637,13,mem_efficient,1024,18
557.957813277,68.211,13,mem_efficient,1024,18
558.00943294,68.211,13,mem_efficient,1024,18
558.052687841,64.77,13,mem_efficient,1024,18
558.095979953,64.77,13,mem_efficient,1024,18
558.139441402,67.341,13,mem_efficient,1024,18
558.183024926,67.341,13,mem_efficient,1024,18
558.23053606,67.341,13,mem_efficient,1024,18
558.273786893,70.295,13,mem_efficient,1024,18
558.317087042,70.295,13,mem_efficient,1024,18
558.360377411,67.921,13,mem_efficient,1024,18
558.403586494,67.921,13,mem_efficient,1024,18
558.447543557,65.061,13,mem_efficient,1024,18
558.522018314,65.061,13,mem_efficient,1024,19
558.564908944,83.796,13,mem_efficient,1024,19
558.616341065,83.796,13,mem_efficient,1024,19
558.662292787,65.891,13,mem_efficient,1024,19
558.706745173,65.891,13,mem_efficient,1024,19
558.749927885,71.024,13,mem_efficient,1024,19
558.797857144,71.024,13,mem_efficient,1024,19
558.8410832,71.024,13,mem_efficient,1024,19
558.887339829,65.31,13,mem_efficient,1024,19
558.930647081,65.31,13,mem_efficient,1024,19
558.980516856,69.039,13,mem_efficient,1024,19
559.024023211,69.039,13,mem_efficient,1024,19
559.0675108,64.48,13,mem_efficient,1024,19
559.112395108,64.48,13,mem_efficient,1024,19
559.155587088,67.244,13,mem_efficient,1024,19
559.20347676,67.244,13,mem_efficient,1024,19
559.246685262,67.244,13,mem_efficient,1024,19
559.289927399,67.879,13,mem_efficient,1024,19
559.333268226,67.879,13,mem_efficient,1024,19
559.376533456,67.921,13,mem_efficient,1024,19
559.421190427,67.921,13,mem_efficient,1024,19
