t,power_W,seed,backend,seq_len,batch_id
472.588896986,62.099,11,eafa,512,0
472.632412391,53.87,11,eafa,512,0
472.676045701,53.87,11,eafa,512,0
472.726285009,66.954,11,eafa,512,0
472.771417345,66.954,11,eafa,512,0
472.814380354,67.686,11,eafa,512,0
472.857375765,67.686,11,eafa,512,0
472.900389191,67.686,11,eafa,512,0
472.950222914,67.341,11,eafa,512,0
472.993375064,67.341,11,eafa,512,0
473.036466719,69.908,11,eafa,512,0
473.079563694,69.908,11,eafa,512,0
473.122543495,68.362,11,eafa,512,0
473.16560911,68.362,11,eafa,512,0
473.214176092,69.425,11,eafa,512,0
473.257333011,69.425,11,eafa,512,0
473.30051533,69.425,11,eafa,512,0
473.488689106,36.751,11,eafa,512,1
473.534724388,93.952,11,eafa,512,1
473.583981068,93.952,11,eafa,512,1
473.627094524,68.405,11,eafa,512,1
473.670848545,68.405,11,eafa,512,1
473.713862131,68.405,11,eafa,512,1
473.760335219,69.522,11,eafa,512,1
473.804181988,69.522,11,eafa,512,1
473.847180194,71.603,11,eafa,512,1
473.890158422,71.603,11,eafa,512,1
473.933142521,67.492,11,eafa,512,1
473.976171747,67.492,11,eafa,512,1
474.019204829,67.492,11,eafa,512,1
474.0621899,70.392,11,eafa,512,1
474.108055077,70.392,11,eafa,512,1
474.151223548,69.522,11,eafa,512,1
474.194379927,69.522,11,eafa,512,1
474.262071721,54.064,11,eafa,512,2
474.308377621,54.064,11,eafa,512,2
474.355524948,80.285,11,eafa,512,2
474.398707748,80.285,11,eafa,512,2
474.441720642,67.438,11,eafa,512,2
474.484742944,67.438,11,eafa,512,2
474.533794331,69.672,11,eafa,512,2
474.578118633,69.672,11,eafa,512,2
474.621103944,69.672,11,eafa,512,2
474.664181131,69.672,11,eafa,512,2
474.707402023,69.672,11,eafa,512,2
474.757168788,68.652,11,eafa,512,2
474.80022256,68.652,11,eafa,512,2
474.843296261,69.575,11,eafa,512,2
474.886335696,69.575,11,eafa,512,2
474.929556076,69.575,11,eafa,512,2
474.972722464,69.522,11,eafa,512,2
475.044738521,32.773,11,eafa,512,3
475.087488743,32.773,11,eafa,512,3
475.130665331,32.773,11,eafa,512,3
475.173720145,69.565,11,eafa,512,3
475.221401343,69.565,11,eafa,512,3
475.265180582,70.198,11,eafa,512,3
475.308744069,70.198,11,eafa,512,3
475.351701728,70.444,11,eafa,512,3
475.394651271,70.444,11,eafa,512,3
475.437757343,70.444,11,eafa,512,3
475.487985831,69.039,11,eafa,512,3
475.531015938,69.039,11,eafa,512,3
475.574034343,69.961,11,eafa,512,3
475.617090189,69.961,11,eafa,512,3
475.660156044,69.232,11,eafa,512,3
475.70736517,69.232,11,eafa,512,3
475.750436586,67.438,11,eafa,512,3
475.816641896,67.438,11,eafa,512,4
475.859400654,88.632,11,eafa,512,4
475.902307015,88.632,11,eafa,512,4
475.945878126,88.632,11,eafa,512,4
475.994095499,69.232,11,eafa,512,4
476.037221099,69.232,11,eafa,512,4
476.08017468,72.762,11,eafa,512,4
476.123151294,72.762,11,eafa,512,4
476.166134693,67.438,11,eafa,512,4
476.209110055,67.438,11,eafa,512,4
476.257228419,70.058,11,eafa,512,4
476.301323943,70.058,11,eafa,512,4
476.344344882,70.058,11,eafa,512,4
476.387319533,77.011,11,eafa,512,4
476.430523934,77.011,11,eafa,512,4
476.477058721,68.942,11,eafa,512,4
476.520746845,68.942,11,eafa,512,4
476.588354205,40.625,11,eafa,512,5
476.631200691,40.625,11,eafa,512,5
476.675285334,69.232,11,eafa,512,5
476.72497935,69.232,11,eafa,512,5
476.77040682,68.556,11,eafa,512,5
476.81336514,68.556,11,eafa,512,5
476.856364468,68.556,11,eafa,512,5
476.899710208,68.115,11,eafa,512,5
476.946041326,68.115,11,eafa,512,5
476.988955371,69.232,11,eafa,512,5
477.031974337,69.232,11,eafa,512,5
477.075051223,66.816,11,eafa,512,5
477.118026446,66.816,11,eafa,512,5
477.161367026,66.816,11,eafa,512,5
477.211272767,70.831,11,eafa,512,5
477.254578842,70.831,11,eafa,512,5
477.297722065,69.232,11,eafa,512,5
477.363737007,69.232,11,eafa,512,6
477.406557073,60.393,11,eafa,512,6
477.456711008,60.393,11,eafa,512,6
477.500103207,67.535,11,eafa,512,6
477.543907093,67.535,11,eafa,512,6
477.587014889,63.803,11,eafa,512,6
477.630170165,63.803,11,eafa,512,6
477.678886031,69.522,11,eafa,512,6
477.723039927,69.522,11,eafa,512,6
477.781076471,70.831,11,eafa,512,6
477.826774528,70.831,11,eafa,512,6
477.869858418,70.831,11,eafa,512,6
477.912880159,68.985,11,eafa,512,6
477.956032189,68.985,11,eafa,512,6
478.00128754,69.232,11,eafa,512,6
478.044419772,69.232,11,eafa,512,6
478.087493453,65.738,11,eafa,512,6
478.153479376,65.738,11,eafa,512,7
478.196362642,84.47,11,eafa,512,7
478.247646107,84.47,11,eafa,512,7
478.292985909,68.308,11,eafa,512,7
478.33664593,68.308,11,eafa,512,7
478.379674395,68.308,11,eafa,512,7
478.422658143,68.072,11,eafa,512,7
478.469205484,68.072,11,eafa,512,7
478.5122771,69.812,11,eafa,512,7
478.555332566,69.812,11,eafa,512,7
478.598331734,69.425,11,eafa,512,7
478.641301526,69.425,11,eafa,512,7
478.684333326,69.425,11,eafa,512,7
478.727784568,71.507,11,eafa,512,7
478.795191995,69.908,11,eafa,512,7
478.841044308,69.908,11,eafa,512,7
478.884293914,69.908,11,eafa,512,7
478.950223145,50.699,11,eafa,512,8
478.999185193,92.992,11,eafa,512,8
479.048501357,92.992,11,eafa,512,8
479.092332715,92.992,11,eafa,512,8
479.13554498,69.812,11,eafa,512,8
479.184190753,69.812,11,eafa,512,8
479.227391937,67.921,11,eafa,512,8
479.270635021,67.921,11,eafa,512,8
479.313646332,70.392,11,eafa,512,8
479.356649808,70.392,11,eafa,512,8
479.399745972,68.502,11,eafa,512,8
479.451326975,68.502,11,eafa,512,8
479.494414742,68.502,11,eafa,512,8
479.537404082,72.762,11,eafa,512,8
479.580500436,72.762,11,eafa,512,8
479.626824539,69.425,11,eafa,512,8
479.670612806,69.425,11,eafa,512,8
479.736834386,34.996,11,eafa,512,9
479.779728123,34.996,11,eafa,512,9
479.823097228,68.211,11,eafa,512,9
479.874102911,68.211,11,eafa,512,9
479.919715235,68.169,11,eafa,512,9
479.962740633,68.169,11,eafa,512,9
480.005771772,68.169,11,eafa,512,9
480.049212153,69.672,11,eafa,512,9
480.097153118,69.672,11,eafa,512,9
480.140120986,69.715,11,eafa,512,9
480.183090458,69.715,11,eafa,512,9
480.226160561,68.308,11,eafa,512,9
480.26916565,68.308,11,eafa,512,9
480.312220334,70.541,11,eafa,512,9
480.364544799,70.541,11,eafa,512,9
480.407675418,70.541,11,eafa,512,9
480.450819663,69.425,11,eafa,512,9
480.517377774,34.606,11,eafa,512,10
480.566190234,34.606,11,eafa,512,10
480.609499435,34.606,11,eafa,512,10
480.653228148,69.908,11,eafa,512,10
480.697081899,69.908,11,eafa,512,10
480.740118068,67.728,11,eafa,512,10
480.783259328,67.728,11,eafa,512,10
480.829728599,70.058,11,eafa,512,10
480.87289669,70.058,11,eafa,512,10
480.915850912,70.058,11,eafa,512,10
480.958869347,70.734,11,eafa,512,10
481.001927468,70.734,11,eafa,512,10
481.045015035,68.985,11,eafa,512,10
481.089465938,68.985,11,eafa,512,10
481.133248794,69.619,11,eafa,512,10
481.176242572,69.619,11,eafa,512,10
481.219359252,69.619,11,eafa,512,10
481.284572455,69.812,11,eafa,512,11
481.33328395,91.322,11,eafa,512,11
481.383274561,91.322,11,eafa,512,11
481.426493236,91.322,11,eafa,512,11
481.470373316,69.768,11,eafa,512,11
481.518347081,69.768,11,eafa,512,11
481.561352649,70.058,11,eafa,512,11
481.604426127,70.058,11,eafa,512,11
481.64779562,70.444,11,eafa,512,11
481.690763215,70.444,11,eafa,512,11
481.733772441,67.396,11,eafa,512,11
481.78524849,67.396,11,eafa,512,11
481.828378135,67.396,11,eafa,512,11
481.871456763,72.717,11,eafa,512,11
481.914568234,72.717,11,eafa,512,11
481.959044784,69.715,11,eafa,512,11
482.00232155,69.715,11,eafa,512,11
482.068417123,35.678,11,eafa,512,12
482.111204153,35.678,11,eafa,512,12
482.154478815,70.058,11,eafa,512,12
482.197953269,70.058,11,eafa,512,12
482.245501231,68.362,11,eafa,512,12
482.291933098,68.362,11,eafa,512,12
482.334974825,68.362,11,eafa,512,12
482.377970214,72.086,11,eafa,512,12
482.422012013,72.086,11,eafa,512,12
482.472692692,68.695,11,eafa,512,12
482.515792771,68.695,11,eafa,512,12
482.558900715,70.488,11,eafa,512,12
482.602036682,70.488,11,eafa,512,12
482.64502145,69.715,11,eafa,512,12
482.691367864,69.715,11,eafa,512,12
482.734581901,69.715,11,eafa,512,12
482.777698301,69.522,11,eafa,512,12
482.845573663,69.522,11,eafa,512,13
482.888466114,35.678,11,eafa,512,13
482.938095364,35.678,11,eafa,512,13
482.981418299,66.471,11,eafa,512,13
483.025265165,66.471,11,eafa,512,13
483.068632735,70.005,11,eafa,512,13
483.111749836,70.005,11,eafa,512,13
483.160416295,67.589,11,eafa,512,13
483.203460447,67.589,11,eafa,512,13
483.246533224,67.589,11,eafa,512,13
483.289601742,72.472,11,eafa,512,13
483.332589456,72.472,11,eafa,512,13
483.376012502,68.942,11,eafa,512,13
483.425032417,68.942,11,eafa,512,13
483.468178634,69.039,11,eafa,512,13
483.511359827,69.039,11,eafa,512,13
483.554491587,69.039,11,eafa,512,13
483.619374791,70.102,11,eafa,512,14
483.665763186,82.79,11,eafa,512,14
483.712572806,82.79,11,eafa,512,14
483.756655192,82.79,11,eafa,512,14
483.800171917,71.7,11,eafa,512,14
483.843280352,71.7,11,eafa,512,14
483.890660422,68.792,11,eafa,512,14
483.933652895,68.792,11,eafa,512,14
483.97668809,67.051,11,eafa,512,14
484.019749394,67.051,11,eafa,512,14
484.062788386,67.051,11,eafa,512,14
484.105891391,69.135,11,eafa,512,14
484.153899291,69.135,11,eafa,512,14
484.196916912,73.778,11,eafa,512,14
484.240161547,73.778,11,eafa,512,14
484.283376986,69.135,11,eafa,512,14
484.326607955,69.135,11,eafa,512,14
484.394525223,57.91,11,eafa,512,15
484.438853339,57.91,11,eafa,512,15
484.482361567,71.7,11,eafa,512,15
484.525865759,71.7,11,eafa,512,15
484.568905101,71.7,11,eafa,512,15
484.612101444,68.459,11,eafa,512,15
484.660507195,68.459,11,eafa,512,15
484.703512993,67.396,11,eafa,512,15
484.746616448,67.396,11,eafa,512,15
484.789820025,68.942,11,eafa,512,15
484.83284501,68.942,11,eafa,512,15
484.875881858,67.051,11,eafa,512,15
484.925703655,67.051,11,eafa,512,15
484.968739782,67.051,11,eafa,512,15
485.011893593,69.522,11,eafa,512,15
485.055012858,69.522,11,eafa,512,15
485.09820885,69.039,11,eafa,512,15
485.169643825,69.039,11,eafa,512,16
485.212540084,58.904,11,eafa,512,16
485.256991555,58.904,11,eafa,512,16
485.301179113,69.812,11,eafa,512,16
485.345989721,69.812,11,eafa,512,16
485.391649994,66.181,11,eafa,512,16
485.434656744,66.181,11,eafa,512,16
485.47762453,66.181,11,eafa,512,16
485.520710652,72.086,11,eafa,512,16
485.56411354,72.086,11,eafa,512,16
485.608658039,68.652,11,eafa,512,16
485.656500193,68.652,11,eafa,512,16
485.699459001,67.438,11,eafa,512,16
485.742792436,67.438,11,eafa,512,16
485.786016892,68.556,11,eafa,512,16
485.836322415,68.556,11,eafa,512,16
485.879569234,68.556,11,eafa,512,16
485.945979161,66.084,11,eafa,512,17
485.988842698,86.148,11,eafa,512,17
486.040542235,86.148,11,eafa,512,17
486.083851082,86.148,11,eafa,512,17
486.128082203,70.831,11,eafa,512,17
486.171082351,70.831,11,eafa,512,17
486.214572976,68.942,11,eafa,512,17
486.264117674,68.942,11,eafa,512,17
486.307139012,64.964,11,eafa,512,17
486.350137046,64.964,11,eafa,512,17
486.393096145,64.964,11,eafa,512,17
486.436124537,71.261,11,eafa,512,17
486.48356397,71.261,11,eafa,512,17
486.527535906,72.376,11,eafa,512,17
486.570706399,72.376,11,eafa,512,17
486.613824031,69.329,11,eafa,512,17
486.656983614,69.329,11,eafa,512,17
486.721695324,55.001,11,eafa,512,18
486.769370749,55.001,11,eafa,512,18
486.814469098,69.039,11,eafa,512,18
486.857545521,69.039,11,eafa,512,18
486.90081851,69.039,11,eafa,512,18
486.94396109,68.942,11,eafa,512,18
486.992794068,68.942,11,eafa,512,18
487.035718891,67.203,11,eafa,512,18
487.078953277,67.203,11,eafa,512,18
487.122121826,68.266,11,eafa,512,18
487.165136973,68.266,11,eafa,512,18
487.208153842,66.664,11,eafa,512,18
487.257235575,66.664,11,eafa,512,18
487.300286751,66.664,11,eafa,512,18
487.343440592,69.479,11,eafa,512,18
487.386570918,69.479,11,eafa,512,18
487.429684543,69.329,11,eafa,512,18
487.496741075,69.329,11,eafa,512,19
487.541875673,63.028,11,eafa,512,19
487.584888585,63.028,11,eafa,512,19
487.629139734,67.728,11,eafa,512,19
487.672705864,67.728,11,eafa,512,19
487.715760415,67.921,11,eafa,512,19
487.763662012,67.921,11,eafa,512,19
487.806818198,67.921,11,eafa,512,19
487.849860386,72.427,11,eafa,512,19
487.893200884,72.427,11,eafa,512,19
487.93626269,68.652,11,eafa,512,19
487.979392566,68.652,11,eafa,512,19
488.027017644,66.222,11,eafa,512,19
488.070088607,66.222,11,eafa,512,19
488.113231908,66.222,11,eafa,512,19
488.156419715,68.749,11,eafa,512,19
488.199678828,68.749,11,eafa,512,19
490.400196795,65.214,11,math,512,0
490.443657647,65.214,11,math,512,0
490.487669171,65.891,11,math,512,0
490.632095542,65.891,11,math,512,0
490.676405557,64.093,11,math,512,0
490.719393114,64.093,11,math,512,0
490.768108309,71.507,11,math,512,0
490.811420527,71.507,11,math,512,0
490.854547771,71.507,11,math,512,0
490.897642212,67.921,11,math,512,0
490.940695875,67.921,11,math,512,0
490.983718639,71.893,11,math,512,0
491.027093707,71.893,11,math,512,0
491.070646604,68.652,11,math,512,0
491.113757987,68.652,11,math,512,0
491.318275421,39.239,11,math,512,1
491.361192543,39.239,11,math,512,1
491.404120826,96.325,11,math,512,1
491.4481004,96.325,11,math,512,1
491.496967386,67.299,11,math,512,1
491.540725646,67.299,11,math,512,1
491.583911351,70.979,11,math,512,1
491.627054585,70.979,11,math,512,1
491.670087589,65.214,11,math,512,1
491.719546577,65.214,11,math,512,1
491.762557378,65.214,11,math,512,1
491.805901016,71.41,11,math,512,1
491.849043508,71.41,11,math,512,1
491.892128742,71.558,11,math,512,1
491.935264061,71.558,11,math,512,1
491.980381379,68.652,11,math,512,1
492.023571964,68.652,11,math,512,1
492.06665336,68.652,11,math,512,1
492.132643279,48.884,11,math,512,2
492.175538209,88.689,11,math,512,2
492.218946189,88.689,11,math,512,2
492.268102258,88.689,11,math,512,2
492.312294558,69.961,11,math,512,2
492.355522525,69.961,11,math,512,2
492.398625232,68.266,11,math,512,2
492.441726776,68.266,11,math,512,2
492.490308768,68.115,11,math,512,2
492.533286155,68.115,11,math,512,2
492.59339956,69.812,11,math,512,2
492.643288099,69.812,11,math,512,2
492.686353956,71.7,11,math,512,2
492.734997334,71.7,11,math,512,2
492.778091765,71.7,11,math,512,2
492.821234789,68.749,11,math,512,2
492.864465491,68.749,11,math,512,2
492.930282258,55.132,11,math,512,3
492.976760468,55.132,11,math,512,3
493.024444593,79.469,11,math,512,3
493.067518886,79.469,11,math,512,3
493.110892721,68.749,11,math,512,3
493.160772643,68.749,11,math,512,3
493.203790398,64.343,11,math,512,3
493.246939162,64.343,11,math,512,3
493.289917492,64.343,11,math,512,3
493.333056187,70.637,11,math,512,3
493.376238286,70.637,11,math,512,3
493.424260247,66.858,11,math,512,3
493.467278773,66.858,11,math,512,3
493.510582013,72.666,11,math,512,3
493.553746588,72.666,11,math,512,3
493.596946641,68.845,11,math,512,3
493.643557204,68.845,11,math,512,3
493.711956659,39.628,11,math,512,4
493.754884612,39.628,11,math,512,4
493.79870447,66.858,11,math,512,4
493.850656494,66.858,11,math,512,4
493.895054386,66.858,11,math,512,4
493.93839076,70.927,11,math,512,4
493.981765798,70.927,11,math,512,4
494.024841152,67.106,11,math,512,4
494.073057374,67.106,11,math,512,4
494.116270342,70.058,11,math,512,4
494.159508427,70.058,11,math,512,4
494.202523447,66.858,11,math,512,4
494.24639341,66.858,11,math,512,4
494.295500145,66.858,11,math,512,4
494.338681802,69.329,11,math,512,4
494.381797063,69.329,11,math,512,4
494.424980314,69.039,11,math,512,4
494.490916471,69.039,11,math,512,5
494.538916149,64.15,11,math,512,5
494.585485593,64.15,11,math,512,5
494.629474293,68.362,11,math,512,5
494.673200232,68.362,11,math,512,5
494.718887459,65.351,11,math,512,5
494.763356047,65.351,11,math,512,5
494.806338434,65.351,11,math,512,5
494.849467361,72.472,11,math,512,5
494.892524811,72.472,11,math,512,5
494.935684607,67.438,11,math,512,5
494.984488312,67.438,11,math,512,5
495.027482492,68.598,11,math,512,5
495.070531486,68.598,11,math,512,5
495.113713835,68.942,11,math,512,5
495.157818016,68.942,11,math,512,5
495.202771852,68.942,11,math,512,5
495.269350106,68.072,11,math,512,6
495.312252229,68.072,11,math,512,6
495.355554688,88.208,11,math,512,6
495.399237704,88.208,11,math,512,6
495.442423099,68.266,11,math,512,6
495.491518351,68.266,11,math,512,6
495.534838324,68.942,11,math,512,6
495.578220234,68.942,11,math,512,6
495.621236466,68.362,11,math,512,6
495.664746582,68.362,11,math,512,6
495.714282847,68.362,11,math,512,6
495.757631634,71.99,11,math,512,6
495.801357723,71.99,11,math,512,6
495.844445762,71.41,11,math,512,6
495.887656605,71.41,11,math,512,6
495.932732685,68.996,11,math,512,6
495.976028851,68.996,11,math,512,6
496.042537061,44.663,11,math,512,7
496.085416741,44.663,11,math,512,7
496.128313274,69.715,11,math,512,7
496.173087687,69.715,11,math,512,7
496.221545601,69.715,11,math,512,7
496.264530312,71.313,11,math,512,7
496.30753448,71.313,11,math,512,7
496.350559239,68.266,11,math,512,7
496.394031502,68.266,11,math,512,7
496.444015223,66.567,11,math,512,7
496.487117028,66.567,11,math,512,7
496.530471827,66.567,11,math,512,7
496.573490413,68.845,11,math,512,7
496.616662322,68.845,11,math,512,7
496.666507698,69.715,11,math,512,7
496.70962319,69.715,11,math,512,7
496.752792333,69.039,11,math,512,7
496.819506457,69.039,11,math,512,8
496.868012604,68.556,11,math,512,8
496.913607204,68.556,11,math,512,8
496.956706855,69.232,11,math,512,8
497.00089141,69.232,11,math,512,8
497.044244886,65.891,11,math,512,8
497.092845664,65.891,11,math,512,8
497.13619923,65.891,11,math,512,8
497.179225481,72.279,11,math,512,8
497.22266963,72.279,11,math,512,8
497.26570125,67.782,11,math,512,8
497.315473596,67.782,11,math,512,8
497.358476782,69.522,11,math,512,8
497.40172154,69.522,11,math,512,8
497.444890322,69.092,11,math,512,8
497.48799435,69.092,11,math,512,8
497.532979685,69.092,11,math,512,8
497.598311084,69.619,11,math,512,9
497.641411786,69.619,11,math,512,9
497.684530704,87.398,11,math,512,9
497.727967799,87.398,11,math,512,9
497.771174434,68.556,11,math,512,9
497.814810469,68.556,11,math,512,9
497.862059081,67.148,11,math,512,9
497.905235428,67.148,11,math,512,9
497.948312876,67.148,11,math,512,9
497.991395974,67.879,11,math,512,9
498.034463573,67.879,11,math,512,9
498.07750404,71.165,11,math,512,9
498.125967634,71.165,11,math,512,9
498.168969658,71.217,11,math,512,9
498.212216239,71.217,11,math,512,9
498.255311501,69.232,11,math,512,9
498.298392055,69.232,11,math,512,9
498.343137832,69.232,11,math,512,9
498.413263796,45.511,11,math,512,10
498.456054395,94.947,11,math,512,10
498.499474428,94.947,11,math,512,10
498.545673263,94.947,11,math,512,10
498.591913597,67.203,11,math,512,10
498.634954956,67.203,11,math,512,10
498.678317548,70.251,11,math,512,10
498.72159601,70.251,11,math,512,10
498.764728503,64.48,11,math,512,10
498.813469387,64.48,11,math,512,10
498.856448968,64.48,11,math,512,10
498.899422577,70.26,11,math,512,10
498.942504844,70.26,11,math,512,10
498.985649611,72.137,11,math,512,10
499.02933979,72.137,11,math,512,10
499.07247105,69.329,11,math,512,10
499.11563308,69.329,11,math,512,10
499.158743491,69.329,11,math,512,10
499.225868438,60.453,11,math,512,11
499.268767515,88.208,11,math,512,11
499.319857419,88.208,11,math,512,11
499.365013751,69.865,11,math,512,11
499.410670239,69.865,11,math,512,11
499.453792142,69.865,11,math,512,11
499.499133277,67.148,11,math,512,11
499.543125273,67.148,11,math,512,11
499.586115143,71.603,11,math,512,11
499.629255271,71.603,11,math,512,11
499.672677378,64.73,11,math,512,11
499.715688939,64.73,11,math,512,11
499.765015323,64.73,11,math,512,11
499.808015463,72.279,11,math,512,11
499.851192311,72.279,11,math,512,11
499.894329853,68.749,11,math,512,11
499.937537189,68.749,11,math,512,11
499.984338506,61.325,11,math,512,11
500.050144452,61.325,11,math,512,12
500.092924752,94.18,11,math,512,12
500.136216249,94.18,11,math,512,12
500.180263692,67.879,11,math,512,12
500.228502456,67.879,11,math,512,12
500.272629019,67.879,11,math,512,12
500.315656902,70.444,11,math,512,12
500.358800166,70.444,11,math,512,12
500.401816687,68.899,11,math,512,12
500.445021689,68.899,11,math,512,12
500.495566021,66.526,11,math,512,12
500.538742708,66.526,11,math,512,12
500.58202135,70.155,11,math,512,12
500.626302209,70.155,11,math,512,12
500.669471923,70.155,11,math,512,12
500.715259772,68.749,11,math,512,12
500.75886579,68.749,11,math,512,12
500.824733283,62.39,11,math,512,13
500.867612211,62.39,11,math,512,13
500.911291139,76.047,11,math,512,13
500.961908139,76.047,11,math,512,13
501.006851644,69.425,11,math,512,13
501.049910166,69.425,11,math,512,13
501.093016359,64.633,11,math,512,13
501.135984598,64.633,11,math,512,13
501.185281144,64.633,11,math,512,13
501.228414989,69.725,11,math,512,13
501.271581287,69.725,11,math,512,13
501.314915927,68.556,11,math,512,13
501.359509844,68.556,11,math,512,13
501.407895378,72.376,11,math,512,13
501.451034064,72.376,11,math,512,13
501.49428851,68.845,11,math,512,13
501.538417839,68.845,11,math,512,13
501.581636065,68.845,11,math,512,13
501.65313336,44.831,11,math,512,14
501.695962303,44.831,11,math,512,14
501.739098984,94.24,11,math,512,14
501.7822275,94.24,11,math,512,14
501.826171023,66.954,11,math,512,14
501.878052511,66.954,11,math,512,14
501.921096244,70.734,11,math,512,14
501.96410471,70.734,11,math,512,14
502.007488143,66.277,11,math,512,14
502.054687741,66.277,11,math,512,14
502.098971605,66.277,11,math,512,14
502.141975732,71.507,11,math,512,14
502.184989068,71.507,11,math,512,14
502.228190703,70.444,11,math,512,14
502.271815206,70.444,11,math,512,14
502.31568535,69.039,11,math,512,14
502.358766394,69.039,11,math,512,14
502.40198413,69.039,11,math,512,14
502.468983869,60.453,11,math,512,15
502.511776102,89.073,11,math,512,15
502.554950605,89.073,11,math,512,15
502.604369736,89.073,11,math,512,15
502.647640694,70.198,11,math,512,15
502.690781823,70.198,11,math,512,15
502.733907573,68.072,11,math,512,15
502.778619646,68.072,11,math,512,15
502.827007245,70.444,11,math,512,15
502.869996173,70.444,11,math,512,15
502.913313289,64.593,11,math,512,15
502.958451607,64.593,11,math,512,15
503.010090922,64.593,11,math,512,15
503.053107313,71.076,11,math,512,15
503.096303908,71.076,11,math,512,15
503.139453504,68.556,11,math,512,15
503.182637134,68.556,11,math,512,15
503.229036412,62.545,11,math,512,15
503.294883827,62.545,11,math,512,16
503.337687482,98.434,11,math,512,16
503.38062887,98.434,11,math,512,16
503.423839101,67.589,11,math,512,16
503.468420314,67.589,11,math,512,16
503.516786171,67.589,11,math,512,16
503.559977757,70.541,11,math,512,16
503.603014717,70.541,11,math,512,16
503.646392189,68.211,11,math,512,16
503.690023084,68.211,11,math,512,16
503.739535994,68.845,11,math,512,16
503.782612741,68.845,11,math,512,16
503.825645393,66.623,11,math,512,16
503.869825629,66.623,11,math,512,16
503.913019299,66.623,11,math,512,16
503.957468289,68.845,11,math,512,16
504.000701134,68.845,11,math,512,16
504.043817806,64.77,11,math,512,16
504.110955036,64.77,11,math,512,17
504.153734675,80.093,11,math,512,17
504.197887598,80.093,11,math,512,17
504.247216166,68.556,11,math,512,17
504.291135994,68.556,11,math,512,17
504.334174728,64.19,11,math,512,17
504.377247237,64.19,11,math,512,17
504.421084106,64.19,11,math,512,17
504.469106907,71.507,11,math,512,17
504.512556978,71.507,11,math,512,17
504.556872632,67.879,11,math,512,17
504.601994228,67.879,11,math,512,17
504.65125734,70.4,11,math,512,17
504.694232502,70.4,11,math,512,17
504.737408409,69.135,11,math,512,17
504.780785679,69.135,11,math,512,17
504.823924204,69.135,11,math,512,17
504.868309282,69.232,11,math,512,17
504.940068177,37.021,11,math,512,18
504.982761801,37.021,11,math,512,18
505.025674194,37.021,11,math,512,18
505.076576009,67.396,11,math,512,18
505.125241779,67.396,11,math,512,18
505.168560709,66.664,11,math,512,18
505.218560109,66.664,11,math,512,18
505.262021271,71.751,11,math,512,18
505.305037452,71.751,11,math,512,18
505.348121995,64.247,11,math,512,18
505.391141012,64.247,11,math,512,18
505.434220615,64.247,11,math,512,18
505.481751917,71.41,11,math,512,18
505.525529635,71.41,11,math,512,18
505.568719148,68.942,11,math,512,18
505.612247558,68.942,11,math,512,18
505.655477198,69.092,11,math,512,18
505.699637066,69.092,11,math,512,18
505.769902789,32.968,11,math,512,19
505.812999865,32.968,11,math,512,19
505.85741988,66.761,11,math,512,19
505.908170287,66.761,11,math,512,19
505.954168158,70.541,11,math,512,19
505.997548646,70.541,11,math,512,19
506.040925397,70.541,11,math,512,19
506.090778628,68.556,11,math,512,19
506.134112117,68.556,11,math,512,19
506.177132306,70.392,11,math,512,19
506.220203142,70.392,11,math,512,19
506.263352608,66.567,11,math,512,19
506.313058368,66.567,11,math,512,19
506.356064901,66.567,11,math,512,19
506.399290683,69.908,11,math,512,19
506.442525103,69.908,11,math,512,19
506.485806832,68.845,11,math,512,19
506.530455083,68.845,11,math,512,19
508.758022616,62.099,11,mem_efficient,512,0
508.808665136,83.079,11,mem_efficient,512,0
508.8544969,83.079,11,mem_efficient,512,0
508.898743924,69.039,11,mem_efficient,512,0
508.942182744,69.039,11,mem_efficient,512,0
508.985293055,69.039,11,mem_efficient,512,0
509.030440571,69.232,11,mem_efficient,512,0
509.07453787,69.232,11,mem_efficient,512,0
509.117524134,69.135,11,mem_efficient,512,0
509.160563129,69.135,11,mem_efficient,512,0
509.203616592,67.921,11,mem_efficient,512,0
509.24745774,67.921,11,mem_efficient,512,0
509.29641512,67.921,11,mem_efficient,512,0
509.33951446,68.845,11,mem_efficient,512,0
509.382700747,68.845,11,mem_efficient,512,0
509.425934294,68.652,11,mem_efficient,512,0
509.469166178,68.652,11,mem_efficient,512,0
509.513965498,64.383,11,mem_efficient,512,0
509.717962497,40.699,11,mem_efficient,512,1
509.76091667,40.699,11,mem_efficient,512,1
509.808563824,67.492,11,mem_efficient,512,1
509.851877494,67.492,11,mem_efficient,512,1
509.89504723,67.492,11,mem_efficient,512,1
509.944143043,69.575,11,mem_efficient,512,1
509.987605528,69.575,11,mem_efficient,512,1
510.030723013,68.072,11,mem_efficient,512,1
510.073790984,68.072,11,mem_efficient,512,1
510.118087633,71.128,11,mem_efficient,512,1
510.166439544,71.128,11,mem_efficient,512,1
510.216294349,72.569,11,mem_efficient,512,1
510.265438936,72.569,11,mem_efficient,512,1
510.311594068,72.569,11,mem_efficient,512,1
510.354878132,69.329,11,mem_efficient,512,1
510.398150002,69.329,11,mem_efficient,512,1
510.441422343,69.039,11,mem_efficient,512,1
510.484544788,69.039,11,mem_efficient,512,1
510.557283818,32.871,11,mem_efficient,512,2
510.60005953,32.871,11,mem_efficient,512,2
510.64350906,81.056,11,mem_efficient,512,2
510.688190926,81.056,11,mem_efficient,512,2
510.737821512,67.492,11,mem_efficient,512,2
510.780898881,67.492,11,mem_efficient,512,2
510.823962513,66.471,11,mem_efficient,512,2
510.867005296,66.471,11,mem_efficient,512,2
510.910080741,66.471,11,mem_efficient,512,2
510.960061336,70.831,11,mem_efficient,512,2
511.003007584,70.831,11,mem_efficient,512,2
511.046098899,65.6,11,mem_efficient,512,2
511.090271281,65.6,11,mem_efficient,512,2
511.143986104,72.137,11,mem_efficient,512,2
511.187177631,72.137,11,mem_efficient,512,2
511.230417741,68.749,11,mem_efficient,512,2
511.273493306,68.749,11,mem_efficient,512,2
511.316604659,68.749,11,mem_efficient,512,2
511.387209387,49.759,11,mem_efficient,512,3
511.429987584,98.754,11,mem_efficient,512,3
511.473197166,98.754,11,mem_efficient,512,3
511.51770047,98.754,11,mem_efficient,512,3
511.56847359,66.471,11,mem_efficient,512,3
511.611730012,66.471,11,mem_efficient,512,3
511.65507418,69.768,11,mem_efficient,512,3
511.698151078,69.768,11,mem_efficient,512,3
511.741201846,66.374,11,mem_efficient,512,3
511.784225823,66.374,11,mem_efficient,512,3
511.831775291,66.374,11,mem_efficient,512,3
511.874807974,68.266,11,mem_efficient,512,3
511.918668179,68.266,11,mem_efficient,512,3
511.963940493,71.217,11,mem_efficient,512,3
512.015105302,71.217,11,mem_efficient,512,3
512.05829212,68.845,11,mem_efficient,512,3
512.101395568,68.845,11,mem_efficient,512,3
512.144493787,62.39,11,mem_efficient,512,3
512.217687841,62.39,11,mem_efficient,512,4
512.260460817,101.85,11,mem_efficient,512,4
512.30373911,101.85,11,mem_efficient,512,4
512.346988338,64.48,11,mem_efficient,512,4
512.390179784,64.48,11,mem_efficient,512,4
512.439807976,64.48,11,mem_efficient,512,4
512.482817885,70.927,11,mem_efficient,512,4
512.525864875,70.927,11,mem_efficient,512,4
512.569017378,67.686,11,mem_efficient,512,4
512.613157528,67.686,11,mem_efficient,512,4
512.662678765,70.058,11,mem_efficient,512,4
512.70587474,70.058,11,mem_efficient,512,4
512.74929835,66.623,11,mem_efficient,512,4
512.793900263,66.623,11,mem_efficient,512,4
512.837073395,66.623,11,mem_efficient,512,4
512.881182736,68.845,11,mem_efficient,512,4
512.92431028,68.845,11,mem_efficient,512,4
512.967493892,69.135,11,mem_efficient,512,4
513.035334385,69.135,11,mem_efficient,512,5
513.078139183,64.827,11,mem_efficient,512,5
513.121253251,64.827,11,mem_efficient,512,5
513.169942528,68.169,11,mem_efficient,512,5
513.214888839,68.169,11,mem_efficient,512,5
513.258062222,66.415,11,mem_efficient,512,5
513.301386513,66.415,11,mem_efficient,512,5
513.3519749,66.415,11,mem_efficient,512,5
513.395048602,69.232,11,mem_efficient,512,5
513.438195834,69.232,11,mem_efficient,512,5
513.483286852,69.285,11,mem_efficient,512,5
513.534496968,69.285,11,mem_efficient,512,5
513.577514954,68.169,11,mem_efficient,512,5
513.62061716,68.169,11,mem_efficient,512,5
513.663766797,69.039,11,mem_efficient,512,5
513.706852752,69.039,11,mem_efficient,512,5
513.752289491,69.039,11,mem_efficient,512,5
513.795412147,68.942,11,mem_efficient,512,5
513.864219262,36.166,11,mem_efficient,512,6
513.906969035,36.166,11,mem_efficient,512,6
513.950091961,36.166,11,mem_efficient,512,6
514.000807852,67.879,11,mem_efficient,512,6
514.04706012,67.879,11,mem_efficient,512,6
514.090219366,66.429,11,mem_efficient,512,6
514.133250586,66.429,11,mem_efficient,512,6
514.183417417,71.313,11,mem_efficient,512,6
514.226560472,71.313,11,mem_efficient,512,6
514.269645275,65.794,11,mem_efficient,512,6
514.314406623,65.794,11,mem_efficient,512,6
514.365457174,65.794,11,mem_efficient,512,6
514.40841808,69.232,11,mem_efficient,512,6
514.45159546,69.232,11,mem_efficient,512,6
514.494764103,69.285,11,mem_efficient,512,6
514.538025334,69.285,11,mem_efficient,512,6
514.588050364,69.039,11,mem_efficient,512,6
514.631242432,69.039,11,mem_efficient,512,6
514.697420378,32.949,11,mem_efficient,512,7
514.74019593,32.949,11,mem_efficient,512,7
514.783686268,67.782,11,mem_efficient,512,7
514.833778957,67.782,11,mem_efficient,512,7
514.877096986,65.02,11,mem_efficient,512,7
514.920106495,65.02,11,mem_efficient,512,7
514.964645859,65.02,11,mem_efficient,512,7
515.014328995,70.979,11,mem_efficient,512,7
515.057786591,70.979,11,mem_efficient,512,7
515.101750484,69.522,11,mem_efficient,512,7
515.147057626,69.522,11,mem_efficient,512,7
515.19699571,69.575,11,mem_efficient,512,7
515.240440371,69.575,11,mem_efficient,512,7
515.284676825,70.831,11,mem_efficient,512,7
515.327769513,70.831,11,mem_efficient,512,7
515.371046173,70.831,11,mem_efficient,512,7
515.419375331,68.652,11,mem_efficient,512,7
515.462542892,68.652,11,mem_efficient,512,7
515.529724259,45.997,11,mem_efficient,512,8
515.572557441,45.997,11,mem_efficient,512,8
515.623419722,80.529,11,mem_efficient,512,8
515.668094404,80.529,11,mem_efficient,512,8
515.711488479,67.976,11,mem_efficient,512,8
515.754662673,67.976,11,mem_efficient,512,8
515.797704243,70.251,11,mem_efficient,512,8
515.845285793,70.251,11,mem_efficient,512,8
515.888329687,65.351,11,mem_efficient,512,8
515.933193141,65.351,11,mem_efficient,512,8
515.979194349,65.351,11,mem_efficient,512,8
516.028492269,69.961,11,mem_efficient,512,8
516.072152632,69.961,11,mem_efficient,512,8
516.117416331,70.251,11,mem_efficient,512,8
516.160581508,70.251,11,mem_efficient,512,8
516.205717933,68.556,11,mem_efficient,512,8
516.249038516,68.556,11,mem_efficient,512,8
516.292095557,62.738,11,mem_efficient,512,8
516.358360622,62.738,11,mem_efficient,512,9
516.401206308,85.859,11,mem_efficient,512,9
516.44518503,85.859,11,mem_efficient,512,9
516.495719534,68.749,11,mem_efficient,512,9
516.540567007,68.749,11,mem_efficient,512,9
516.583727986,68.749,11,mem_efficient,512,9
516.626841895,69.039,11,mem_efficient,512,9
516.679217579,69.039,11,mem_efficient,512,9
516.722320386,67.299,11,mem_efficient,512,9
516.765475083,67.299,11,mem_efficient,512,9
516.810834233,70.348,11,mem_efficient,512,9
516.859829425,70.348,11,mem_efficient,512,9
516.902857981,64.633,11,mem_efficient,512,9
516.948088596,64.633,11,mem_efficient,512,9
516.991311303,64.633,11,mem_efficient,512,9
517.034507779,68.556,11,mem_efficient,512,9
517.083584367,68.556,11,mem_efficient,512,9
517.126748772,69.039,11,mem_efficient,512,9
517.193141067,69.039,11,mem_efficient,512,10
517.236008013,66.415,11,mem_efficient,512,10
517.288517273,66.415,11,mem_efficient,512,10
517.331636983,67.148,11,mem_efficient,512,10
517.375479835,67.148,11,mem_efficient,512,10
517.418658016,69.178,11,mem_efficient,512,10
517.468542598,69.178,11,mem_efficient,512,10
517.511538511,65.6,11,mem_efficient,512,10
517.554551507,65.6,11,mem_efficient,512,10
517.599021128,65.6,11,mem_efficient,512,10
517.650821001,71.12,11,mem_efficient,512,10
517.697948202,71.12,11,mem_efficient,512,10
517.741058463,69.039,11,mem_efficient,512,10
517.784262084,69.039,11,mem_efficient,512,10
517.83309222,68.942,11,mem_efficient,512,10
517.876287744,68.942,11,mem_efficient,512,10
517.919416351,68.556,11,mem_efficient,512,10
517.962563534,68.556,11,mem_efficient,512,10
518.028600062,34.606,11,mem_efficient,512,11
518.074872619,34.606,11,mem_efficient,512,11
518.122530515,68.749,11,mem_efficient,512,11
518.167171292,68.749,11,mem_efficient,512,11
518.210663303,68.749,11,mem_efficient,512,11
518.259722267,69.522,11,mem_efficient,512,11
518.303756635,69.522,11,mem_efficient,512,11
518.346804678,67.589,11,mem_efficient,512,11
518.390048796,67.589,11,mem_efficient,512,11
518.433542761,70.058,11,mem_efficient,512,11
518.482277184,70.058,11,mem_efficient,512,11
518.525446819,65.987,11,mem_efficient,512,11
518.570416256,65.987,11,mem_efficient,512,11
518.615830592,65.987,11,mem_efficient,512,11
518.66421192,70.005,11,mem_efficient,512,11
518.707489441,70.005,11,mem_efficient,512,11
518.750796529,68.556,11,mem_efficient,512,11
518.794027021,68.556,11,mem_efficient,512,11
518.862098053,36.729,11,mem_efficient,512,12
518.907780081,36.729,11,mem_efficient,512,12
518.953657753,75.033,11,mem_efficient,512,12
518.998247062,75.033,11,mem_efficient,512,12
519.041420144,66.719,11,mem_efficient,512,12
519.090243076,66.719,11,mem_efficient,512,12
519.133232828,66.333,11,mem_efficient,512,12
519.176240594,66.333,11,mem_efficient,512,12
519.219455806,66.333,11,mem_efficient,512,12
519.264663207,69.865,11,mem_efficient,512,12
519.313784159,69.865,11,mem_efficient,512,12
519.356889692,68.362,11,mem_efficient,512,12
519.402604763,68.362,11,mem_efficient,512,12
519.454496221,73.778,11,mem_efficient,512,12
519.497989185,73.778,11,mem_efficient,512,12
519.541201291,68.266,11,mem_efficient,512,12
519.584343995,68.266,11,mem_efficient,512,12
519.627622979,68.266,11,mem_efficient,512,12
519.702741916,57.839,11,mem_efficient,512,13
519.745561452,89.401,11,mem_efficient,512,13
519.788651646,89.401,11,mem_efficient,512,13
519.831896134,89.401,11,mem_efficient,512,13
519.883014384,67.589,11,mem_efficient,512,13
519.926556952,67.589,11,mem_efficient,512,13
519.972164899,70.392,11,mem_efficient,512,13
520.022757394,70.392,11,mem_efficient,512,13
520.065870982,68.459,11,mem_efficient,512,13
520.11093054,68.459,11,mem_efficient,512,13
520.156961475,70.058,11,mem_efficient,512,13
520.205827941,70.058,11,mem_efficient,512,13
520.25117039,69.092,11,mem_efficient,512,13
520.29654475,69.092,11,mem_efficient,512,13
520.346371782,68.072,11,mem_efficient,512,13
520.390805303,68.072,11,mem_efficient,512,13
520.43405964,68.072,11,mem_efficient,512,13
520.477212043,68.749,11,mem_efficient,512,13
520.551689301,37.216,11,mem_efficient,512,14
520.594440757,37.216,11,mem_efficient,512,14
520.638490895,37.216,11,mem_efficient,512,14
520.682644301,67.148,11,mem_efficient,512,14
520.73389776,67.148,11,mem_efficient,512,14
520.777246006,69.039,11,mem_efficient,512,14
520.82032081,69.039,11,mem_efficient,512,14
520.863509913,68.749,11,mem_efficient,512,14
520.906809767,68.749,11,mem_efficient,512,14
520.955274454,65.504,11,mem_efficient,512,14
520.999242306,65.504,11,mem_efficient,512,14
521.044333154,65.504,11,mem_efficient,512,14
521.089603635,70.593,11,mem_efficient,512,14
521.138053985,70.593,11,mem_efficient,512,14
521.181261212,68.942,11,mem_efficient,512,14
521.22440119,68.942,11,mem_efficient,512,14
521.267533724,68.845,11,mem_efficient,512,14
521.310629227,68.845,11,mem_efficient,512,14
521.382967882,33.358,11,mem_efficient,512,15
521.42576281,33.358,11,mem_efficient,512,15
521.468771276,68.652,11,mem_efficient,512,15
521.513362288,68.652,11,mem_efficient,512,15
521.562606856,69.135,11,mem_efficient,512,15
521.60625751,69.135,11,mem_efficient,512,15
521.649423317,69.135,11,mem_efficient,512,15
521.692903465,68.942,11,mem_efficient,512,15
521.744341806,68.942,11,mem_efficient,512,15
521.787676987,67.051,11,mem_efficient,512,15
521.832061183,67.051,11,mem_efficient,512,15
521.877302328,70.155,11,mem_efficient,512,15
521.926974433,70.155,11,mem_efficient,512,15
521.970612633,70.102,11,mem_efficient,512,15
522.013701032,70.102,11,mem_efficient,512,15
522.056863212,70.102,11,mem_efficient,512,15
522.100019431,68.652,11,mem_efficient,512,15
522.143689192,68.652,11,mem_efficient,512,15
522.213139491,49.759,11,mem_efficient,512,16
522.255966871,49.759,11,mem_efficient,512,16
522.298886949,86.876,11,mem_efficient,512,16
522.343810066,86.876,11,mem_efficient,512,16
522.391672541,69.522,11,mem_efficient,512,16
522.434826245,69.522,11,mem_efficient,512,16
522.478015146,66.954,11,mem_efficient,512,16
522.521763658,66.954,11,mem_efficient,512,16
522.573885495,66.913,11,mem_efficient,512,16
522.617869356,66.913,11,mem_efficient,512,16
522.661203455,66.913,11,mem_efficient,512,16
522.706217456,70.295,11,mem_efficient,512,16
522.757260241,70.295,11,mem_efficient,512,16
522.800514627,69.135,11,mem_efficient,512,16
522.843673742,69.135,11,mem_efficient,512,16
522.886902559,68.169,11,mem_efficient,512,16
522.929999926,68.169,11,mem_efficient,512,16
522.973723549,68.169,11,mem_efficient,512,16
523.044628666,62.487,11,mem_efficient,512,17
523.087454394,88.728,11,mem_efficient,512,17
523.131650411,88.728,11,mem_efficient,512,17
523.181650473,67.631,11,mem_efficient,512,17
523.226932015,67.631,11,mem_efficient,512,17
523.270077784,67.631,11,mem_efficient,512,17
523.315087095,68.996,11,mem_efficient,512,17
523.364588042,68.996,11,mem_efficient,512,17
523.40776454,68.942,11,mem_efficient,512,17
523.453090106,68.942,11,mem_efficient,512,17
523.498981734,69.619,11,mem_efficient,512,17
523.548597351,69.619,11,mem_efficient,512,17
523.593878001,69.232,11,mem_efficient,512,17
523.639286505,69.232,11,mem_efficient,512,17
523.688396986,68.362,11,mem_efficient,512,17
523.731541182,68.362,11,mem_efficient,512,17
523.774755853,68.362,11,mem_efficient,512,17
523.817914527,68.749,11,mem_efficient,512,17
523.886090069,68.749,11,mem_efficient,512,18
523.93081148,40.504,11,mem_efficient,512,18
523.9777397,40.504,11,mem_efficient,512,18
524.022281527,66.043,11,mem_efficient,512,18
524.065610517,66.043,11,mem_efficient,512,18
524.113739522,69.522,11,mem_efficient,512,18
524.1568067,69.522,11,mem_efficient,512,18
524.199921159,66.567,11,mem_efficient,512,18
524.243844885,66.567,11,mem_efficient,512,18
524.296652033,67.203,11,mem_efficient,512,18
524.34005323,67.203,11,mem_efficient,512,18
524.383135638,67.203,11,mem_efficient,512,18
524.427979393,70.058,11,mem_efficient,512,18
524.478902479,70.058,11,mem_efficient,512,18
524.522073146,69.232,11,mem_efficient,512,18
524.565241908,69.232,11,mem_efficient,512,18
524.60848851,68.556,11,mem_efficient,512,18
524.651620342,68.556,11,mem_efficient,512,18
524.725044716,33.553,11,mem_efficient,512,19
524.767859433,33.553,11,mem_efficient,512,19
524.811279506,66.084,11,mem_efficient,512,19
524.854840158,66.084,11,mem_efficient,512,19
524.905669856,63.899,11,mem_efficient,512,19
524.948756752,63.899,11,mem_efficient,512,19
524.994118717,63.899,11,mem_efficient,512,19
525.046596906,70.786,11,mem_efficient,512,19
525.089983145,70.786,11,mem_efficient,512,19
525.135393252,68.556,11,mem_efficient,512,19
525.181479693,68.556,11,mem_efficient,512,19
525.231437744,67.686,11,mem_efficient,512,19
525.276727522,67.686,11,mem_efficient,512,19
525.322057256,72.955,11,mem_efficient,512,19
525.370788452,72.955,11,mem_efficient,512,19
525.414114906,68.169,11,mem_efficient,512,19
525.457327773,68.169,11,mem_efficient,512,19
525.500490434,68.169,11,mem_efficient,512,19
527.753238442,63.996,13,eafa,512,0
527.796736234,63.996,13,eafa,512,0
527.839645501,63.996,13,eafa,512,0
527.888821527,67.492,13,eafa,512,0
527.932496157,67.492,13,eafa,512,0
527.975677664,68.652,13,eafa,512,0
528.020606602,68.652,13,eafa,512,0
528.071334846,68.749,13,eafa,512,0
528.114476316,68.749,13,eafa,512,0
528.159699566,69.672,13,eafa,512,0
528.205675145,69.672,13,eafa,512,0
528.255206461,66.954,13,eafa,512,0
528.300079682,66.954,13,eafa,512,0
528.346261665,66.954,13,eafa,512,0
528.394701384,69.619,13,eafa,512,0
528.437987792,69.619,13,eafa,512,0
528.481333502,68.362,13,eafa,512,0
528.524547722,68.362,13,eafa,512,0
528.727153967,41.769,13,eafa,512,1
528.770053335,95.174,13,eafa,512,1
528.827431601,67.879,13,eafa,512,1
528.918589832,67.879,13,eafa,512,1
528.969025156,69.092,13,eafa,512,1
529.012160815,69.092,13,eafa,512,1
529.05529886,69.092,13,eafa,512,1
529.09853948,68.018,13,eafa,512,1
529.146712179,68.018,13,eafa,512,1
529.189784457,67.976,13,eafa,512,1
529.233045165,67.976,13,eafa,512,1
529.278147787,69.135,13,eafa,512,1
529.328706068,69.135,13,eafa,512,1
529.371981907,68.652,13,eafa,512,1
529.415089183,68.652,13,eafa,512,1
529.458286893,68.652,13,eafa,512,1
529.50144146,68.362,13,eafa,512,1
529.575959244,36.751,13,eafa,512,2
529.618736229,36.751,13,eafa,512,2
529.662111939,36.751,13,eafa,512,2
529.713269976,66.567,13,eafa,512,2
529.757128419,66.567,13,eafa,512,2
529.800264211,68.266,13,eafa,512,2
529.844397569,68.266,13,eafa,512,2
529.895988003,70.453,13,eafa,512,2
529.939039764,70.453,13,eafa,512,2
529.982702923,68.652,13,eafa,512,2
530.02756802,68.652,13,eafa,512,2
530.078437907,63.609,13,eafa,512,2
530.122534745,63.609,13,eafa,512,2
530.167820186,63.609,13,eafa,512,2
530.211032484,69.961,13,eafa,512,2
530.256121809,69.961,13,eafa,512,2
530.299259625,68.556,13,eafa,512,2
530.342413581,68.556,13,eafa,512,2
530.409870385,35.678,13,eafa,512,3
530.452674893,35.678,13,eafa,512,3
530.495785235,69.961,13,eafa,512,3
530.54544609,69.961,13,eafa,512,3
530.58904117,66.181,13,eafa,512,3
530.632059817,66.181,13,eafa,512,3
530.677644149,66.181,13,eafa,512,3
530.727101325,69.715,13,eafa,512,3
530.770798469,69.715,13,eafa,512,3
530.816622129,68.459,13,eafa,512,3
530.868541301,68.459,13,eafa,512,3
530.911792503,68.362,13,eafa,512,3
530.956901487,68.362,13,eafa,512,3
531.002880343,74.164,13,eafa,512,3
531.052114332,74.164,13,eafa,512,3
531.095260734,68.072,13,eafa,512,3
531.138353403,68.072,13,eafa,512,3
531.181541494,68.072,13,eafa,512,3
531.257669688,61.093,13,eafa,512,4
531.300461251,107.292,13,eafa,512,4
531.343882447,107.292,13,eafa,512,4
531.395312414,67.644,13,eafa,512,4
531.442880078,67.644,13,eafa,512,4
531.486275105,67.644,13,eafa,512,4
531.529492422,68.459,13,eafa,512,4
531.578790894,68.459,13,eafa,512,4
531.621953276,68.362,13,eafa,512,4
531.665282267,68.362,13,eafa,512,4
531.710265119,68.899,13,eafa,512,4
531.760353502,68.899,13,eafa,512,4
531.803723871,67.686,13,eafa,512,4
531.84898193,67.686,13,eafa,512,4
531.892145194,67.686,13,eafa,512,4
531.935338014,68.169,13,eafa,512,4
531.980676436,68.169,13,eafa,512,4
532.02383434,68.556,13,eafa,512,4
532.090223945,68.556,13,eafa,512,5
532.132988407,63.28,13,eafa,512,5
532.176209912,63.28,13,eafa,512,5
532.227240225,66.913,13,eafa,512,5
532.276642986,66.913,13,eafa,512,5
532.319758839,69.039,13,eafa,512,5
532.369591162,69.039,13,eafa,512,5
532.412637262,64.343,13,eafa,512,5
532.455714521,64.343,13,eafa,512,5
532.500859945,64.343,13,eafa,512,5
532.552397457,70.207,13,eafa,512,5
532.595691451,70.207,13,eafa,512,5
532.641180742,68.459,13,eafa,512,5
532.68770484,68.459,13,eafa,512,5
532.734912406,69.039,13,eafa,512,5
532.77820161,69.039,13,eafa,512,5
532.821535289,68.652,13,eafa,512,5
532.864747607,68.652,13,eafa,512,5
532.930958571,34.704,13,eafa,512,6
532.977471407,34.704,13,eafa,512,6
533.022844726,67.492,13,eafa,512,6
533.067386405,67.492,13,eafa,512,6
533.111878078,67.492,13,eafa,512,6
533.161210506,68.749,13,eafa,512,6
533.204236667,68.749,13,eafa,512,6
533.247549698,67.782,13,eafa,512,6
533.292923016,67.782,13,eafa,512,6
533.343656643,69.092,13,eafa,512,6
533.386871114,69.092,13,eafa,512,6
533.431849308,69.285,13,eafa,512,6
533.47801419,69.285,13,eafa,512,6
533.527724579,70.155,13,eafa,512,6
533.570856764,70.155,13,eafa,512,6
533.613998076,70.155,13,eafa,512,6
533.657236062,67.976,13,eafa,512,6
533.700455694,67.976,13,eafa,512,6
533.774606406,45.636,13,eafa,512,7
533.817368753,45.636,13,eafa,512,7
533.861782147,84.32,13,eafa,512,7
533.905448833,84.32,13,eafa,512,7
533.954664647,66.913,13,eafa,512,7
533.997818543,66.913,13,eafa,512,7
534.042638444,69.232,13,eafa,512,7
534.088558388,69.232,13,eafa,512,7
534.145089186,69.479,13,eafa,512,7
534.192334714,69.479,13,eafa,512,7
534.240325807,68.845,13,eafa,512,7
534.284704033,68.845,13,eafa,512,7
534.32774834,68.845,13,eafa,512,7
534.370985856,68.845,13,eafa,512,7
534.414239061,68.845,13,eafa,512,7
534.463018902,68.362,13,eafa,512,7
534.50628358,68.362,13,eafa,512,7
534.549572574,63.319,13,eafa,512,7
534.616916313,63.319,13,eafa,512,8
534.664779492,102.269,13,eafa,512,8
534.713973344,102.269,13,eafa,512,8
534.758440761,62.545,13,eafa,512,8
534.809480031,62.545,13,eafa,512,8
534.852694282,67.976,13,eafa,512,8
534.896050655,67.976,13,eafa,512,8
534.939221343,67.976,13,eafa,512,8
534.982505228,68.266,13,eafa,512,8
535.032982714,68.266,13,eafa,512,8
535.07601095,68.47,13,eafa,512,8
535.123112392,68.47,13,eafa,512,8
535.168289846,69.329,13,eafa,512,8
535.216774062,69.329,13,eafa,512,8
535.260047286,68.362,13,eafa,512,8
535.303193297,68.362,13,eafa,512,8
535.346431565,68.362,13,eafa,512,8
535.38962734,68.652,13,eafa,512,8
535.462093362,35.678,13,eafa,512,9
535.504837124,35.678,13,eafa,512,9
535.547906398,35.678,13,eafa,512,9
535.592926401,66.899,13,eafa,512,9
535.642431498,66.899,13,eafa,512,9
535.685470124,68.652,13,eafa,512,9
535.730989962,68.652,13,eafa,512,9
535.774148327,68.609,13,eafa,512,9
535.824851846,68.609,13,eafa,512,9
535.86791089,68.502,13,eafa,512,9
535.913110857,68.502,13,eafa,512,9
535.959539493,68.502,13,eafa,512,9
536.008603768,66.954,13,eafa,512,9
536.053848872,66.954,13,eafa,512,9
536.097012176,69.425,13,eafa,512,9
536.140280651,69.425,13,eafa,512,9
536.184458344,68.169,13,eafa,512,9
536.227688826,68.169,13,eafa,512,9
536.2951813,36.653,13,eafa,512,10
536.338029361,36.653,13,eafa,512,10
536.38240405,66.816,13,eafa,512,10
536.432438179,66.816,13,eafa,512,10
536.477007491,66.374,13,eafa,512,10
536.520085612,66.374,13,eafa,512,10
536.564955759,66.374,13,eafa,512,10
536.61515867,69.425,13,eafa,512,10
536.658913515,69.425,13,eafa,512,10
536.704742325,68.749,13,eafa,512,10
536.751211768,68.749,13,eafa,512,10
536.797594848,68.598,13,eafa,512,10
536.844217054,68.598,13,eafa,512,10
536.89157674,73.585,13,eafa,512,10
536.940726668,73.585,13,eafa,512,10
536.984033647,67.879,13,eafa,512,10
537.027112279,67.879,13,eafa,512,10
537.070389831,67.879,13,eafa,512,10
537.145612963,61.615,13,eafa,512,11
537.188409065,104.684,13,eafa,512,11
537.232174258,104.684,13,eafa,512,11
537.276157429,104.684,13,eafa,512,11
537.325132913,67.589,13,eafa,512,11
537.368224299,67.589,13,eafa,512,11
537.411389776,68.502,13,eafa,512,11
537.456422583,68.502,13,eafa,512,11
537.507776233,68.169,13,eafa,512,11
537.551960498,68.169,13,eafa,512,11
537.597827129,68.018,13,eafa,512,11
537.648956451,68.018,13,eafa,512,11
537.693043941,67.686,13,eafa,512,11
537.739032264,67.686,13,eafa,512,11
537.782192562,67.686,13,eafa,512,11
537.826665108,68.459,13,eafa,512,11
537.869819995,68.459,13,eafa,512,11
537.912949834,68.362,13,eafa,512,11
537.980362786,68.362,13,eafa,512,12
538.023178906,67.631,13,eafa,512,12
538.075040907,67.631,13,eafa,512,12
538.11926075,64.924,13,eafa,512,12
538.164158739,64.924,13,eafa,512,12
538.207255725,68.652,13,eafa,512,12
538.257159073,68.652,13,eafa,512,12
538.300468686,68.459,13,eafa,512,12
538.345219854,68.459,13,eafa,512,12
538.39179506,65.504,13,eafa,512,12
538.439011601,65.504,13,eafa,512,12
538.487819525,65.504,13,eafa,512,12
538.533793141,68.652,13,eafa,512,12
538.583663656,68.652,13,eafa,512,12
538.626931679,68.845,13,eafa,512,12
538.670083019,68.845,13,eafa,512,12
538.7133081,68.459,13,eafa,512,12
538.759219036,68.459,13,eafa,512,12
538.828124049,34.041,13,eafa,512,13
538.870906404,34.041,13,eafa,512,13
538.913979634,68.845,13,eafa,512,13
538.957467628,68.845,13,eafa,512,13
539.00760841,65.987,13,eafa,512,13
539.05191032,65.987,13,eafa,512,13
539.095024379,65.987,13,eafa,512,13
539.140036176,68.802,13,eafa,512,13
539.189789968,68.802,13,eafa,512,13
539.234843885,68.695,13,eafa,512,13
539.280928964,68.695,13,eafa,512,13
539.331733995,67.976,13,eafa,512,13
539.376679866,67.976,13,eafa,512,13
539.422281721,73.296,13,eafa,512,13
539.465487465,73.296,13,eafa,512,13
539.510546352,67.879,13,eafa,512,13
539.55367046,67.879,13,eafa,512,13
539.596857228,67.879,13,eafa,512,13
539.664564241,61.712,13,eafa,512,14
539.707393415,61.712,13,eafa,512,14
539.75761985,83.56,13,eafa,512,14
539.801521835,83.56,13,eafa,512,14
539.844718743,68.845,13,eafa,512,14
539.887800149,68.845,13,eafa,512,14
539.939082072,69.232,13,eafa,512,14
539.984557836,69.232,13,eafa,512,14
540.029296601,68.459,13,eafa,512,14
540.081621107,68.459,13,eafa,512,14
540.124646637,68.652,13,eafa,512,14
540.169181312,68.652,13,eafa,512,14
540.215786935,64.44,13,eafa,512,14
540.268770211,64.44,13,eafa,512,14
540.312031692,64.44,13,eafa,512,14
540.3552969,68.556,13,eafa,512,14
540.400883836,68.556,13,eafa,512,14
540.444113255,68.362,13,eafa,512,14
540.511484876,68.362,13,eafa,512,15
540.554397801,64.4,13,eafa,512,15
540.597580721,64.4,13,eafa,512,15
540.642264531,65.794,13,eafa,512,15
540.690827116,65.794,13,eafa,512,15
540.73592121,67.492,13,eafa,512,15
540.782337492,67.492,13,eafa,512,15
540.833044616,68.169,13,eafa,512,15
540.87761542,68.169,13,eafa,512,15
540.923736267,68.169,13,eafa,512,15
540.974640899,69.135,13,eafa,512,15
541.019140416,69.135,13,eafa,512,15
541.065155311,69.039,13,eafa,512,15
541.11614757,69.039,13,eafa,512,15
541.159454307,68.845,13,eafa,512,15
541.202707613,68.845,13,eafa,512,15
541.24627059,68.362,13,eafa,512,15
541.289408314,68.362,13,eafa,512,15
541.362906928,33.651,13,eafa,512,16
541.405757664,33.651,13,eafa,512,16
541.44903773,67.396,13,eafa,512,16
541.492648328,67.396,13,eafa,512,16
541.542448438,65.117,13,eafa,512,16
541.587226599,65.117,13,eafa,512,16
541.630710344,65.117,13,eafa,512,16
541.676032845,68.266,13,eafa,512,16
541.725984285,68.266,13,eafa,512,16
541.770945405,69.135,13,eafa,512,16
541.817869447,69.135,13,eafa,512,16
541.868947671,69.232,13,eafa,512,16
541.913941023,69.232,13,eafa,512,16
541.960155699,73.103,13,eafa,512,16
542.009046862,73.103,13,eafa,512,16
542.052295699,67.879,13,eafa,512,16
542.095410268,67.879,13,eafa,512,16
542.138582689,67.879,13,eafa,512,16
542.205926933,61.77,13,eafa,512,17
542.252100189,93.472,13,eafa,512,17
542.299477037,93.472,13,eafa,512,17
542.34327285,93.472,13,eafa,512,17
542.386726117,67.396,13,eafa,512,17
542.436012405,67.396,13,eafa,512,17
542.479012176,68.652,13,eafa,512,17
542.522969878,68.652,13,eafa,512,17
542.568766204,69.135,13,eafa,512,17
542.620711716,69.135,13,eafa,512,17
542.664945926,67.631,13,eafa,512,17
542.710903541,67.631,13,eafa,512,17
542.761428698,69.135,13,eafa,512,17
542.806093772,69.135,13,eafa,512,17
542.849314154,69.135,13,eafa,512,17
542.89254712,68.126,13,eafa,512,17
542.939217628,68.126,13,eafa,512,17
542.982556166,67.782,13,eafa,512,17
543.048995776,67.782,13,eafa,512,18
543.091847834,63.512,13,eafa,512,18
543.135554175,63.512,13,eafa,512,18
543.186276488,65.504,13,eafa,512,18
543.23506238,65.504,13,eafa,512,18
543.278188692,68.362,13,eafa,512,18
543.328627734,68.362,13,eafa,512,18
543.371680827,68.169,13,eafa,512,18
543.417106775,68.169,13,eafa,512,18
543.463622958,64.247,13,eafa,512,18
543.515860308,64.247,13,eafa,512,18
543.561163632,64.247,13,eafa,512,18
543.612711133,70.927,13,eafa,512,18
543.656036065,70.927,13,eafa,512,18
543.699228313,69.039,13,eafa,512,18
543.742515644,69.039,13,eafa,512,18
543.785727369,68.556,13,eafa,512,18
543.830988192,68.556,13,eafa,512,18
543.900147081,34.236,13,eafa,512,19
543.942918274,34.236,13,eafa,512,19
543.986013928,69.619,13,eafa,512,19
544.029731571,69.619,13,eafa,512,19
544.079746852,66.471,13,eafa,512,19
544.125243486,66.471,13,eafa,512,19
544.168453458,66.471,13,eafa,512,19
544.213657332,68.362,13,eafa,512,19
544.263456691,68.362,13,eafa,512,19
544.308340093,68.266,13,eafa,512,19
544.355094451,68.266,13,eafa,512,19
544.405139409,68.802,13,eafa,512,19
544.450842908,68.802,13,eafa,512,19
544.49777172,73.392,13,eafa,512,19
544.546246396,73.392,13,eafa,512,19
544.589428445,68.169,13,eafa,512,19
544.632595806,68.169,13,eafa,512,19
544.675805648,68.169,13,eafa,512,19
546.93853562,63.956,13,math,512,0
546.986779113,63.956,13,math,512,0
547.030354521,70.111,13,math,512,0
547.073484097,70.111,13,math,512,0
547.116933364,70.111,13,math,512,0
547.160095421,67.879,13,math,512,0
547.208510212,67.879,13,math,512,0
547.251663142,68.416,13,math,512,0
547.297300442,68.416,13,math,512,0
547.344242436,69.295,13,math,512,0
547.394382074,69.295,13,math,512,0
547.440326762,67.837,13,math,512,0
547.48727045,67.837,13,math,512,0
547.534110369,70.304,13,math,512,0
547.577306792,70.304,13,math,512,0
547.620518816,70.304,13,math,512,0
547.663898399,68.169,13,math,512,0
547.707216415,68.169,13,math,512,0
547.911284466,41.939,13,math,512,1
547.954144135,99.105,13,math,512,1
548.000998322,99.105,13,math,512,1
548.044815853,63.706,13,math,512,1
548.089553853,63.706,13,math,512,1
548.133898011,66.664,13,math,512,1
548.179765411,66.664,13,math,512,1
548.22311645,66.664,13,math,512,1
548.266319086,66.429,13,math,512,1
548.309545877,66.429,13,math,512,1
548.352703647,68.277,13,math,512,1
548.395811802,68.277,13,math,512,1
548.445657778,68.459,13,math,512,1
548.490043546,68.459,13,math,512,1
548.533413801,68.459,13,math,512,1
548.576720395,68.652,13,math,512,1
548.620609253,68.652,13,math,512,1
548.666089452,68.169,13,math,512,1
548.709288892,68.169,13,math,512,1
548.779357609,33.261,13,math,512,2
548.822207009,33.261,13,math,512,2
548.872854097,74.261,13,math,512,2
548.91853495,74.261,13,math,512,2
548.96214246,68.362,13,math,512,2
549.005281764,68.362,13,math,512,2
549.055690787,65.504,13,math,512,2
549.098763434,65.504,13,math,512,2
549.144986784,65.504,13,math,512,2
549.197893662,69.715,13,math,512,2
549.242185811,69.715,13,math,512,2
549.28843459,68.652,13,math,512,2
549.340142956,68.652,13,math,512,2
549.385430548,68.169,13,math,512,2
549.428706033,68.169,13,math,512,2
549.471948324,68.169,13,math,512,2
549.516342478,68.169,13,math,512,2
549.559640716,68.652,13,math,512,2
549.626665836,68.652,13,math,512,3
549.669573808,99.521,13,math,512,3
549.714224191,99.521,13,math,512,3
549.764224242,64.827,13,math,512,3
549.81267487,64.827,13,math,512,3
549.855817872,67.879,13,math,512,3
549.90964023,67.879,13,math,512,3
549.95276682,67.879,13,math,512,3
549.996089094,68.556,13,math,512,3
550.041337371,68.556,13,math,512,3
550.09065686,68.845,13,math,512,3
550.136627828,68.845,13,math,512,3
550.183709359,69.285,13,math,512,3
550.233114453,69.285,13,math,512,3
550.276330093,68.362,13,math,512,3
550.319499755,68.362,13,math,512,3
550.362694736,68.362,13,math,512,3
550.405887523,68.362,13,math,512,3
550.473479176,36.145,13,math,512,4
550.516202845,36.145,13,math,512,4
550.560435599,36.145,13,math,512,4
550.604713059,69.425,13,math,512,4
550.648935555,69.425,13,math,512,4
550.697537252,69.672,13,math,512,4
550.742246498,69.672,13,math,512,4
550.787411876,66.084,13,math,512,4
550.839028587,66.084,13,math,512,4
550.882558118,66.761,13,math,512,4
550.92935789,66.761,13,math,512,4
550.981377271,68.126,13,math,512,4
551.026750617,68.126,13,math,512,4
551.073539799,70.541,13,math,512,4
551.123839864,70.541,13,math,512,4
551.167099308,70.541,13,math,512,4
551.210336499,67.686,13,math,512,4
551.253663823,67.686,13,math,512,4
551.328274726,59.134,13,math,512,5
551.371106983,59.134,13,math,512,5
551.414557122,89.746,13,math,512,5
551.458122531,89.746,13,math,512,5
551.508100429,67.396,13,math,512,5
551.553353254,67.396,13,math,512,5
551.596470045,66.816,13,math,512,5
551.64168076,66.816,13,math,512,5
551.69302484,67.009,13,math,512,5
551.737911134,67.009,13,math,512,5
551.784716618,68.899,13,math,512,5
551.834706068,68.899,13,math,512,5
551.880844055,68.899,13,math,512,5
551.927700236,66.084,13,math,512,5
551.974478638,66.084,13,math,512,5
552.017753892,67.879,13,math,512,5
552.060981325,67.879,13,math,512,5
552.104167689,68.362,13,math,512,5
552.171913368,68.362,13,math,512,6
552.216787638,83.411,13,math,512,6
552.263425481,83.411,13,math,512,6
552.308010208,67.921,13,math,512,6
552.352262551,67.921,13,math,512,6
552.400904866,68.362,13,math,512,6
552.444678563,68.362,13,math,512,6
552.491460712,68.018,13,math,512,6
552.54326936,68.018,13,math,512,6
552.587859068,68.018,13,math,512,6
552.634393873,64.19,13,math,512,6
552.68215819,64.19,13,math,512,6
552.728444681,66.719,13,math,512,6
552.773686615,66.719,13,math,512,6
552.816911493,68.556,13,math,512,6
552.862911336,68.556,13,math,512,6
552.906168185,68.266,13,math,512,6
552.949404856,68.266,13,math,512,6
553.016064497,38.19,13,math,512,7
553.058946179,38.19,13,math,512,7
553.109494908,66.719,13,math,512,7
553.155134242,66.719,13,math,512,7
553.198325466,66.719,13,math,512,7
553.242979907,64.924,13,math,512,7
553.292259705,64.924,13,math,512,7
553.337723195,67.299,13,math,512,7
553.384176657,67.299,13,math,512,7
553.434952111,68.749,13,math,512,7
553.481235568,68.749,13,math,512,7
553.527960048,71.41,13,math,512,7
553.57561156,71.41,13,math,512,7
553.620073325,71.99,13,math,512,7
553.663252749,71.99,13,math,512,7
553.706397245,67.782,13,math,512,7
553.751087386,67.782,13,math,512,7
553.794292028,67.782,13,math,512,7
553.863263115,63.996,13,math,512,8
553.90609818,63.996,13,math,512,8
553.949413313,85.914,13,math,512,8
553.992914591,85.914,13,math,512,8
554.04372371,69.092,13,math,512,8
554.088827452,69.092,13,math,512,8
554.135780259,71.12,13,math,512,8
554.184015968,71.12,13,math,512,8
554.230502583,67.396,13,math,512,8
554.27555128,67.396,13,math,512,8
554.322719007,66.664,13,math,512,8
554.367314337,66.664,13,math,512,8
554.410507296,66.664,13,math,512,8
554.453710966,67.106,13,math,512,8
554.49679151,67.106,13,math,512,8
554.540013465,68.072,13,math,512,8
554.588490395,68.072,13,math,512,8
554.631774599,68.266,13,math,512,8
554.674956998,68.266,13,math,512,8
554.740292536,34.119,13,math,512,9
554.783082324,34.119,13,math,512,9
554.833637597,69.382,13,math,512,9
554.877597312,69.382,13,math,512,9
554.921315455,64.48,13,math,512,9
554.968302157,64.48,13,math,512,9
555.016997615,64.48,13,math,512,9
555.063462689,65.891,13,math,512,9
555.110329231,65.891,13,math,512,9
555.156779957,68.072,13,math,512,9
555.201078651,68.072,13,math,512,9
555.244268223,69.768,13,math,512,9
555.287425655,69.768,13,math,512,9
555.330606901,72.183,13,math,512,9
555.381187653,72.183,13,math,512,9
555.4245311,72.183,13,math,512,9
555.467705914,67.976,13,math,512,9
555.510988715,67.976,13,math,512,9
555.5778924,65.31,13,math,512,10
555.623991575,65.31,13,math,512,10
555.667660554,81.441,13,math,512,10
555.712662581,81.441,13,math,512,10
555.756738248,66.623,13,math,512,10
555.809311669,66.623,13,math,512,10
555.852453791,65.407,13,math,512,10
555.898414962,65.407,13,math,512,10
555.947983329,67.782,13,math,512,10
555.994255153,67.782,13,math,512,10
556.041093682,69.425,13,math,512,10
556.09089828,69.425,13,math,512,10
556.138223108,67.686,13,math,512,10
556.184800186,67.686,13,math,512,10
556.231635789,67.686,13,math,512,10
556.274839498,68.169,13,math,512,10
556.318092071,68.169,13,math,512,10
556.361303486,67.825,13,math,512,10
556.437932173,67.825,13,math,512,11
556.48078935,52.027,13,math,512,11
556.523922185,52.027,13,math,512,11
556.567133389,67.976,13,math,512,11
556.621388815,67.976,13,math,512,11
556.666416282,67.631,13,math,512,11
556.718145799,67.631,13,math,512,11
556.763177133,65.6,13,math,512,11
556.810174655,65.6,13,math,512,11
556.856520902,66.761,13,math,512,11
556.901801292,66.761,13,math,512,11
556.94493638,66.761,13,math,512,11
556.988154818,68.749,13,math,512,11
557.031349551,68.749,13,math,512,11
557.07445906,69.865,13,math,512,11
557.117961321,69.865,13,math,512,11
557.161193345,67.976,13,math,512,11
557.204443112,67.976,13,math,512,11
557.247695645,67.976,13,math,512,11
557.314968095,62.158,13,math,512,12
557.363322982,89.073,13,math,512,12
557.409574808,89.073,13,math,512,12
557.454478668,89.073,13,math,512,12
557.498482678,66.816,13,math,512,12
557.548094828,66.816,13,math,512,12
557.592236591,67.976,13,math,512,12
557.639450066,67.976,13,math,512,12
557.68776141,69.522,13,math,512,12
557.73358107,69.522,13,math,512,12
557.777593937,70.927,13,math,512,12
557.82078397,70.927,13,math,512,12
557.864309605,69.865,13,math,512,12
557.912816984,69.865,13,math,512,12
557.956012448,69.865,13,math,512,12
557.999201279,68.266,13,math,512,12
558.04236877,68.266,13,math,512,12
558.085553784,68.266,13,math,512,12
558.129815636,68.266,13,math,512,12
558.198641938,34.899,13,math,512,13
558.241735858,34.899,13,math,512,13
558.285314384,75.372,13,math,512,13
558.328787969,75.372,13,math,512,13
558.37832697,68.018,13,math,512,13
558.422013182,68.018,13,math,512,13
558.46850136,68.942,13,math,512,13
558.520475286,68.942,13,math,512,13
558.56573205,68.942,13,math,512,13
558.611928311,65.891,13,math,512,13
558.66368469,65.891,13,math,512,13
558.710604513,64.827,13,math,512,13
558.757576236,64.827,13,math,512,13
558.802599133,67.299,13,math,512,13
558.845688284,67.299,13,math,512,13
558.888898236,67.976,13,math,512,13
558.932042903,67.976,13,math,512,13
558.975278854,67.976,13,math,512,13
559.042929026,67.976,13,math,512,14
559.087117518,80.478,13,math,512,14
559.130884825,80.478,13,math,512,14
559.17596922,65.987,13,math,512,14
559.220687525,65.987,13,math,512,14
559.270954387,65.987,13,math,512,14
559.314104574,67.976,13,math,512,14
559.360919217,67.976,13,math,512,14
559.409310213,68.706,13,math,512,14
559.455517033,68.706,13,math,512,14
559.500202666,71.269,13,math,512,14
559.543519011,71.269,13,math,512,14
559.592904368,69.039,13,math,512,14
559.636080214,69.039,13,math,512,14
559.679294404,69.039,13,math,512,14
559.722583878,67.879,13,math,512,14
559.765833355,67.879,13,math,512,14
559.810822357,68.072,13,math,512,14
559.853998785,68.072,13,math,512,14
559.919734216,34.996,13,math,512,15
559.962515389,34.996,13,math,512,15
560.006531382,75.564,13,math,512,15
560.05039849,75.564,13,math,512,15
560.099391827,67.825,13,math,512,15
560.144016914,67.825,13,math,512,15
560.190333895,69.329,13,math,512,15
560.241572534,69.329,13,math,512,15
560.289034084,65.544,13,math,512,15
560.336235606,65.544,13,math,512,15
560.38563553,65.544,13,math,512,15
560.432860437,64.247,13,math,512,15
560.479738511,64.247,13,math,512,15
560.526443214,67.203,13,math,512,15
560.5696192,67.203,13,math,512,15
560.612803032,67.976,13,math,512,15
560.655969009,67.976,13,math,512,15
560.699424791,68.266,13,math,512,15
560.768414916,68.266,13,math,512,16
560.811305557,87.11,13,math,512,16
560.854949799,87.11,13,math,512,16
560.898985449,65.697,13,math,512,16
560.943610125,65.697,13,math,512,16
560.993124859,65.697,13,math,512,16
561.036274275,67.976,13,math,512,16
561.082312083,67.976,13,math,512,16
561.132060153,69.865,13,math,512,16
561.177254508,69.865,13,math,512,16
561.22356138,69.522,13,math,512,16
561.268175656,69.522,13,math,512,16
561.315316001,65.987,13,math,512,16
561.358528247,65.987,13,math,512,16
561.401738679,65.987,13,math,512,16
561.445023694,67.203,13,math,512,16
561.488290804,67.203,13,math,512,16
561.53152422,67.589,13,math,512,16
561.598946756,67.589,13,math,512,17
561.643013406,57.68,13,math,512,17
561.688543712,57.68,13,math,512,17
561.733486316,66.471,13,math,512,17
561.783496928,66.471,13,math,512,17
561.826559898,67.396,13,math,512,17
561.870092386,67.396,13,math,512,17
561.916265973,68.609,13,math,512,17
561.966115947,68.609,13,math,512,17
562.012093078,66.526,13,math,512,17
562.059044342,66.526,13,math,512,17
562.105932384,66.526,13,math,512,17
562.150936125,64.964,13,math,512,17
562.194055693,64.964,13,math,512,17
562.237284701,68.845,13,math,512,17
562.280567211,68.845,13,math,512,17
562.324218957,68.072,13,math,512,17
562.367410363,68.072,13,math,512,17
562.433212634,41.38,13,math,512,18
562.47613237,41.38,13,math,512,18
562.519925156,64.827,13,math,512,18
562.572349191,64.827,13,math,512,18
562.617280894,64.827,13,math,512,18
562.661106141,65.6,13,math,512,18
562.707235563,65.6,13,math,512,18
562.75381707,67.976,13,math,512,18
562.79809864,67.976,13,math,512,18
562.841166279,70.541,13,math,512,18
562.884335853,70.541,13,math,512,18
562.927553219,69.865,13,math,512,18
562.978015514,69.865,13,math,512,18
563.021226668,69.865,13,math,512,18
563.064372416,70.058,13,math,512,18
563.107592257,70.058,13,math,512,18
563.15073535,68.072,13,math,512,18
563.195061245,68.072,13,math,512,18
563.238312756,63.609,13,math,512,18
563.305093805,63.609,13,math,512,19
563.347905495,106.787,13,math,512,19
563.390942817,106.787,13,math,512,19
563.43498543,63.222,13,math,512,19
563.484162889,63.222,13,math,512,19
563.527461209,63.222,13,math,512,19
563.574030622,64.286,13,math,512,19
563.626179251,64.286,13,math,512,19
563.671296318,65.987,13,math,512,19
563.71816815,65.987,13,math,512,19
563.76656697,67.879,13,math,512,19
563.811392961,67.879,13,math,512,19
563.854494415,70.69,13,math,512,19
563.897663107,70.69,13,math,512,19
563.940887426,68.459,13,math,512,19
563.990107437,68.459,13,math,512,19
564.033397822,68.459,13,math,512,19
564.07658521,67.976,13,math,512,19
566.361063093,59.872,13,mem_efficient,512,0
566.404445293,72.472,13,mem_efficient,512,0
566.447707144,72.472,13,mem_efficient,512,0
566.491432581,66.664,13,mem_efficient,512,0
566.535278999,66.664,13,mem_efficient,512,0
566.585730183,68.556,13,mem_efficient,512,0
566.628930846,68.556,13,mem_efficient,512,0
566.673752779,67.299,13,mem_efficient,512,0
566.720706678,67.299,13,mem_efficient,512,0
566.770431623,67.299,13,mem_efficient,512,0
566.816400048,64.343,13,mem_efficient,512,0
566.861351929,64.343,13,mem_efficient,512,0
566.912058091,65.987,13,mem_efficient,512,0
566.972656823,65.987,13,mem_efficient,512,0
567.023462795,69.382,13,mem_efficient,512,0
567.066660192,69.382,13,mem_efficient,512,0
567.112029341,67.589,13,mem_efficient,512,0
567.155204817,67.589,13,mem_efficient,512,0
567.358145774,43.275,13,mem_efficient,512,1
567.401044371,99.042,13,mem_efficient,512,1
567.444126147,99.042,13,mem_efficient,512,1
567.488282828,63.609,13,mem_efficient,512,1
567.531344426,63.609,13,mem_efficient,512,1
567.580673705,63.609,13,mem_efficient,512,1
567.625959575,64.343,13,mem_efficient,512,1
567.669880315,64.343,13,mem_efficient,512,1
567.71309785,66.084,13,mem_efficient,512,1
567.762041352,66.084,13,mem_efficient,512,1
567.805286721,67.341,13,mem_efficient,512,1
567.848627022,67.341,13,mem_efficient,512,1
567.89181416,70.155,13,mem_efficient,512,1
567.934885426,70.155,13,mem_efficient,512,1
567.981746517,70.155,13,mem_efficient,512,1
568.024951329,68.362,13,mem_efficient,512,1
568.0681404,68.362,13,mem_efficient,512,1
568.111373936,67.589,13,mem_efficient,512,1
568.154565192,67.589,13,mem_efficient,512,1
568.231694414,37.314,13,mem_efficient,512,2
568.274486466,37.314,13,mem_efficient,512,2
568.317471718,75.999,13,mem_efficient,512,2
568.362391648,75.999,13,mem_efficient,512,2
568.41210408,67.244,13,mem_efficient,512,2
568.457031855,67.244,13,mem_efficient,512,2
568.503655011,68.169,13,mem_efficient,512,2
568.55141476,68.169,13,mem_efficient,512,2
568.595819936,68.169,13,mem_efficient,512,2
568.639051749,69.285,13,mem_efficient,512,2
568.682232665,69.285,13,mem_efficient,512,2
568.725383343,66.374,13,mem_efficient,512,2
568.774730126,66.374,13,mem_efficient,512,2
568.81794158,63.996,13,mem_efficient,512,2
568.861091787,63.996,13,mem_efficient,512,2
568.904394306,67.782,13,mem_efficient,512,2
568.9475276,67.782,13,mem_efficient,512,2
568.994251018,67.782,13,mem_efficient,512,2
569.037930016,68.072,13,mem_efficient,512,2
569.106498744,38.677,13,mem_efficient,512,3
569.149223819,38.677,13,mem_efficient,512,3
569.201342171,38.677,13,mem_efficient,512,3
569.245467672,67.299,13,mem_efficient,512,3
569.288771873,67.299,13,mem_efficient,512,3
569.334365312,68.942,13,mem_efficient,512,3
569.384202973,68.942,13,mem_efficient,512,3
569.430455531,68.652,13,mem_efficient,512,3
569.476939873,68.652,13,mem_efficient,512,3
569.523696795,65.794,13,mem_efficient,512,3
569.567277876,65.794,13,mem_efficient,512,3
569.610481726,65.794,13,mem_efficient,512,3
569.653890137,65.987,13,mem_efficient,512,3
569.697256949,65.987,13,mem_efficient,512,3
569.740334467,72.086,13,mem_efficient,512,3
569.785410486,72.086,13,mem_efficient,512,3
569.829234883,67.686,13,mem_efficient,512,3
569.872482046,67.686,13,mem_efficient,512,3
569.916048739,62.835,13,mem_efficient,512,3
569.983142287,62.835,13,mem_efficient,512,4
570.029733153,88.056,13,mem_efficient,512,4
570.077099199,88.056,13,mem_efficient,512,4
570.121383064,65.02,13,mem_efficient,512,4
570.165711033,65.02,13,mem_efficient,512,4
570.215031506,65.02,13,mem_efficient,512,4
570.258497267,66.664,13,mem_efficient,512,4
570.305285589,66.664,13,mem_efficient,512,4
570.35719993,68.899,13,mem_efficient,512,4
570.402565663,68.899,13,mem_efficient,512,4
570.448977085,70.488,13,mem_efficient,512,4
570.499059314,70.488,13,mem_efficient,512,4
570.543811303,69.092,13,mem_efficient,512,4
570.586909461,69.092,13,mem_efficient,512,4
570.630125365,67.976,13,mem_efficient,512,4
570.675567634,67.976,13,mem_efficient,512,4
570.718798265,67.976,13,mem_efficient,512,4
570.762039887,67.782,13,mem_efficient,512,4
570.827980511,37.995,13,mem_efficient,512,5
570.870858588,37.995,13,mem_efficient,512,5
570.913966154,37.995,13,mem_efficient,512,5
570.964284484,67.686,13,mem_efficient,512,5
571.009706244,67.686,13,mem_efficient,512,5
571.056392351,68.899,13,mem_efficient,512,5
571.104649071,68.899,13,mem_efficient,512,5
571.149600792,68.459,13,mem_efficient,512,5
571.192707156,68.459,13,mem_efficient,512,5
571.235976351,67.148,13,mem_efficient,512,5
571.279026076,67.148,13,mem_efficient,512,5
571.328324557,67.148,13,mem_efficient,512,5
571.371633838,64.053,13,mem_efficient,512,5
571.414722869,64.053,13,mem_efficient,512,5
571.457970663,70.541,13,mem_efficient,512,5
571.501141951,70.541,13,mem_efficient,512,5
571.545288634,67.879,13,mem_efficient,512,5
571.588694189,67.879,13,mem_efficient,512,5
571.631925281,67.879,13,mem_efficient,512,5
571.699558411,63.125,13,mem_efficient,512,6
571.742350003,88.016,13,mem_efficient,512,6
571.794907434,88.016,13,mem_efficient,512,6
571.838094412,65.6,13,mem_efficient,512,6
571.882307521,65.6,13,mem_efficient,512,6
571.927355797,65.6,13,mem_efficient,512,6
571.974205657,67.148,13,mem_efficient,512,6
572.019112483,67.148,13,mem_efficient,512,6
572.062232002,70.541,13,mem_efficient,512,6
572.105410022,70.541,13,mem_efficient,512,6
572.148557334,70.102,13,mem_efficient,512,6
572.19871084,70.102,13,mem_efficient,512,6
572.241851419,70.102,13,mem_efficient,512,6
572.285011184,68.652,13,mem_efficient,512,6
572.328188273,68.652,13,mem_efficient,512,6
572.37138518,67.976,13,mem_efficient,512,6
572.416076173,67.976,13,mem_efficient,512,6
572.459359886,67.782,13,mem_efficient,512,6
572.502508901,67.782,13,mem_efficient,512,6
572.570105372,35.094,13,mem_efficient,512,7
572.613097327,35.094,13,mem_efficient,512,7
572.664723648,66.761,13,mem_efficient,512,7
572.708455938,66.761,13,mem_efficient,512,7
572.751685417,66.181,13,mem_efficient,512,7
572.797426077,66.181,13,mem_efficient,512,7
572.845369608,66.181,13,mem_efficient,512,7
572.890849639,65.504,13,mem_efficient,512,7
572.933973526,65.504,13,mem_efficient,512,7
572.977120557,65.504,13,mem_efficient,512,7
573.020538727,65.504,13,mem_efficient,512,7
573.068723559,67.299,13,mem_efficient,512,7
573.111899586,67.299,13,mem_efficient,512,7
573.154994398,70.831,13,mem_efficient,512,7
573.198386267,70.831,13,mem_efficient,512,7
573.241572183,70.831,13,mem_efficient,512,7
573.288475485,67.203,13,mem_efficient,512,7
573.332235218,67.203,13,mem_efficient,512,7
573.375423348,68.138,13,mem_efficient,512,7
573.444544371,68.138,13,mem_efficient,512,8
573.492405234,74.264,13,mem_efficient,512,8
573.540443045,74.264,13,mem_efficient,512,8
573.584571253,66.526,13,mem_efficient,512,8
573.628081048,66.526,13,mem_efficient,512,8
573.676915902,68.362,13,mem_efficient,512,8
573.721087943,68.362,13,mem_efficient,512,8
573.767570841,68.266,13,mem_efficient,512,8
573.812353099,68.266,13,mem_efficient,512,8
573.860867972,68.266,13,mem_efficient,512,8
573.903983974,69.672,13,mem_efficient,512,8
573.947180169,69.672,13,mem_efficient,512,8
573.990386023,66.664,13,mem_efficient,512,8
574.033510732,66.664,13,mem_efficient,512,8
574.082302304,68.802,13,mem_efficient,512,8
574.125524088,68.802,13,mem_efficient,512,8
574.1687866,67.589,13,mem_efficient,512,8
574.211920777,67.589,13,mem_efficient,512,8
574.255158662,67.589,13,mem_efficient,512,8
574.327638808,53.967,13,mem_efficient,512,9
574.370437814,92.777,13,mem_efficient,512,9
574.41390116,92.777,13,mem_efficient,512,9
574.458300095,92.777,13,mem_efficient,512,9
574.50748053,67.396,13,mem_efficient,512,9
574.551197471,67.396,13,mem_efficient,512,9
574.598010661,68.845,13,mem_efficient,512,9
574.646839584,68.845,13,mem_efficient,512,9
574.692990758,68.556,13,mem_efficient,512,9
574.73625269,68.556,13,mem_efficient,512,9
574.779382799,67.148,13,mem_efficient,512,9
574.822512246,67.148,13,mem_efficient,512,9
574.87155072,67.148,13,mem_efficient,512,9
574.914872796,65.31,13,mem_efficient,512,9
574.958027322,65.31,13,mem_efficient,512,9
575.001258935,67.782,13,mem_efficient,512,9
575.044519484,67.782,13,mem_efficient,512,9
575.093482112,67.945,13,mem_efficient,512,9
575.136650124,67.945,13,mem_efficient,512,9
575.204101885,34.334,13,mem_efficient,512,10
575.246952932,34.334,13,mem_efficient,512,10
575.297450045,68.072,13,mem_efficient,512,10
575.341461799,68.072,13,mem_efficient,512,10
575.38560758,67.535,13,mem_efficient,512,10
575.431291561,67.535,13,mem_efficient,512,10
575.477653518,67.535,13,mem_efficient,512,10
575.520723362,65.697,13,mem_efficient,512,10
575.563901182,65.697,13,mem_efficient,512,10
575.607089543,64.537,13,mem_efficient,512,10
575.650550865,64.537,13,mem_efficient,512,10
575.693612153,65.794,13,mem_efficient,512,10
575.737030253,65.794,13,mem_efficient,512,10
575.783162511,65.794,13,mem_efficient,512,10
575.826299252,67.589,13,mem_efficient,512,10
575.869536045,67.589,13,mem_efficient,512,10
575.912709648,67.438,13,mem_efficient,512,10
575.955979554,67.438,13,mem_efficient,512,10
575.999975569,67.879,13,mem_efficient,512,10
576.070813375,67.879,13,mem_efficient,512,11
576.113650955,87.328,13,mem_efficient,512,11
576.156697835,87.328,13,mem_efficient,512,11
576.200609117,66.664,13,mem_efficient,512,11
576.250987753,66.664,13,mem_efficient,512,11
576.297591112,68.749,13,mem_efficient,512,11
576.343590967,68.749,13,mem_efficient,512,11
576.38869533,68.749,13,mem_efficient,512,11
576.431742681,68.706,13,mem_efficient,512,11
576.475012367,68.706,13,mem_efficient,512,11
576.518115294,65.697,13,mem_efficient,512,11
576.561207681,65.697,13,mem_efficient,512,11
576.60442662,64.964,13,mem_efficient,512,11
576.654276204,64.964,13,mem_efficient,512,11
576.697371116,68.749,13,mem_efficient,512,11
576.74120489,68.749,13,mem_efficient,512,11
576.784394093,68.749,13,mem_efficient,512,11
576.827627709,67.396,13,mem_efficient,512,11
576.87091543,67.396,13,mem_efficient,512,11
576.938544602,51.088,13,mem_efficient,512,12
576.981398173,51.088,13,mem_efficient,512,12
577.025383527,76.963,13,mem_efficient,512,12
577.069842155,76.963,13,mem_efficient,512,12
577.118623828,67.244,13,mem_efficient,512,12
577.16365968,67.244,13,mem_efficient,512,12
577.210096751,68.266,13,mem_efficient,512,12
577.262913247,68.266,13,mem_efficient,512,12
577.309716438,68.942,13,mem_efficient,512,12
577.355046382,68.942,13,mem_efficient,512,12
577.401243485,68.942,13,mem_efficient,512,12
577.444473014,68.749,13,mem_efficient,512,12
577.487625476,68.749,13,mem_efficient,512,12
577.530846559,66.526,13,mem_efficient,512,12
577.573981918,66.526,13,mem_efficient,512,12
577.617313061,67.686,13,mem_efficient,512,12
577.662850182,67.686,13,mem_efficient,512,12
577.70606345,67.686,13,mem_efficient,512,12
577.74921994,67.976,13,mem_efficient,512,12
577.816494422,37.801,13,mem_efficient,512,13
577.859209478,37.801,13,mem_efficient,512,13
577.911352116,66.954,13,mem_efficient,512,13
577.955613408,66.954,13,mem_efficient,512,13
577.999017301,66.954,13,mem_efficient,512,13
578.05027093,69.232,13,mem_efficient,512,13
578.094799042,69.232,13,mem_efficient,512,13
578.141745958,68.899,13,mem_efficient,512,13
578.190457677,68.899,13,mem_efficient,512,13
578.235762023,68.362,13,mem_efficient,512,13
578.279177277,68.362,13,mem_efficient,512,13
578.322395294,67.589,13,mem_efficient,512,13
578.365510395,67.589,13,mem_efficient,512,13
578.415347275,67.589,13,mem_efficient,512,13
578.458529093,69.425,13,mem_efficient,512,13
578.501696984,69.425,13,mem_efficient,512,13
578.544935471,67.492,13,mem_efficient,512,13
578.588203513,67.492,13,mem_efficient,512,13
578.633845564,65.214,13,mem_efficient,512,13
578.703997078,65.214,13,mem_efficient,512,14
578.746791135,74.407,13,mem_efficient,512,14
578.789927196,74.407,13,mem_efficient,512,14
578.840394481,66.277,13,mem_efficient,512,14
578.884969242,66.277,13,mem_efficient,512,14
578.930321289,67.009,13,mem_efficient,512,14
578.973409438,67.009,13,mem_efficient,512,14
579.022381464,67.009,13,mem_efficient,512,14
579.065517245,68.362,13,mem_efficient,512,14
579.108688442,68.362,13,mem_efficient,512,14
579.151905738,68.362,13,mem_efficient,512,14
579.195036889,68.362,13,mem_efficient,512,14
579.242125315,68.405,13,mem_efficient,512,14
579.287685019,68.405,13,mem_efficient,512,14
579.330913817,69.039,13,mem_efficient,512,14
579.374042413,69.039,13,mem_efficient,512,14
579.417347076,69.039,13,mem_efficient,512,14
579.462654758,67.492,13,mem_efficient,512,14
579.505939132,67.492,13,mem_efficient,512,14
579.574548397,62.158,13,mem_efficient,512,15
579.617421144,62.158,13,mem_efficient,512,15
579.660597923,78.794,13,mem_efficient,512,15
579.711433792,78.794,13,mem_efficient,512,15
579.755738327,67.492,13,mem_efficient,512,15
579.801858081,67.492,13,mem_efficient,512,15
579.84592416,66.567,13,mem_efficient,512,15
579.894615119,66.567,13,mem_efficient,512,15
579.937762401,65.6,13,mem_efficient,512,15
579.980995597,65.6,13,mem_efficient,512,15
580.024361397,65.6,13,mem_efficient,512,15
580.067456178,67.879,13,mem_efficient,512,15
580.111396326,67.879,13,mem_efficient,512,15
580.157884765,67.686,13,mem_efficient,512,15
580.201027098,67.686,13,mem_efficient,512,15
580.244314939,67.589,13,mem_efficient,512,15
580.287450668,67.589,13,mem_efficient,512,15
580.330647455,67.589,13,mem_efficient,512,15
580.375713786,67.589,13,mem_efficient,512,15
580.443841371,37.703,13,mem_efficient,512,16
580.486611082,37.703,13,mem_efficient,512,16
580.529772291,37.703,13,mem_efficient,512,16
580.573244073,66.181,13,mem_efficient,512,16
580.624359016,66.181,13,mem_efficient,512,16
580.670568993,68.072,13,mem_efficient,512,16
580.715687864,68.072,13,mem_efficient,512,16
580.762993275,68.169,13,mem_efficient,512,16
580.806125358,68.169,13,mem_efficient,512,16
580.849609975,67.148,13,mem_efficient,512,16
580.892779279,67.148,13,mem_efficient,512,16
580.935911522,67.148,13,mem_efficient,512,16
580.979116214,67.244,13,mem_efficient,512,16
581.027666004,67.244,13,mem_efficient,512,16
581.070828364,70.155,13,mem_efficient,512,16
581.116270373,70.155,13,mem_efficient,512,16
581.15946209,67.492,13,mem_efficient,512,16
581.20678264,67.492,13,mem_efficient,512,16
581.250057285,64.577,13,mem_efficient,512,16
581.319328075,64.577,13,mem_efficient,512,17
581.362146268,88.536,13,mem_efficient,512,17
581.413359068,88.536,13,mem_efficient,512,17
581.457787289,63.512,13,mem_efficient,512,17
581.500922969,63.512,13,mem_efficient,512,17
581.547641267,63.512,13,mem_efficient,512,17
581.592639457,64.73,13,mem_efficient,512,17
581.636360486,64.73,13,mem_efficient,512,17
581.679509592,65.946,13,mem_efficient,512,17
581.722727258,65.946,13,mem_efficient,512,17
581.765880642,67.686,13,mem_efficient,512,17
581.808967789,67.686,13,mem_efficient,512,17
581.85768015,67.686,13,mem_efficient,512,17
581.900809567,69.382,13,mem_efficient,512,17
581.944485219,69.382,13,mem_efficient,512,17
581.987668581,68.266,13,mem_efficient,512,17
582.030889363,68.266,13,mem_efficient,512,17
582.077396858,67.686,13,mem_efficient,512,17
582.120538209,67.686,13,mem_efficient,512,17
582.187134148,43.301,13,mem_efficient,512,18
582.230064795,43.301,13,mem_efficient,512,18
582.273052272,68.652,13,mem_efficient,512,18
582.323784273,68.652,13,mem_efficient,512,18
582.368420572,66.816,13,mem_efficient,512,18
582.413507482,66.816,13,mem_efficient,512,18
582.456696012,66.816,13,mem_efficient,512,18
582.505576284,67.976,13,mem_efficient,512,18
582.549097561,67.976,13,mem_efficient,512,18
582.592370212,66.913,13,mem_efficient,512,18
582.635509038,66.913,13,mem_efficient,512,18
582.678735181,65.987,13,mem_efficient,512,18
582.729414201,65.987,13,mem_efficient,512,18
582.77252842,64.827,13,mem_efficient,512,18
582.816303592,64.827,13,mem_efficient,512,18
582.8595061,64.827,13,mem_efficient,512,18
582.902718226,67.879,13,mem_efficient,512,18
582.946097351,67.879,13,mem_efficient,512,18
582.989280341,67.782,13,mem_efficient,512,18
583.055138798,67.782,13,mem_efficient,512,19
583.098021013,81.775,13,mem_efficient,512,19
583.141199655,81.775,13,mem_efficient,512,19
583.185675477,66.236,13,mem_efficient,512,19
583.236566432,66.236,13,mem_efficient,512,19
583.281556757,67.686,13,mem_efficient,512,19
583.326636293,67.686,13,mem_efficient,512,19
583.375168018,67.686,13,mem_efficient,512,19
583.418216571,68.115,13,mem_efficient,512,19
583.461778065,68.115,13,mem_efficient,512,19
583.504979059,67.879,13,mem_efficient,512,19
583.54818818,67.879,13,mem_efficient,512,19
583.591376741,67.051,13,mem_efficient,512,19
583.640058934,67.051,13,mem_efficient,512,19
583.683298352,69.039,13,mem_efficient,512,19
583.726410487,69.039,13,mem_efficient,512,19
583.76958454,69.039,13,mem_efficient,512,19
583.812787588,67.686,13,mem_efficient,512,19
583.856456007,67.686,13,mem_efficient,512,19
585.473862518,62.641,11,eafa,1024,0
585.523956531,93.125,11,eafa,1024,0
585.570304703,93.125,11,eafa,1024,0
585.613507011,62.932,11,eafa,1024,0
585.656841652,62.932,11,eafa,1024,0
585.70732048,67.698,11,eafa,1024,0
585.751723484,67.698,11,eafa,1024,0
585.794898019,67.698,11,eafa,1024,0
585.840024876,68.802,11,eafa,1024,0
585.891536789,68.802,11,eafa,1024,0
585.934729138,64.827,11,eafa,1024,0
585.977992423,64.827,11,eafa,1024,0
586.021247522,67.148,11,eafa,1024,0
586.072087902,67.148,11,eafa,1024,0
586.119149878,64.674,11,eafa,1024,0
586.162253408,64.674,11,eafa,1024,0
586.205425318,64.674,11,eafa,1024,0
586.249601678,67.976,11,eafa,1024,0
586.29276423,67.976,11,eafa,1024,0
586.335955918,67.686,11,eafa,1024,0
586.379559764,67.686,11,eafa,1024,0
586.566897299,44.734,11,eafa,1024,1
586.609722276,44.734,11,eafa,1024,1
586.66002079,84.085,11,eafa,1024,1
586.705104404,84.085,11,eafa,1024,1
586.748340918,66.374,11,eafa,1024,1
586.943153864,67.879,11,eafa,1024,1
586.989325879,67.879,11,eafa,1024,1
587.032943371,68.749,11,eafa,1024,1
587.076143635,68.749,11,eafa,1024,1
587.125518333,66.858,11,eafa,1024,1
587.168583188,66.858,11,eafa,1024,1
587.212910056,66.858,11,eafa,1024,1
587.256535443,67.728,11,eafa,1024,1
587.307096519,67.728,11,eafa,1024,1
587.350298596,67.438,11,eafa,1024,1
587.393604152,67.438,11,eafa,1024,1
587.436844553,67.976,11,eafa,1024,1
587.479966357,67.976,11,eafa,1024,1
587.558623697,35.191,11,eafa,1024,2
587.601493429,35.191,11,eafa,1024,2
587.652145468,74.114,11,eafa,1024,2
587.697146295,74.114,11,eafa,1024,2
587.740477018,68.169,11,eafa,1024,2
587.783558235,68.169,11,eafa,1024,2
587.833871296,68.169,11,eafa,1024,2
587.878020805,68.169,11,eafa,1024,2
587.924420836,68.169,11,eafa,1024,2
587.9676314,65.214,11,eafa,1024,2
588.013546625,65.214,11,eafa,1024,2
588.057305627,65.02,11,eafa,1024,2
588.100612134,65.02,11,eafa,1024,2
588.144091182,66.664,11,eafa,1024,2
588.187536394,66.664,11,eafa,1024,2
588.230829425,66.664,11,eafa,1024,2
588.279367874,69.619,11,eafa,1024,2
588.32258465,69.619,11,eafa,1024,2
588.365811656,67.203,11,eafa,1024,2
588.409046095,67.203,11,eafa,1024,2
588.452233976,67.782,11,eafa,1024,2
588.523773392,67.782,11,eafa,1024,3
588.566759987,79.506,11,eafa,1024,3
588.611987015,79.506,11,eafa,1024,3
588.664323034,67.492,11,eafa,1024,3
588.70749255,67.492,11,eafa,1024,3
588.750752167,69.232,11,eafa,1024,3
588.793807454,69.232,11,eafa,1024,3
588.836995114,69.232,11,eafa,1024,3
588.889139657,65.697,11,eafa,1024,3
588.932295887,65.697,11,eafa,1024,3
588.975541438,67.203,11,eafa,1024,3
589.018802769,67.203,11,eafa,1024,3
589.061962466,62.313,11,eafa,1024,3
589.111845525,62.313,11,eafa,1024,3
589.155039277,69.575,11,eafa,1024,3
589.198158336,69.575,11,eafa,1024,3
589.241348601,69.575,11,eafa,1024,3
589.284728909,68.072,11,eafa,1024,3
589.328353926,68.072,11,eafa,1024,3
589.371957752,67.299,11,eafa,1024,3
589.415499228,67.299,11,eafa,1024,3
589.486910443,55.714,11,eafa,1024,4
589.533555472,55.714,11,eafa,1024,4
589.581764271,70.295,11,eafa,1024,4
589.626597747,70.295,11,eafa,1024,4
589.670193077,68.556,11,eafa,1024,4
589.718277418,68.556,11,eafa,1024,4
589.761438707,65.02,11,eafa,1024,4
589.804502451,65.02,11,eafa,1024,4
589.847648641,65.02,11,eafa,1024,4
589.890818848,66.567,11,eafa,1024,4
589.941094608,66.567,11,eafa,1024,4
589.98428295,63.899,11,eafa,1024,4
590.029518254,63.899,11,eafa,1024,4
590.072687359,69.479,11,eafa,1024,4
590.115794776,69.479,11,eafa,1024,4
590.163538526,69.039,11,eafa,1024,4
590.207097576,69.039,11,eafa,1024,4
590.250466432,69.039,11,eafa,1024,4
590.293737562,67.341,11,eafa,1024,4
590.337024502,67.341,11,eafa,1024,4
590.38127812,67.879,11,eafa,1024,4
590.451597149,67.879,11,eafa,1024,5
590.494598703,67.782,11,eafa,1024,5
590.53761195,67.782,11,eafa,1024,5
590.581843987,68.609,11,eafa,1024,5
590.633641256,68.609,11,eafa,1024,5
590.676806533,67.589,11,eafa,1024,5
590.720157886,67.589,11,eafa,1024,5
590.771883117,65.6,11,eafa,1024,5
590.818125106,65.6,11,eafa,1024,5
590.861269513,65.6,11,eafa,1024,5
590.904460731,65.02,11,eafa,1024,5
590.95465275,65.02,11,eafa,1024,5
590.997837365,66.471,11,eafa,1024,5
591.04431824,66.471,11,eafa,1024,5
591.08753661,68.609,11,eafa,1024,5
591.136945122,68.609,11,eafa,1024,5
591.180106832,68.169,11,eafa,1024,5
591.223308208,68.169,11,eafa,1024,5
591.26654868,68.169,11,eafa,1024,5
591.309807516,67.589,11,eafa,1024,5
591.354454265,67.589,11,eafa,1024,5
591.428506694,62.641,11,eafa,1024,6
591.471329798,62.641,11,eafa,1024,6
591.52291984,87.151,11,eafa,1024,6
591.568290744,87.151,11,eafa,1024,6
591.612265609,64.286,11,eafa,1024,6
591.655451035,64.286,11,eafa,1024,6
591.7045941,66.374,11,eafa,1024,6
591.747699452,66.374,11,eafa,1024,6
591.793981999,64.383,11,eafa,1024,6
591.837718999,64.383,11,eafa,1024,6
591.887237462,68.899,11,eafa,1024,6
591.930531135,68.899,11,eafa,1024,6
591.973655955,68.899,11,eafa,1024,6
592.018853367,67.589,11,eafa,1024,6
592.062188779,67.589,11,eafa,1024,6
592.110532616,65.987,11,eafa,1024,6
592.1538323,65.987,11,eafa,1024,6
592.197172492,67.45,11,eafa,1024,6
592.240495411,67.45,11,eafa,1024,6
592.283885869,67.45,11,eafa,1024,6
592.329167792,67.396,11,eafa,1024,6
592.400184412,37.508,11,eafa,1024,7
592.443783729,37.508,11,eafa,1024,7
592.495038421,66.277,11,eafa,1024,7
592.541363338,66.277,11,eafa,1024,7
592.586102454,66.277,11,eafa,1024,7
592.629261289,64.537,11,eafa,1024,7
592.677684387,64.537,11,eafa,1024,7
592.720820209,69.961,11,eafa,1024,7
592.765295821,69.961,11,eafa,1024,7
592.808517797,68.899,11,eafa,1024,7
592.851770461,68.899,11,eafa,1024,7
592.898139272,64.537,11,eafa,1024,7
592.943874703,64.537,11,eafa,1024,7
592.987081249,64.537,11,eafa,1024,7
593.030298396,66.858,11,eafa,1024,7
593.073484553,66.858,11,eafa,1024,7
593.12306265,70.348,11,eafa,1024,7
593.16636552,70.348,11,eafa,1024,7
593.209534414,67.492,11,eafa,1024,7
593.252788952,67.492,11,eafa,1024,7
593.296011339,67.492,11,eafa,1024,7
593.367139935,67.492,11,eafa,1024,8
593.410018252,79.951,11,eafa,1024,8
593.454739262,79.951,11,eafa,1024,8
593.500661199,79.951,11,eafa,1024,8
593.549396573,67.203,11,eafa,1024,8
593.592538956,67.203,11,eafa,1024,8
593.635871021,65.987,11,eafa,1024,8
593.680914427,65.987,11,eafa,1024,8
593.732478409,68.845,11,eafa,1024,8
593.775646361,68.845,11,eafa,1024,8
593.818943399,65.946,11,eafa,1024,8
593.862675609,65.946,11,eafa,1024,8
593.913057681,66.913,11,eafa,1024,8
593.958198173,66.913,11,eafa,1024,8
594.001875128,66.913,11,eafa,1024,8
594.045097844,63.803,11,eafa,1024,8
594.088349315,63.803,11,eafa,1024,8
594.131553045,67.492,11,eafa,1024,8
594.174723712,67.492,11,eafa,1024,8
594.218033144,67.396,11,eafa,1024,8
594.26124518,67.396,11,eafa,1024,8
594.332571476,42.523,11,eafa,1024,9
594.378992796,42.523,11,eafa,1024,9
594.423082409,66.374,11,eafa,1024,9
594.467353049,66.374,11,eafa,1024,9
594.510718057,66.374,11,eafa,1024,9
594.553890958,64.633,11,eafa,1024,9
594.602075539,64.633,11,eafa,1024,9
594.648361341,68.266,11,eafa,1024,9
594.691625767,68.266,11,eafa,1024,9
594.73483628,65.214,11,eafa,1024,9
594.784399487,65.214,11,eafa,1024,9
594.827517182,67.244,11,eafa,1024,9
594.873734633,67.244,11,eafa,1024,9
594.916938363,67.244,11,eafa,1024,9
594.966860706,64.73,11,eafa,1024,9
595.010096818,64.73,11,eafa,1024,9
595.053348149,70.637,11,eafa,1024,9
595.096661939,70.637,11,eafa,1024,9
595.13982946,67.492,11,eafa,1024,9
595.186040358,67.492,11,eafa,1024,9
595.229348528,67.492,11,eafa,1024,9
595.299480996,67.492,11,eafa,1024,10
595.342444316,92.549,11,eafa,1024,10
595.392086494,92.549,11,eafa,1024,10
595.437610389,63.125,11,eafa,1024,10
595.480807045,63.125,11,eafa,1024,10
595.52407582,63.125,11,eafa,1024,10
595.574059059,69.479,11,eafa,1024,10
595.617096401,69.479,11,eafa,1024,10
595.660370034,67.686,11,eafa,1024,10
595.703580167,67.686,11,eafa,1024,10
595.746724433,65.31,11,eafa,1024,10
595.789882846,65.31,11,eafa,1024,10
595.8367978,65.407,11,eafa,1024,10
595.880467802,65.407,11,eafa,1024,10
595.923695808,65.407,11,eafa,1024,10
595.966844242,67.203,11,eafa,1024,10
596.012048195,67.203,11,eafa,1024,10
596.060148496,67.782,11,eafa,1024,10
596.10338074,67.782,11,eafa,1024,10
596.146565624,67.589,11,eafa,1024,10
596.189759004,67.589,11,eafa,1024,10
596.233036515,67.589,11,eafa,1024,10
596.307924572,46.747,11,eafa,1024,11
596.350731985,95.401,11,eafa,1024,11
596.395225791,95.401,11,eafa,1024,11
596.447202863,62.603,11,eafa,1024,11
596.490365074,62.603,11,eafa,1024,11
596.5337813,62.603,11,eafa,1024,11
596.576991883,69.039,11,eafa,1024,11
596.62521081,69.039,11,eafa,1024,11
596.668736245,68.652,11,eafa,1024,11
596.711894989,68.652,11,eafa,1024,11
596.755078029,65.407,11,eafa,1024,11
596.798181918,65.407,11,eafa,1024,11
596.841319872,65.407,11,eafa,1024,11
596.891024179,66.277,11,eafa,1024,11
596.934286892,66.277,11,eafa,1024,11
596.977491543,66.816,11,eafa,1024,11
597.022465968,66.816,11,eafa,1024,11
597.065705366,67.782,11,eafa,1024,11
597.108921259,67.782,11,eafa,1024,11
597.152084712,67.589,11,eafa,1024,11
597.195217917,67.589,11,eafa,1024,11
597.238465711,67.589,11,eafa,1024,11
597.310256973,48.301,11,eafa,1024,12
597.35504403,93.472,11,eafa,1024,12
597.403999125,93.472,11,eafa,1024,12
597.449749693,93.472,11,eafa,1024,12
597.498485979,65.794,11,eafa,1024,12
597.541706512,65.794,11,eafa,1024,12
597.584865476,63.512,11,eafa,1024,12
597.628119652,63.512,11,eafa,1024,12
597.671339553,68.899,11,eafa,1024,12
597.723095481,68.899,11,eafa,1024,12
597.766270476,68.072,11,eafa,1024,12
597.809336773,68.072,11,eafa,1024,12
597.854394217,68.072,11,eafa,1024,12
597.905126098,64.44,11,eafa,1024,12
597.948499212,64.44,11,eafa,1024,12
597.991732097,64.924,11,eafa,1024,12
598.035008847,64.924,11,eafa,1024,12
598.078372452,67.686,11,eafa,1024,12
598.121600018,67.686,11,eafa,1024,12
598.164941671,67.492,11,eafa,1024,12
598.208162774,67.492,11,eafa,1024,12
598.277274607,41.064,11,eafa,1024,13
598.32898082,41.064,11,eafa,1024,13
598.373295183,66.084,11,eafa,1024,13
598.419093092,66.084,11,eafa,1024,13
598.471259245,65.891,11,eafa,1024,13
598.514892987,65.891,11,eafa,1024,13
598.558093862,65.891,11,eafa,1024,13
598.601338039,68.652,11,eafa,1024,13
598.644504247,68.652,11,eafa,1024,13
598.694424136,64.633,11,eafa,1024,13
598.737756842,64.633,11,eafa,1024,13
598.780895647,66.858,11,eafa,1024,13
598.825619073,66.858,11,eafa,1024,13
598.868874742,66.858,11,eafa,1024,13
598.914532944,63.512,11,eafa,1024,13
598.958548916,63.512,11,eafa,1024,13
599.001778014,70.444,11,eafa,1024,13
599.044986694,70.444,11,eafa,1024,13
599.088320713,66.913,11,eafa,1024,13
599.131536826,66.913,11,eafa,1024,13
599.175312159,67.589,11,eafa,1024,13
599.220016728,67.589,11,eafa,1024,13
599.291076997,39.141,11,eafa,1024,14
599.341695572,39.141,11,eafa,1024,14
599.389012255,64.633,11,eafa,1024,14
599.435030486,64.633,11,eafa,1024,14
599.48496354,65.157,11,eafa,1024,14
599.528455822,65.157,11,eafa,1024,14
599.571612361,65.157,11,eafa,1024,14
599.615400258,68.556,11,eafa,1024,14
599.658553491,68.556,11,eafa,1024,14
599.70808124,65.407,11,eafa,1024,14
599.751338462,65.407,11,eafa,1024,14
599.794453342,67.106,11,eafa,1024,14
599.840075425,67.106,11,eafa,1024,14
599.883306397,67.106,11,eafa,1024,14
599.928124423,63.376,11,eafa,1024,14
599.97177679,63.376,11,eafa,1024,14
600.015016739,69.961,11,eafa,1024,14
600.058226391,69.961,11,eafa,1024,14
600.101526645,67.051,11,eafa,1024,14
600.144753729,67.051,11,eafa,1024,14
600.189042052,67.686,11,eafa,1024,14
600.23343736,67.686,11,eafa,1024,14
600.303682045,38.946,11,eafa,1024,15
600.346411698,38.946,11,eafa,1024,15
600.397292314,65.697,11,eafa,1024,15
600.443193611,65.697,11,eafa,1024,15
600.486756799,65.697,11,eafa,1024,15
600.530013801,62.835,11,eafa,1024,15
600.579133079,62.835,11,eafa,1024,15
600.622523205,69.672,11,eafa,1024,15
600.665681979,69.672,11,eafa,1024,15
600.708962987,68.362,11,eafa,1024,15
600.752112353,68.362,11,eafa,1024,15
600.795269113,68.362,11,eafa,1024,15
600.845812774,64.093,11,eafa,1024,15
600.888986186,64.093,11,eafa,1024,15
600.932194805,64.577,11,eafa,1024,15
600.975585903,64.577,11,eafa,1024,15
601.025875859,72.33,11,eafa,1024,15
601.069158139,72.33,11,eafa,1024,15
601.112500093,67.148,11,eafa,1024,15
601.155692772,67.148,11,eafa,1024,15
601.198917813,67.148,11,eafa,1024,15
601.242904319,67.589,11,eafa,1024,15
601.315628647,39.823,11,eafa,1024,16
601.358403745,39.823,11,eafa,1024,16
601.401362715,39.823,11,eafa,1024,16
601.447500961,66.084,11,eafa,1024,16
601.494575557,66.084,11,eafa,1024,16
601.537793492,62.835,11,eafa,1024,16
601.581050089,62.835,11,eafa,1024,16
601.62443899,69.715,11,eafa,1024,16
601.675085355,69.715,11,eafa,1024,16
601.718257491,68.169,11,eafa,1024,16
601.761390854,68.169,11,eafa,1024,16
601.806535631,68.169,11,eafa,1024,16
601.849739689,65.6,11,eafa,1024,16
601.897311997,65.6,11,eafa,1024,16
601.940507808,64.48,11,eafa,1024,16
601.983638756,64.48,11,eafa,1024,16
602.026816123,71.507,11,eafa,1024,16
602.070263195,71.507,11,eafa,1024,16
602.117703871,67.051,11,eafa,1024,16
602.160865197,67.051,11,eafa,1024,16
602.2040509,67.051,11,eafa,1024,16
602.247281658,67.686,11,eafa,1024,16
602.318991026,41.356,11,eafa,1024,17
602.364682148,41.356,11,eafa,1024,17
602.408528703,41.356,11,eafa,1024,17
602.454250273,65.117,11,eafa,1024,17
602.506559927,65.117,11,eafa,1024,17
602.549744177,65.946,11,eafa,1024,17
602.592907557,65.946,11,eafa,1024,17
602.637395492,63.57,11,eafa,1024,17
602.680570955,63.57,11,eafa,1024,17
602.729672426,69.039,11,eafa,1024,17
602.77285877,69.039,11,eafa,1024,17
602.816059391,69.039,11,eafa,1024,17
602.860871763,67.589,11,eafa,1024,17
602.90411728,67.589,11,eafa,1024,17
602.95292531,66.471,11,eafa,1024,17
602.996091265,66.471,11,eafa,1024,17
603.04079041,70.058,11,eafa,1024,17
603.084031458,70.058,11,eafa,1024,17
603.127194498,70.058,11,eafa,1024,17
603.170583038,67.782,11,eafa,1024,17
603.213822313,67.782,11,eafa,1024,17
603.257171969,67.106,11,eafa,1024,17
603.329885722,67.106,11,eafa,1024,18
603.376377234,57.548,11,eafa,1024,18
603.423866643,57.548,11,eafa,1024,18
603.469489765,65.6,11,eafa,1024,18
603.512925356,65.6,11,eafa,1024,18
603.561728687,66.429,11,eafa,1024,18
603.606163276,66.429,11,eafa,1024,18
603.649956971,64.19,11,eafa,1024,18
603.693089652,64.19,11,eafa,1024,18
603.73630965,64.19,11,eafa,1024,18
603.78488727,68.072,11,eafa,1024,18
603.83351754,66.719,11,eafa,1024,18
603.893090248,66.719,11,eafa,1024,18
603.93887584,66.719,11,eafa,1024,18
603.982102811,65.85,11,eafa,1024,18
604.027476056,65.85,11,eafa,1024,18
604.071370152,70.058,11,eafa,1024,18
604.114702275,70.058,11,eafa,1024,18
604.15788936,67.009,11,eafa,1024,18
604.201080683,67.009,11,eafa,1024,18
604.244346679,67.009,11,eafa,1024,18
604.317088019,67.299,11,eafa,1024,19
604.359935576,83.551,11,eafa,1024,19
604.404237271,83.551,11,eafa,1024,19
604.456552866,65.214,11,eafa,1024,19
604.501917133,65.214,11,eafa,1024,19
604.545196625,65.214,11,eafa,1024,19
604.588722478,69.575,11,eafa,1024,19
604.638741774,69.575,11,eafa,1024,19
604.683543195,67.686,11,eafa,1024,19
604.726739397,67.686,11,eafa,1024,19
604.770083543,65.794,11,eafa,1024,19
604.813276479,65.794,11,eafa,1024,19
604.863488513,64.15,11,eafa,1024,19
604.907434488,64.15,11,eafa,1024,19
604.950606786,64.15,11,eafa,1024,19
604.993745388,68.556,11,eafa,1024,19
605.03784097,68.556,11,eafa,1024,19
605.085905268,67.686,11,eafa,1024,19
605.129127851,67.686,11,eafa,1024,19
605.172433964,67.203,11,eafa,1024,19
605.215608304,67.203,11,eafa,1024,19
605.25882184,67.203,11,eafa,1024,19
606.924532354,66.761,11,math,1024,0
606.968119735,66.761,11,math,1024,0
607.018054889,75.275,11,math,1024,0
607.064045454,75.275,11,math,1024,0
607.108177004,68.845,11,math,1024,0
607.151447148,68.845,11,math,1024,0
607.2002978,67.299,11,math,1024,0
607.24519309,67.299,11,math,1024,0
607.291655026,67.299,11,math,1024,0
607.334886405,66.429,11,math,1024,0
607.383336852,66.429,11,math,1024,0
607.426611785,64.053,11,math,1024,0
607.470595152,64.053,11,math,1024,0
607.513737211,68.609,11,math,1024,0
607.556951168,68.609,11,math,1024,0
607.607347143,68.072,11,math,1024,0
607.651320692,68.072,11,math,1024,0
607.694552933,68.072,11,math,1024,0
607.737751701,67.299,11,math,1024,0
607.781029229,67.299,11,math,1024,0
607.824203259,67.396,11,math,1024,0
607.867518299,67.396,11,math,1024,0
608.052778968,46.289,11,math,1024,1
608.095696758,46.289,11,math,1024,1
608.13903351,75.95,11,math,1024,1
608.185972617,75.95,11,math,1024,1
608.235531893,66.181,11,math,1024,1
608.439127981,66.567,11,math,1024,1
608.485489735,66.567,11,math,1024,1
608.528700205,69.039,11,math,1024,1
608.571994074,69.039,11,math,1024,1
608.620581863,65.407,11,math,1024,1
608.663678656,65.407,11,math,1024,1
608.706853798,65.407,11,math,1024,1
608.750121447,65.366,11,math,1024,1
608.793313722,65.366,11,math,1024,1
608.836621408,67.396,11,math,1024,1
608.879818212,67.396,11,math,1024,1
608.923651522,67.299,11,math,1024,1
608.966856081,67.299,11,math,1024,1
609.037298405,38.58,11,math,1024,2
609.084912754,38.58,11,math,1024,2
609.131697226,65.214,11,math,1024,2
609.179755442,65.214,11,math,1024,2
609.229289781,66.816,11,math,1024,2
609.274208907,66.816,11,math,1024,2
609.317344012,66.816,11,math,1024,2
609.360546418,68.556,11,math,1024,2
609.403707485,68.556,11,math,1024,2
609.452901515,65.117,11,math,1024,2
609.496206617,65.117,11,math,1024,2
609.53944894,65.504,11,math,1024,2
609.584430527,65.504,11,math,1024,2
609.627651308,66.471,11,math,1024,2
609.679879878,66.471,11,math,1024,2
609.723093435,66.471,11,math,1024,2
609.766308045,69.285,11,math,1024,2
609.809522975,69.285,11,math,1024,2
609.853715143,67.492,11,math,1024,2
609.896906407,67.492,11,math,1024,2
609.940089717,67.299,11,math,1024,2
609.983240764,67.299,11,math,1024,2
610.055567546,36.068,11,math,1024,3
610.099715549,36.068,11,math,1024,3
610.145988816,65.31,11,math,1024,3
610.193559672,65.31,11,math,1024,3
610.243437319,66.567,11,math,1024,3
610.288080529,66.567,11,math,1024,3
610.331254931,66.567,11,math,1024,3
610.374637091,68.169,11,math,1024,3
610.417858112,68.169,11,math,1024,3
610.465716269,66.333,11,math,1024,3
610.508910489,66.333,11,math,1024,3
610.552130458,63.899,11,math,1024,3
610.595325921,63.899,11,math,1024,3
610.638506766,63.899,11,math,1024,3
610.689059874,65.697,11,math,1024,3
610.732588984,65.697,11,math,1024,3
610.777822202,68.513,11,math,1024,3
610.821050938,68.513,11,math,1024,3
610.86674092,67.396,11,math,1024,3
610.910038347,67.396,11,math,1024,3
610.953224793,67.396,11,math,1024,3
610.996377304,67.396,11,math,1024,3
611.068772684,36.166,11,math,1024,4
611.113253123,36.166,11,math,1024,4
611.160644357,65.214,11,math,1024,4
611.20713565,65.214,11,math,1024,4
611.257310885,66.954,11,math,1024,4
611.302036443,66.954,11,math,1024,4
611.345229891,66.954,11,math,1024,4
611.388387432,68.416,11,math,1024,4
611.431701351,68.416,11,math,1024,4
611.479928602,65.31,11,math,1024,4
611.523208456,65.31,11,math,1024,4
611.566418487,64.15,11,math,1024,4
611.609590405,64.15,11,math,1024,4
611.65277122,64.15,11,math,1024,4
611.69585019,66.471,11,math,1024,4
611.744017757,66.471,11,math,1024,4
611.790564055,68.749,11,math,1024,4
611.833772052,68.749,11,math,1024,4
611.877021558,67.299,11,math,1024,4
611.921884929,67.299,11,math,1024,4
611.965080251,67.492,11,math,1024,4
612.008262038,67.492,11,math,1024,4
612.08091377,36.653,11,math,1024,5
612.12737708,36.653,11,math,1024,5
612.175450748,65.157,11,math,1024,5
612.222249378,65.157,11,math,1024,5
612.272136904,66.858,11,math,1024,5
612.318971192,66.858,11,math,1024,5
612.362227602,66.858,11,math,1024,5
612.405536411,68.362,11,math,1024,5
612.452958454,68.362,11,math,1024,5
612.496127045,66.14,11,math,1024,5
612.539403122,66.14,11,math,1024,5
612.58256472,64.577,11,math,1024,5
612.627129921,64.577,11,math,1024,5
612.677159758,69.039,11,math,1024,5
612.727723566,69.039,11,math,1024,5
612.772901679,67.976,11,math,1024,5
612.837917554,67.976,11,math,1024,5
612.88325983,66.816,11,math,1024,5
612.926487284,66.816,11,math,1024,5
612.969785553,66.816,11,math,1024,5
613.013116806,66.816,11,math,1024,5
613.092221522,37.508,11,math,1024,6
613.135523458,37.508,11,math,1024,6
613.178422264,64.73,11,math,1024,6
613.233265692,64.73,11,math,1024,6
613.276622554,64.73,11,math,1024,6
613.319984876,63.222,11,math,1024,6
613.363186099,63.222,11,math,1024,6
613.407891849,69.092,11,math,1024,6
613.45272352,69.092,11,math,1024,6
613.496136849,65.697,11,math,1024,6
613.539487748,65.697,11,math,1024,6
613.585934246,66.277,11,math,1024,6
613.638333082,66.277,11,math,1024,6
613.681593449,66.277,11,math,1024,6
613.724781067,64.674,11,math,1024,6
613.767983072,64.674,11,math,1024,6
613.817807947,69.135,11,math,1024,6
613.861039429,69.135,11,math,1024,6
613.904240993,67.589,11,math,1024,6
613.94844827,67.589,11,math,1024,6
613.993153569,67.589,11,math,1024,6
614.036356556,67.589,11,math,1024,6
614.109919901,36.924,11,math,1024,7
614.160022177,36.924,11,math,1024,7
614.205912241,65.117,11,math,1024,7
614.254180871,65.117,11,math,1024,7
614.303674774,67.244,11,math,1024,7
614.349410212,67.244,11,math,1024,7
614.392601036,67.244,11,math,1024,7
614.435791419,68.556,11,math,1024,7
614.488090885,68.556,11,math,1024,7
614.531316816,65.407,11,math,1024,7
614.574745695,65.407,11,math,1024,7
614.61796352,64.827,11,math,1024,7
614.665706847,64.827,11,math,1024,7
614.7103674,68.845,11,math,1024,7
614.755112615,68.845,11,math,1024,7
614.798264966,68.845,11,math,1024,7
614.841466921,68.169,11,math,1024,7
614.891494795,68.169,11,math,1024,7
614.934749,67.45,11,math,1024,7
614.977975161,67.45,11,math,1024,7
615.021240467,67.589,11,math,1024,7
615.064355706,67.589,11,math,1024,7
615.13876617,35.289,11,math,1024,8
615.181659435,35.289,11,math,1024,8
615.224840761,64.674,11,math,1024,8
615.268108481,64.674,11,math,1024,8
615.317442178,67.782,11,math,1024,8
615.360623063,67.782,11,math,1024,8
615.403770193,67.782,11,math,1024,8
615.446916082,64.924,11,math,1024,8
615.4902089,64.924,11,math,1024,8
615.5334186,65.504,11,math,1024,8
615.581396425,65.504,11,math,1024,8
615.625091683,66.084,11,math,1024,8
615.668631183,66.084,11,math,1024,8
615.711872073,66.084,11,math,1024,8
615.755076663,68.362,11,math,1024,8
615.803151814,68.362,11,math,1024,8
615.846483166,65.407,11,math,1024,8
615.889770565,65.407,11,math,1024,8
615.932961349,67.492,11,math,1024,8
615.976406509,67.492,11,math,1024,8
616.021770557,67.782,11,math,1024,8
616.064941733,67.782,11,math,1024,8
616.135962676,36.729,11,math,1024,9
616.178849719,36.729,11,math,1024,9
616.230177959,65.31,11,math,1024,9
616.278421702,65.31,11,math,1024,9
616.322521764,63.222,11,math,1024,9
616.376587476,63.222,11,math,1024,9
616.419870406,63.222,11,math,1024,9
616.463121485,69.039,11,math,1024,9
616.507543112,69.039,11,math,1024,9
616.555156069,65.504,11,math,1024,9
616.598498612,65.504,11,math,1024,9
616.641620655,65.407,11,math,1024,9
616.688336347,65.407,11,math,1024,9
616.737604408,65.02,11,math,1024,9
616.782819481,65.02,11,math,1024,9
616.826037197,65.02,11,math,1024,9
616.869238891,68.996,11,math,1024,9
616.912468259,68.996,11,math,1024,9
616.955937806,67.686,11,math,1024,9
616.99915505,67.686,11,math,1024,9
617.042402762,67.686,11,math,1024,9
617.085550795,67.686,11,math,1024,9
617.157933313,36.145,11,math,1024,10
617.202478295,36.145,11,math,1024,10
617.248758143,65.407,11,math,1024,10
617.296741237,65.407,11,math,1024,10
617.346013256,67.589,11,math,1024,10
617.39238707,67.589,11,math,1024,10
617.435615824,67.589,11,math,1024,10
617.478859656,68.169,11,math,1024,10
617.530414645,68.169,11,math,1024,10
617.573602489,65.987,11,math,1024,10
617.616837555,65.987,11,math,1024,10
617.660012525,63.319,11,math,1024,10
617.703797291,63.319,11,math,1024,10
617.753168876,71.068,11,math,1024,10
617.798735549,71.068,11,math,1024,10
617.842503021,71.068,11,math,1024,10
617.88744533,67.976,11,math,1024,10
617.935211967,67.976,11,math,1024,10
617.978406425,66.913,11,math,1024,10
618.021725962,66.913,11,math,1024,10
618.064913406,67.106,11,math,1024,10
618.108187966,67.106,11,math,1024,10
618.185086271,36.166,11,math,1024,11
618.227888869,36.166,11,math,1024,11
618.271193207,74.407,11,math,1024,11
618.316943611,74.407,11,math,1024,11
618.360995277,65.697,11,math,1024,11
618.404427388,65.697,11,math,1024,11
618.449356131,65.697,11,math,1024,11
618.49256668,66.623,11,math,1024,11
618.542136103,66.623,11,math,1024,11
618.585369725,64.633,11,math,1024,11
618.628544345,64.633,11,math,1024,11
618.671693125,69.908,11,math,1024,11
618.714868406,69.908,11,math,1024,11
618.758057704,64.73,11,math,1024,11
618.808526046,64.73,11,math,1024,11
618.855059125,64.73,11,math,1024,11
618.898329237,64.73,11,math,1024,11
618.948393287,64.73,11,math,1024,11
618.991635175,67.244,11,math,1024,11
619.034950383,67.244,11,math,1024,11
619.078121736,67.009,11,math,1024,11
619.121399954,67.009,11,math,1024,11
619.200024498,43.398,11,math,1024,12
619.24299641,43.398,11,math,1024,12
619.292524314,84.609,11,math,1024,12
619.337045287,84.609,11,math,1024,12
619.381052398,66.181,11,math,1024,12
619.424482336,66.181,11,math,1024,12
619.472077796,67.879,11,math,1024,12
619.51784938,67.879,11,math,1024,12
619.561125103,67.879,11,math,1024,12
619.604463425,62.351,11,math,1024,12
619.647856623,62.351,11,math,1024,12
619.697999853,71.024,11,math,1024,12
619.741250218,71.024,11,math,1024,12
619.784432682,65.214,11,math,1024,12
619.828300988,65.214,11,math,1024,12
619.871514542,65.31,11,math,1024,12
619.924043954,65.31,11,math,1024,12
619.9673057,65.31,11,math,1024,12
620.010570311,67.106,11,math,1024,12
620.053853939,67.106,11,math,1024,12
620.098062165,67.106,11,math,1024,12
620.141314814,67.106,11,math,1024,12
620.213730078,43.496,11,math,1024,13
620.263187627,43.496,11,math,1024,13
620.312380772,81.056,11,math,1024,13
620.359204577,81.056,11,math,1024,13
620.408345822,63.803,11,math,1024,13
620.451610784,63.803,11,math,1024,13
620.494784472,65.504,11,math,1024,13
620.540033136,65.504,11,math,1024,13
620.591752469,68.556,11,math,1024,13
620.635017963,68.556,11,math,1024,13
620.678173756,68.556,11,math,1024,13
620.721508903,67.686,11,math,1024,13
620.764684955,67.686,11,math,1024,13
620.812536124,67.686,11,math,1024,13
620.855809062,67.686,11,math,1024,13
620.89902987,61.615,11,math,1024,13
620.943491329,61.615,11,math,1024,13
620.986733207,67.299,11,math,1024,13
621.030961401,67.299,11,math,1024,13
621.074159275,67.299,11,math,1024,13
621.117354564,67.106,11,math,1024,13
621.160649073,67.106,11,math,1024,13
621.234242338,55.098,11,math,1024,14
621.277031881,55.098,11,math,1024,14
621.32342332,80.189,11,math,1024,14
621.370722163,80.189,11,math,1024,14
621.420186095,64.15,11,math,1024,14
621.463406552,64.15,11,math,1024,14
621.50655368,64.247,11,math,1024,14
621.551718534,64.247,11,math,1024,14
621.594955071,69.135,11,math,1024,14
621.644896947,69.135,11,math,1024,14
621.688210302,69.135,11,math,1024,14
621.732144964,66.664,11,math,1024,14
621.775309856,66.664,11,math,1024,14
621.825845977,67.686,11,math,1024,14
621.86904891,67.686,11,math,1024,14
621.912223791,62.971,11,math,1024,14
621.955376989,62.971,11,math,1024,14
621.998577679,67.244,11,math,1024,14
622.043878563,67.244,11,math,1024,14
622.087127495,67.244,11,math,1024,14
622.130329908,67.106,11,math,1024,14
622.173623234,67.106,11,math,1024,14
622.245835561,59.715,11,math,1024,15
622.290157213,59.715,11,math,1024,15
622.336224953,80.671,11,math,1024,15
622.384371016,80.671,11,math,1024,15
622.434592616,64.343,11,math,1024,15
622.477843682,64.343,11,math,1024,15
622.521292395,65.157,11,math,1024,15
622.566642253,65.157,11,math,1024,15
622.617655366,69.135,11,math,1024,15
622.660855484,69.135,11,math,1024,15
622.70405951,69.135,11,math,1024,15
622.747280709,65.987,11,math,1024,15
622.790533819,65.987,11,math,1024,15
622.83544605,66.374,11,math,1024,15
622.879621934,66.374,11,math,1024,15
622.923976158,65.117,11,math,1024,15
622.967203929,65.117,11,math,1024,15
623.010476426,67.396,11,math,1024,15
623.05613341,67.396,11,math,1024,15
623.099347526,67.396,11,math,1024,15
623.142530672,67.106,11,math,1024,15
623.185701925,67.106,11,math,1024,15
623.257805843,63.376,11,math,1024,16
623.302289104,63.376,11,math,1024,16
623.347801693,79.226,11,math,1024,16
623.397384372,79.226,11,math,1024,16
623.445710379,64.633,11,math,1024,16
623.488960913,64.633,11,math,1024,16
623.532108,64.44,11,math,1024,16
623.577310897,64.44,11,math,1024,16
623.620543267,69.232,11,math,1024,16
623.669984325,69.232,11,math,1024,16
623.713258696,69.232,11,math,1024,16
623.758282079,65.891,11,math,1024,16
623.801501284,65.891,11,math,1024,16
623.847525321,66.181,11,math,1024,16
623.891033328,66.181,11,math,1024,16
623.936104973,65.987,11,math,1024,16
623.979269724,65.987,11,math,1024,16
624.022509849,67.492,11,math,1024,16
624.06810725,67.492,11,math,1024,16
624.111328118,67.492,11,math,1024,16
624.154558344,67.354,11,math,1024,16
624.197765576,67.354,11,math,1024,16
624.271119194,63.512,11,math,1024,17
624.314535174,63.512,11,math,1024,17
624.359895051,79.419,11,math,1024,17
624.40626004,79.419,11,math,1024,17
624.458101185,64.633,11,math,1024,17
624.501254454,64.633,11,math,1024,17
624.544438782,64.964,11,math,1024,17
624.590336447,64.964,11,math,1024,17
624.640806803,69.232,11,math,1024,17
624.683959751,69.232,11,math,1024,17
624.727128079,69.232,11,math,1024,17
624.770913195,65.891,11,math,1024,17
624.814265375,65.891,11,math,1024,17
624.860166757,66.236,11,math,1024,17
624.903362436,66.236,11,math,1024,17
624.948341836,66.277,11,math,1024,17
624.991540962,66.277,11,math,1024,17
625.034788521,67.299,11,math,1024,17
625.080532803,67.299,11,math,1024,17
625.123714937,67.299,11,math,1024,17
625.166920827,67.148,11,math,1024,17
625.210216448,67.148,11,math,1024,17
625.282427812,63.609,11,math,1024,18
625.32674749,63.609,11,math,1024,18
625.372277865,81.538,11,math,1024,18
625.422022268,81.538,11,math,1024,18
625.470607525,65.31,11,math,1024,18
625.513815593,65.31,11,math,1024,18
625.557036335,63.609,11,math,1024,18
625.602765231,63.609,11,math,1024,18
625.652294783,69.479,11,math,1024,18
625.695713123,69.479,11,math,1024,18
625.73890523,69.479,11,math,1024,18
625.782808487,65.697,11,math,1024,18
625.826033847,65.697,11,math,1024,18
625.874677255,66.664,11,math,1024,18
625.917864213,66.664,11,math,1024,18
625.961049176,65.987,11,math,1024,18
626.004331045,65.987,11,math,1024,18
626.047537259,67.244,11,math,1024,18
626.093009144,67.244,11,math,1024,18
626.136212854,67.244,11,math,1024,18
626.179395783,67.492,11,math,1024,18
626.222675668,67.492,11,math,1024,18
626.294718958,63.609,11,math,1024,19
626.338971964,63.609,11,math,1024,19
626.384576232,80.138,11,math,1024,19
626.43016451,80.138,11,math,1024,19
626.482871666,65.214,11,math,1024,19
626.526093771,65.214,11,math,1024,19
626.569319783,64.093,11,math,1024,19
626.614747904,64.093,11,math,1024,19
626.664921928,69.532,11,math,1024,19
626.708849111,69.532,11,math,1024,19
626.752033323,69.532,11,math,1024,19
626.795259365,66.084,11,math,1024,19
626.838488943,66.084,11,math,1024,19
626.887402217,66.719,11,math,1024,19
626.930610345,66.719,11,math,1024,19
626.97385359,65.407,11,math,1024,19
627.017102436,65.407,11,math,1024,19
627.060376489,67.203,11,math,1024,19
627.105880827,67.203,11,math,1024,19
627.149108422,67.203,11,math,1024,19
627.192295199,67.589,11,math,1024,19
627.235599711,67.589,11,math,1024,19
628.921968317,67.106,11,mem_efficient,1024,0
628.965596428,67.106,11,mem_efficient,1024,0
629.015736798,78.744,11,mem_efficient,1024,0
629.065248315,78.744,11,mem_efficient,1024,0
629.108699928,65.31,11,mem_efficient,1024,0
629.158257834,65.31,11,mem_efficient,1024,0
629.201457957,65.794,11,mem_efficient,1024,0
629.24608711,65.794,11,mem_efficient,1024,0
629.28932742,68.459,11,mem_efficient,1024,0
629.332466686,68.459,11,mem_efficient,1024,0
629.38064247,68.459,11,mem_efficient,1024,0
629.424271242,68.266,11,mem_efficient,1024,0
629.467445775,68.266,11,mem_efficient,1024,0
629.510611141,68.072,11,mem_efficient,1024,0
629.553951131,68.072,11,mem_efficient,1024,0
629.601748422,62.39,11,mem_efficient,1024,0
629.645365581,62.39,11,mem_efficient,1024,0
629.688604007,62.39,11,mem_efficient,1024,0
629.731870597,66.816,11,mem_efficient,1024,0
629.775142777,66.816,11,mem_efficient,1024,0
629.81836916,67.492,11,mem_efficient,1024,0
629.861656699,67.492,11,mem_efficient,1024,0
630.051925192,45.706,11,mem_efficient,1024,1
630.094773312,45.706,11,mem_efficient,1024,1
630.137890726,87.439,11,mem_efficient,1024,1
630.18244135,87.439,11,mem_efficient,1024,1
630.231338834,64.247,11,mem_efficient,1024,1
630.456243287,64.247,11,mem_efficient,1024,1
630.501554024,64.827,11,mem_efficient,1024,1
630.54568716,64.827,11,mem_efficient,1024,1
630.595411074,64.827,11,mem_efficient,1024,1
630.638603031,69.189,11,mem_efficient,1024,1
630.683687656,69.189,11,mem_efficient,1024,1
630.726917184,66.277,11,mem_efficient,1024,1
630.770094724,66.277,11,mem_efficient,1024,1
630.818136301,68.169,11,mem_efficient,1024,1
630.861482293,68.169,11,mem_efficient,1024,1
630.904810099,68.169,11,mem_efficient,1024,1
630.948292822,67.535,11,mem_efficient,1024,1
630.991575642,67.535,11,mem_efficient,1024,1
631.036869958,66.277,11,mem_efficient,1024,1
631.106762015,66.277,11,mem_efficient,1024,2
631.149559568,45.581,11,mem_efficient,1024,2
631.193122815,45.581,11,mem_efficient,1024,2
631.244596032,64.633,11,mem_efficient,1024,2
631.288709832,64.633,11,mem_efficient,1024,2
631.331969678,63.706,11,mem_efficient,1024,2
631.376202735,63.706,11,mem_efficient,1024,2
631.427412669,69.039,11,mem_efficient,1024,2
631.470639783,69.039,11,mem_efficient,1024,2
631.513870394,64.537,11,mem_efficient,1024,2
631.558082351,64.537,11,mem_efficient,1024,2
631.610166406,64.537,11,mem_efficient,1024,2
631.653620053,64.867,11,mem_efficient,1024,2
631.696819494,64.867,11,mem_efficient,1024,2
631.740035207,69.232,11,mem_efficient,1024,2
631.783291737,69.232,11,mem_efficient,1024,2
631.827725798,66.913,11,mem_efficient,1024,2
631.871430295,66.913,11,mem_efficient,1024,2
631.914690793,66.913,11,mem_efficient,1024,2
631.95808698,66.719,11,mem_efficient,1024,2
632.001492586,66.719,11,mem_efficient,1024,2
632.044836613,67.244,11,mem_efficient,1024,2
632.088026035,67.244,11,mem_efficient,1024,2
632.160571645,36.437,11,mem_efficient,1024,3
632.203328811,36.437,11,mem_efficient,1024,3
632.246437779,82.834,11,mem_efficient,1024,3
632.298377148,82.834,11,mem_efficient,1024,3
632.341671381,63.803,11,mem_efficient,1024,3
632.384910818,63.803,11,mem_efficient,1024,3
632.429323108,64.343,11,mem_efficient,1024,3
632.480395429,64.343,11,mem_efficient,1024,3
632.523946132,64.343,11,mem_efficient,1024,3
632.567257106,69.382,11,mem_efficient,1024,3
632.610582909,69.382,11,mem_efficient,1024,3
632.659021796,66.084,11,mem_efficient,1024,3
632.702546388,66.084,11,mem_efficient,1024,3
632.74578249,66.623,11,mem_efficient,1024,3
632.789297705,66.623,11,mem_efficient,1024,3
632.832468431,65.31,11,mem_efficient,1024,3
632.875548243,65.31,11,mem_efficient,1024,3
632.923433031,65.31,11,mem_efficient,1024,3
632.966680184,67.106,11,mem_efficient,1024,3
633.010087883,67.106,11,mem_efficient,1024,3
633.0534423,66.913,11,mem_efficient,1024,3
633.096818028,66.913,11,mem_efficient,1024,3
633.169925683,63.706,11,mem_efficient,1024,4
633.21286641,63.706,11,mem_efficient,1024,4
633.256059679,69.479,11,mem_efficient,1024,4
633.299901668,69.479,11,mem_efficient,1024,4
633.34905957,66.084,11,mem_efficient,1024,4
633.394011339,66.084,11,mem_efficient,1024,4
633.437163649,66.374,11,mem_efficient,1024,4
633.480590283,66.374,11,mem_efficient,1024,4
633.523791225,66.374,11,mem_efficient,1024,4
633.571581701,67.148,11,mem_efficient,1024,4
633.61562304,67.148,11,mem_efficient,1024,4
633.658814554,68.749,11,mem_efficient,1024,4
633.702015787,68.749,11,mem_efficient,1024,4
633.745526752,66.761,11,mem_efficient,1024,4
633.797010919,66.761,11,mem_efficient,1024,4
633.841411074,66.761,11,mem_efficient,1024,4
633.884962576,63.609,11,mem_efficient,1024,4
633.928202203,63.609,11,mem_efficient,1024,4
633.973114507,67.106,11,mem_efficient,1024,4
634.016498279,67.106,11,mem_efficient,1024,4
634.059783151,67.106,11,mem_efficient,1024,4
634.103080799,67.106,11,mem_efficient,1024,4
634.17351461,58.359,11,mem_efficient,1024,5
634.220410365,58.359,11,mem_efficient,1024,5
634.265739385,64.827,11,mem_efficient,1024,5
634.312038991,64.827,11,mem_efficient,1024,5
634.355904845,69.329,11,mem_efficient,1024,5
634.406288668,69.329,11,mem_efficient,1024,5
634.449458751,66.181,11,mem_efficient,1024,5
634.495820206,66.181,11,mem_efficient,1024,5
634.545843379,66.181,11,mem_efficient,1024,5
634.589058439,64.093,11,mem_efficient,1024,5
634.632282024,64.093,11,mem_efficient,1024,5
634.677404009,69.135,11,mem_efficient,1024,5
634.72066696,69.135,11,mem_efficient,1024,5
634.768390849,64.053,11,mem_efficient,1024,5
634.811959354,64.053,11,mem_efficient,1024,5
634.85694087,64.867,11,mem_efficient,1024,5
634.900086016,64.867,11,mem_efficient,1024,5
634.943278021,64.867,11,mem_efficient,1024,5
634.986537515,67.009,11,mem_efficient,1024,5
635.029835413,67.009,11,mem_efficient,1024,5
635.073128682,67.009,11,mem_efficient,1024,5
635.116356285,67.009,11,mem_efficient,1024,5
635.186566509,55.195,11,mem_efficient,1024,6
635.233441354,55.195,11,mem_efficient,1024,6
635.279440836,65.987,11,mem_efficient,1024,6
635.324048187,65.987,11,mem_efficient,1024,6
635.368131246,68.996,11,mem_efficient,1024,6
635.418738316,68.996,11,mem_efficient,1024,6
635.461876819,68.996,11,mem_efficient,1024,6
635.506896288,66.471,11,mem_efficient,1024,6
635.550141064,66.471,11,mem_efficient,1024,6
635.599400487,63.28,11,mem_efficient,1024,6
635.642867378,63.28,11,mem_efficient,1024,6
635.68955686,68.996,11,mem_efficient,1024,6
635.732830421,68.996,11,mem_efficient,1024,6
635.781762238,64.44,11,mem_efficient,1024,6
635.825023366,64.44,11,mem_efficient,1024,6
635.871134271,63.86,11,mem_efficient,1024,6
635.914282352,63.86,11,mem_efficient,1024,6
635.964174175,63.86,11,mem_efficient,1024,6
636.007471151,67.396,11,mem_efficient,1024,6
636.050707912,67.396,11,mem_efficient,1024,6
636.093883827,66.954,11,mem_efficient,1024,6
636.137148431,66.954,11,mem_efficient,1024,6
636.21055888,57.487,11,mem_efficient,1024,7
636.253444219,57.487,11,mem_efficient,1024,7
636.296580308,71.7,11,mem_efficient,1024,7
636.33990149,71.7,11,mem_efficient,1024,7
636.388615802,63.706,11,mem_efficient,1024,7
636.432121577,63.706,11,mem_efficient,1024,7
636.478034554,62.699,11,mem_efficient,1024,7
636.521159361,62.699,11,mem_efficient,1024,7
636.57109132,62.699,11,mem_efficient,1024,7
636.614639346,69.382,11,mem_efficient,1024,7
636.659637554,69.382,11,mem_efficient,1024,7
636.702909001,64.537,11,mem_efficient,1024,7
636.750460971,64.537,11,mem_efficient,1024,7
636.793718862,65.173,11,mem_efficient,1024,7
636.839326596,65.173,11,mem_efficient,1024,7
636.882556163,68.899,11,mem_efficient,1024,7
636.925670189,68.899,11,mem_efficient,1024,7
636.975079359,68.899,11,mem_efficient,1024,7
637.018384601,67.203,11,mem_efficient,1024,7
637.061686937,67.203,11,mem_efficient,1024,7
637.105024671,66.954,11,mem_efficient,1024,7
637.148300737,66.954,11,mem_efficient,1024,7
637.194104405,64.013,11,mem_efficient,1024,7
637.269126417,64.013,11,mem_efficient,1024,8
637.317812986,82.108,11,mem_efficient,1024,8
637.366433007,82.108,11,mem_efficient,1024,8
637.412652751,67.203,11,mem_efficient,1024,8
637.462889984,67.203,11,mem_efficient,1024,8
637.50613499,65.809,11,mem_efficient,1024,8
637.54940757,65.809,11,mem_efficient,1024,8
637.59575155,62.699,11,mem_efficient,1024,8
637.653078726,62.699,11,mem_efficient,1024,8
637.696701605,69.189,11,mem_efficient,1024,8
637.747020905,69.189,11,mem_efficient,1024,8
637.790238049,64.44,11,mem_efficient,1024,8
637.836884167,64.44,11,mem_efficient,1024,8
637.880095349,64.44,11,mem_efficient,1024,8
637.929464643,64.15,11,mem_efficient,1024,8
637.972757631,64.15,11,mem_efficient,1024,8
638.018024192,69.821,11,mem_efficient,1024,8
638.061345134,69.821,11,mem_efficient,1024,8
638.10648846,67.009,11,mem_efficient,1024,8
638.14967779,67.009,11,mem_efficient,1024,8
638.192902738,67.009,11,mem_efficient,1024,8
638.236234651,66.913,11,mem_efficient,1024,8
638.307309597,38.654,11,mem_efficient,1024,9
638.352781811,38.654,11,mem_efficient,1024,9
638.399958524,65.214,11,mem_efficient,1024,9
638.456172311,65.214,11,mem_efficient,1024,9
638.501371343,63.996,11,mem_efficient,1024,9
638.545197821,63.996,11,mem_efficient,1024,9
638.588380128,63.996,11,mem_efficient,1024,9
638.637457995,69.628,11,mem_efficient,1024,9
638.680624392,69.628,11,mem_efficient,1024,9
638.723891731,65.31,11,mem_efficient,1024,9
638.767105197,65.31,11,mem_efficient,1024,9
638.811882192,62.545,11,mem_efficient,1024,9
638.862835665,62.545,11,mem_efficient,1024,9
638.906127571,69.329,11,mem_efficient,1024,9
638.950692731,69.329,11,mem_efficient,1024,9
638.995202095,69.329,11,mem_efficient,1024,9
639.043780406,65.157,11,mem_efficient,1024,9
639.08704489,65.157,11,mem_efficient,1024,9
639.130320465,67.064,11,mem_efficient,1024,9
639.173542177,67.064,11,mem_efficient,1024,9
639.216950866,66.913,11,mem_efficient,1024,9
639.26047147,66.913,11,mem_efficient,1024,9
639.331879943,40.504,11,mem_efficient,1024,10
639.374807754,40.504,11,mem_efficient,1024,10
639.419225292,68.749,11,mem_efficient,1024,10
639.47416311,68.749,11,mem_efficient,1024,10
639.518343876,68.459,11,mem_efficient,1024,10
639.561479894,68.459,11,mem_efficient,1024,10
639.610153849,68.459,11,mem_efficient,1024,10
639.654542341,65.117,11,mem_efficient,1024,10
639.697894573,65.117,11,mem_efficient,1024,10
639.74110819,62.893,11,mem_efficient,1024,10
639.784758672,62.893,11,mem_efficient,1024,10
639.833857198,68.899,11,mem_efficient,1024,10
639.878674961,68.899,11,mem_efficient,1024,10
639.921939745,64.633,11,mem_efficient,1024,10
639.966602863,64.633,11,mem_efficient,1024,10
640.016409122,64.633,11,mem_efficient,1024,10
640.059671452,62.699,11,mem_efficient,1024,10
640.102898644,62.699,11,mem_efficient,1024,10
640.146183156,67.203,11,mem_efficient,1024,10
640.189399027,67.203,11,mem_efficient,1024,10
640.233382947,67.106,11,mem_efficient,1024,10
640.278958649,67.106,11,mem_efficient,1024,10
640.322200309,63.803,11,mem_efficient,1024,10
640.394541717,63.803,11,mem_efficient,1024,11
640.439829288,103.287,11,mem_efficient,1024,11
640.489300567,103.287,11,mem_efficient,1024,11
640.542366888,62.932,11,mem_efficient,1024,11
640.589095123,62.932,11,mem_efficient,1024,11
640.632287449,69.865,11,mem_efficient,1024,11
640.675391927,69.865,11,mem_efficient,1024,11
640.724960322,69.865,11,mem_efficient,1024,11
640.768178818,65.987,11,mem_efficient,1024,11
640.811392364,65.987,11,mem_efficient,1024,11
640.854544143,62.002,11,mem_efficient,1024,11
640.899638034,62.002,11,mem_efficient,1024,11
640.949149229,68.652,11,mem_efficient,1024,11
640.992393745,68.652,11,mem_efficient,1024,11
641.035620416,64.883,11,mem_efficient,1024,11
641.08056399,64.883,11,mem_efficient,1024,11
641.123881325,64.883,11,mem_efficient,1024,11
641.171811087,69.865,11,mem_efficient,1024,11
641.215046054,69.865,11,mem_efficient,1024,11
641.25826965,67.106,11,mem_efficient,1024,11
641.301541638,67.106,11,mem_efficient,1024,11
641.344755986,67.009,11,mem_efficient,1024,11
641.417925459,67.009,11,mem_efficient,1024,12
641.460786719,82.545,11,mem_efficient,1024,12
641.505958364,82.545,11,mem_efficient,1024,12
641.552173915,67.203,11,mem_efficient,1024,12
641.597141199,67.203,11,mem_efficient,1024,12
641.640348129,64.633,11,mem_efficient,1024,12
641.685296828,64.633,11,mem_efficient,1024,12
641.728505731,64.633,11,mem_efficient,1024,12
641.778555501,63.763,11,mem_efficient,1024,12
641.821964427,63.763,11,mem_efficient,1024,12
641.866937994,68.513,11,mem_efficient,1024,12
641.910161545,68.513,11,mem_efficient,1024,12
641.953473345,65.117,11,mem_efficient,1024,12
641.997982554,65.117,11,mem_efficient,1024,12
642.043768805,65.117,11,mem_efficient,1024,12
642.087013386,64.093,11,mem_efficient,1024,12
642.130284759,64.093,11,mem_efficient,1024,12
642.173515704,69.672,11,mem_efficient,1024,12
642.218888705,69.672,11,mem_efficient,1024,12
642.262103449,67.106,11,mem_efficient,1024,12
642.305422053,67.106,11,mem_efficient,1024,12
642.348715698,67.299,11,mem_efficient,1024,12
642.391903722,67.299,11,mem_efficient,1024,12
642.463948585,38.288,11,mem_efficient,1024,13
642.506720844,38.288,11,mem_efficient,1024,13
642.551381633,66.181,11,mem_efficient,1024,13
642.600204668,66.181,11,mem_efficient,1024,13
642.649197718,66.181,11,mem_efficient,1024,13
642.692579822,66.471,11,mem_efficient,1024,13
642.735832229,66.471,11,mem_efficient,1024,13
642.780536641,69.285,11,mem_efficient,1024,13
642.831918948,69.285,11,mem_efficient,1024,13
642.875081453,67.299,11,mem_efficient,1024,13
642.918419724,67.299,11,mem_efficient,1024,13
642.964651496,62.971,11,mem_efficient,1024,13
643.013787027,62.971,11,mem_efficient,1024,13
643.057013585,69.672,11,mem_efficient,1024,13
643.102124384,69.672,11,mem_efficient,1024,13
643.147223581,69.672,11,mem_efficient,1024,13
643.196502246,65.117,11,mem_efficient,1024,13
643.239848552,65.117,11,mem_efficient,1024,13
643.283130245,67.106,11,mem_efficient,1024,13
643.326419682,67.106,11,mem_efficient,1024,13
643.369807738,67.299,11,mem_efficient,1024,13
643.413232875,67.299,11,mem_efficient,1024,13
643.486444728,40.309,11,mem_efficient,1024,14
643.529416849,40.309,11,mem_efficient,1024,14
643.572591557,68.266,11,mem_efficient,1024,14
643.623698437,68.266,11,mem_efficient,1024,14
643.668578315,68.749,11,mem_efficient,1024,14
643.71175164,68.749,11,mem_efficient,1024,14
643.762870203,68.749,11,mem_efficient,1024,14
643.806131096,66.374,11,mem_efficient,1024,14
643.849718392,66.374,11,mem_efficient,1024,14
643.892920934,61.501,11,mem_efficient,1024,14
643.938090926,61.501,11,mem_efficient,1024,14
643.986775486,68.223,11,mem_efficient,1024,14
644.030081385,68.223,11,mem_efficient,1024,14
644.073524065,65.504,11,mem_efficient,1024,14
644.118740005,65.504,11,mem_efficient,1024,14
644.169351359,65.504,11,mem_efficient,1024,14
644.212551445,62.293,11,mem_efficient,1024,14
644.255780567,62.293,11,mem_efficient,1024,14
644.299073782,66.913,11,mem_efficient,1024,14
644.342445496,66.913,11,mem_efficient,1024,14
644.39116844,67.106,11,mem_efficient,1024,14
644.434449802,67.106,11,mem_efficient,1024,14
644.477658044,63.899,11,mem_efficient,1024,14
644.54938008,63.899,11,mem_efficient,1024,15
644.593109068,105.872,11,mem_efficient,1024,15
644.639800929,105.872,11,mem_efficient,1024,15
644.685682611,64.343,11,mem_efficient,1024,15
644.741515185,64.343,11,mem_efficient,1024,15
644.784763935,68.652,11,mem_efficient,1024,15
644.827892745,68.652,11,mem_efficient,1024,15
644.878890397,68.652,11,mem_efficient,1024,15
644.922135038,67.051,11,mem_efficient,1024,15
644.965321369,67.051,11,mem_efficient,1024,15
645.008684687,64.093,11,mem_efficient,1024,15
645.060207893,64.093,11,mem_efficient,1024,15
645.103640645,70.058,11,mem_efficient,1024,15
645.146914212,70.058,11,mem_efficient,1024,15
645.190095833,65.214,11,mem_efficient,1024,15
645.234837837,65.214,11,mem_efficient,1024,15
645.284447165,65.214,11,mem_efficient,1024,15
645.327713338,69.039,11,mem_efficient,1024,15
645.370988508,69.039,11,mem_efficient,1024,15
645.414319305,66.526,11,mem_efficient,1024,15
645.457548357,66.526,11,mem_efficient,1024,15
645.501412713,67.203,11,mem_efficient,1024,15
645.572520466,67.203,11,mem_efficient,1024,16
645.615391093,61.48,11,mem_efficient,1024,16
645.658724434,61.48,11,mem_efficient,1024,16
645.711062989,66.719,11,mem_efficient,1024,16
645.755145532,66.719,11,mem_efficient,1024,16
645.798295523,66.084,11,mem_efficient,1024,16
645.84342103,66.084,11,mem_efficient,1024,16
645.892154053,66.084,11,mem_efficient,1024,16
645.935376522,62.641,11,mem_efficient,1024,16
645.978900488,62.641,11,mem_efficient,1024,16
646.02422766,68.899,11,mem_efficient,1024,16
646.075022134,68.899,11,mem_efficient,1024,16
646.118269491,65.214,11,mem_efficient,1024,16
646.16144476,65.214,11,mem_efficient,1024,16
646.206612267,62.061,11,mem_efficient,1024,16
646.25710307,62.061,11,mem_efficient,1024,16
646.300309178,69.425,11,mem_efficient,1024,16
646.344748654,69.425,11,mem_efficient,1024,16
646.388033192,69.425,11,mem_efficient,1024,16
646.431385169,66.526,11,mem_efficient,1024,16
646.479289648,66.526,11,mem_efficient,1024,16
646.522519672,67.396,11,mem_efficient,1024,16
646.565850709,67.396,11,mem_efficient,1024,16
646.636245247,35.971,11,mem_efficient,1024,17
646.680869196,35.971,11,mem_efficient,1024,17
646.729607168,66.623,11,mem_efficient,1024,17
646.777223205,66.623,11,mem_efficient,1024,17
646.826196888,67.492,11,mem_efficient,1024,17
646.869452281,67.492,11,mem_efficient,1024,17
646.912652868,67.299,11,mem_efficient,1024,17
646.959404704,67.299,11,mem_efficient,1024,17
647.00761613,67.299,11,mem_efficient,1024,17
647.050900989,63.706,11,mem_efficient,1024,17
647.094117987,63.706,11,mem_efficient,1024,17
647.140496109,69.382,11,mem_efficient,1024,17
647.189818979,69.382,11,mem_efficient,1024,17
647.233056357,66.277,11,mem_efficient,1024,17
647.276593057,66.277,11,mem_efficient,1024,17
647.321772437,62.874,11,mem_efficient,1024,17
647.37505678,62.874,11,mem_efficient,1024,17
647.418418686,66.761,11,mem_efficient,1024,17
647.461684989,66.761,11,mem_efficient,1024,17
647.50500808,66.761,11,mem_efficient,1024,17
647.548932001,67.148,11,mem_efficient,1024,17
647.592104965,67.148,11,mem_efficient,1024,17
647.66302099,64.093,11,mem_efficient,1024,18
647.705964616,64.093,11,mem_efficient,1024,18
647.756903275,88.208,11,mem_efficient,1024,18
647.804152101,88.208,11,mem_efficient,1024,18
647.847469281,64.867,11,mem_efficient,1024,18
647.890684417,64.867,11,mem_efficient,1024,18
647.938493143,63.125,11,mem_efficient,1024,18
647.981799022,63.125,11,mem_efficient,1024,18
648.025088209,69.329,11,mem_efficient,1024,18
648.068234462,69.329,11,mem_efficient,1024,18
648.113230502,69.329,11,mem_efficient,1024,18
648.162052304,66.181,11,mem_efficient,1024,18
648.205267099,66.181,11,mem_efficient,1024,18
648.248838716,63.125,11,mem_efficient,1024,18
648.294122385,63.125,11,mem_efficient,1024,18
648.344213203,69.039,11,mem_efficient,1024,18
648.387384936,69.039,11,mem_efficient,1024,18
648.43090785,67.686,11,mem_efficient,1024,18
648.474097005,67.686,11,mem_efficient,1024,18
648.517279979,67.686,11,mem_efficient,1024,18
648.564115986,66.719,11,mem_efficient,1024,18
648.607464616,66.719,11,mem_efficient,1024,18
648.650784792,66.043,11,mem_efficient,1024,18
648.722388012,66.043,11,mem_efficient,1024,19
648.768911462,52.383,11,mem_efficient,1024,19
648.813970532,52.383,11,mem_efficient,1024,19
648.859359412,66.236,11,mem_efficient,1024,19
648.902690239,66.236,11,mem_efficient,1024,19
648.95167867,65.56,11,mem_efficient,1024,19
648.994935204,65.56,11,mem_efficient,1024,19
649.038265981,68.416,11,mem_efficient,1024,19
649.081449776,68.416,11,mem_efficient,1024,19
649.124717312,68.416,11,mem_efficient,1024,19
649.170527057,68.609,11,mem_efficient,1024,19
649.215867354,68.609,11,mem_efficient,1024,19
649.259225643,66.429,11,mem_efficient,1024,19
649.302396264,66.429,11,mem_efficient,1024,19
649.348466857,65.02,11,mem_efficient,1024,19
649.398803398,65.02,11,mem_efficient,1024,19
649.442030552,69.585,11,mem_efficient,1024,19
649.485240844,69.585,11,mem_efficient,1024,19
649.528488086,69.585,11,mem_efficient,1024,19
649.571760286,66.526,11,mem_efficient,1024,19
649.617105189,66.526,11,mem_efficient,1024,19
649.660325219,67.396,11,mem_efficient,1024,19
649.703530592,67.396,11,mem_efficient,1024,19
651.453430137,82.064,13,eafa,1024,0
651.497060302,58.94,13,eafa,1024,0
651.545786628,58.94,13,eafa,1024,0
651.595678352,66.913,13,eafa,1024,0
651.639410061,66.913,13,eafa,1024,0
651.688182695,66.277,13,eafa,1024,0
651.731675457,66.277,13,eafa,1024,0
651.778640256,63.319,13,eafa,1024,0
651.822093532,63.319,13,eafa,1024,0
651.870540735,63.319,13,eafa,1024,0
651.913728884,68.845,13,eafa,1024,0
651.960483472,68.845,13,eafa,1024,0
652.003737126,65.6,13,eafa,1024,0
652.052886391,65.6,13,eafa,1024,0
652.096357331,63.609,13,eafa,1024,0
652.142915442,63.609,13,eafa,1024,0
652.186255061,69.382,13,eafa,1024,0
652.235844858,69.382,13,eafa,1024,0
652.279132979,66.623,13,eafa,1024,0
652.322305218,66.623,13,eafa,1024,0
652.365748575,66.623,13,eafa,1024,0
652.409093454,66.719,13,eafa,1024,0
652.604302079,47.427,13,eafa,1024,1
652.647185035,47.427,13,eafa,1024,1
652.690226092,64.73,13,eafa,1024,1
652.733479376,64.73,13,eafa,1024,1
652.779393847,68.169,13,eafa,1024,1
652.911976555,66.719,13,eafa,1024,1
652.955299031,66.719,13,eafa,1024,1
653.004449739,66.664,13,eafa,1024,1
653.049131203,66.664,13,eafa,1024,1
653.092330594,68.362,13,eafa,1024,1
653.135762699,68.362,13,eafa,1024,1
653.186768353,68.362,13,eafa,1024,1
653.230041505,66.719,13,eafa,1024,1
653.273386374,66.719,13,eafa,1024,1
653.316996349,65.117,13,eafa,1024,1
653.36230381,65.117,13,eafa,1024,1
653.409909063,67.009,13,eafa,1024,1
653.453259724,67.009,13,eafa,1024,1
653.496577621,66.719,13,eafa,1024,1
653.539730142,66.719,13,eafa,1024,1
653.582994477,66.719,13,eafa,1024,1
653.661117403,64.053,13,eafa,1024,2
653.703918282,100.543,13,eafa,1024,2
653.746882574,100.543,13,eafa,1024,2
653.797812062,62.196,13,eafa,1024,2
653.842423763,62.196,13,eafa,1024,2
653.886098662,62.196,13,eafa,1024,2
653.937432954,68.556,13,eafa,1024,2
653.980770239,68.556,13,eafa,1024,2
654.024080762,66.374,13,eafa,1024,2
654.067602809,66.374,13,eafa,1024,2
654.112607432,65.157,13,eafa,1024,2
654.161518671,65.157,13,eafa,1024,2
654.204762116,68.899,13,eafa,1024,2
654.248311005,68.899,13,eafa,1024,2
654.294345205,68.899,13,eafa,1024,2
654.343657722,66.374,13,eafa,1024,2
654.386845541,66.374,13,eafa,1024,2
654.430148359,70.111,13,eafa,1024,2
654.47342074,70.111,13,eafa,1024,2
654.516715463,66.816,13,eafa,1024,2
654.562833183,66.816,13,eafa,1024,2
654.606074484,66.623,13,eafa,1024,2
654.650431027,66.623,13,eafa,1024,2
654.723588745,38.677,13,eafa,1024,3
654.767806304,38.677,13,eafa,1024,3
654.815912094,65.407,13,eafa,1024,3
654.862399029,65.407,13,eafa,1024,3
654.91312079,68.749,13,eafa,1024,3
654.95640868,68.749,13,eafa,1024,3
654.999587732,68.749,13,eafa,1024,3
655.044549402,67.589,13,eafa,1024,3
655.094017125,67.589,13,eafa,1024,3
655.137246323,66.084,13,eafa,1024,3
655.180423081,66.084,13,eafa,1024,3
655.226931547,66.954,13,eafa,1024,3
655.276439528,66.954,13,eafa,1024,3
655.319893606,68.556,13,eafa,1024,3
655.363086675,68.556,13,eafa,1024,3
655.409592466,68.556,13,eafa,1024,3
655.45899724,66.567,13,eafa,1024,3
655.502268207,66.567,13,eafa,1024,3
655.54561495,66.816,13,eafa,1024,3
655.588828618,66.816,13,eafa,1024,3
655.632120195,66.913,13,eafa,1024,3
655.677258322,66.913,13,eafa,1024,3
655.74870948,47.718,13,eafa,1024,4
655.791619808,47.718,13,eafa,1024,4
655.835361325,67.535,13,eafa,1024,4
655.887550701,67.535,13,eafa,1024,4
655.931687474,68.362,13,eafa,1024,4
655.974801933,68.362,13,eafa,1024,4
656.02622814,66.526,13,eafa,1024,4
656.072091574,66.526,13,eafa,1024,4
656.115350328,66.526,13,eafa,1024,4
656.158547796,65.504,13,eafa,1024,4
656.20850763,65.504,13,eafa,1024,4
656.251702321,68.072,13,eafa,1024,4
656.294923795,68.072,13,eafa,1024,4
656.338114449,65.794,13,eafa,1024,4
656.384610582,65.794,13,eafa,1024,4
656.432878011,66.374,13,eafa,1024,4
656.476617935,66.374,13,eafa,1024,4
656.519821103,66.374,13,eafa,1024,4
656.563103082,67.051,13,eafa,1024,4
656.606391844,67.051,13,eafa,1024,4
656.651562994,66.913,13,eafa,1024,4
656.694783375,66.913,13,eafa,1024,4
656.738018574,64.537,13,eafa,1024,4
656.810133631,64.537,13,eafa,1024,5
656.856136852,104.464,13,eafa,1024,5
656.902529728,104.464,13,eafa,1024,5
656.948171146,66.084,13,eafa,1024,5
657.00079341,66.084,13,eafa,1024,5
657.044199667,67.106,13,eafa,1024,5
657.087304267,67.106,13,eafa,1024,5
657.1318283,67.106,13,eafa,1024,5
657.175157689,65.753,13,eafa,1024,5
657.223098774,65.753,13,eafa,1024,5
657.266312462,67.644,13,eafa,1024,5
657.309492877,67.644,13,eafa,1024,5
657.352717476,67.976,13,eafa,1024,5
657.395833786,67.976,13,eafa,1024,5
657.446012833,66.333,13,eafa,1024,5
657.490170129,66.333,13,eafa,1024,5
657.533486919,66.333,13,eafa,1024,5
657.577096338,69.961,13,eafa,1024,5
657.62045118,69.961,13,eafa,1024,5
657.664030651,66.913,13,eafa,1024,5
657.707377348,66.913,13,eafa,1024,5
657.750587344,66.913,13,eafa,1024,5
657.793741933,66.913,13,eafa,1024,5
657.86597326,38.288,13,eafa,1024,6
657.910480605,38.288,13,eafa,1024,6
657.958594686,65.117,13,eafa,1024,6
658.005704637,65.117,13,eafa,1024,6
658.054921895,68.899,13,eafa,1024,6
658.098399352,68.899,13,eafa,1024,6
658.141753573,68.899,13,eafa,1024,6
658.185981354,66.429,13,eafa,1024,6
658.236855028,66.429,13,eafa,1024,6
658.280386508,65.656,13,eafa,1024,6
658.323646128,65.656,13,eafa,1024,6
658.368242263,69.522,13,eafa,1024,6
658.418907159,69.522,13,eafa,1024,6
658.462148324,67.396,13,eafa,1024,6
658.505324284,67.396,13,eafa,1024,6
658.550120331,67.396,13,eafa,1024,6
658.593669314,65.463,13,eafa,1024,6
658.641631313,65.463,13,eafa,1024,6
658.684957891,66.471,13,eafa,1024,6
658.728266074,66.471,13,eafa,1024,6
658.771540713,66.913,13,eafa,1024,6
658.814706274,66.913,13,eafa,1024,6
658.858111172,66.913,13,eafa,1024,6
658.93117889,54.647,13,eafa,1024,7
658.97396253,101.307,13,eafa,1024,7
659.028816753,101.307,13,eafa,1024,7
659.076528023,62.835,13,eafa,1024,7
659.120491238,62.835,13,eafa,1024,7
659.169114481,67.686,13,eafa,1024,7
659.212323014,67.686,13,eafa,1024,7
659.257293354,67.686,13,eafa,1024,7
659.300555569,66.374,13,eafa,1024,7
659.351162173,66.374,13,eafa,1024,7
659.394376496,65.987,13,eafa,1024,7
659.439111086,65.987,13,eafa,1024,7
659.482373101,67.976,13,eafa,1024,7
659.52552246,67.976,13,eafa,1024,7
659.573634686,65.987,13,eafa,1024,7
659.617252151,65.987,13,eafa,1024,7
659.660500219,65.987,13,eafa,1024,7
659.704015407,70.251,13,eafa,1024,7
659.747270048,70.251,13,eafa,1024,7
659.791588362,67.009,13,eafa,1024,7
659.835053786,67.009,13,eafa,1024,7
659.878264352,67.009,13,eafa,1024,7
659.921429792,67.009,13,eafa,1024,7
659.993740644,38.19,13,eafa,1024,8
660.038687449,38.19,13,eafa,1024,8
660.085049981,65.214,13,eafa,1024,8
660.129453037,65.214,13,eafa,1024,8
660.172833839,65.214,13,eafa,1024,8
660.221802662,69.189,13,eafa,1024,8
660.265294345,69.189,13,eafa,1024,8
660.308513448,65.794,13,eafa,1024,8
660.351724155,65.794,13,eafa,1024,8
660.394946995,64.286,13,eafa,1024,8
660.447742573,64.286,13,eafa,1024,8
660.491019476,68.362,13,eafa,1024,8
660.534431097,68.362,13,eafa,1024,8
660.577651062,68.362,13,eafa,1024,8
660.621135712,65.02,13,eafa,1024,8
660.669353119,65.02,13,eafa,1024,8
660.712589775,63.416,13,eafa,1024,8
660.755833355,63.416,13,eafa,1024,8
660.799104668,66.913,13,eafa,1024,8
660.842290697,66.913,13,eafa,1024,8
660.88666623,66.913,13,eafa,1024,8
660.929896705,66.913,13,eafa,1024,8
660.973097222,66.913,13,eafa,1024,8
661.045182088,64.15,13,eafa,1024,9
661.091861205,91.84,13,eafa,1024,9
661.144573353,91.84,13,eafa,1024,9
661.195278065,65.117,13,eafa,1024,9
661.240935589,65.117,13,eafa,1024,9
661.284184248,65.117,13,eafa,1024,9
661.3274711,68.996,13,eafa,1024,9
661.376037304,68.996,13,eafa,1024,9
661.419761813,66.816,13,eafa,1024,9
661.463053364,66.816,13,eafa,1024,9
661.506228493,65.891,13,eafa,1024,9
661.553503979,65.891,13,eafa,1024,9
661.601078718,69.425,13,eafa,1024,9
661.644236443,69.425,13,eafa,1024,9
661.687432331,69.425,13,eafa,1024,9
661.731931662,67.106,13,eafa,1024,9
661.775197884,67.106,13,eafa,1024,9
661.823047558,68.652,13,eafa,1024,9
661.866325935,68.652,13,eafa,1024,9
661.909524778,67.106,13,eafa,1024,9
661.954693528,67.106,13,eafa,1024,9
661.999579096,67.106,13,eafa,1024,9
662.070256766,67.009,13,eafa,1024,10
662.113200352,83.551,13,eafa,1024,10
662.168195254,83.551,13,eafa,1024,10
662.21481142,62.448,13,eafa,1024,10
662.257976029,62.448,13,eafa,1024,10
662.301173029,62.448,13,eafa,1024,10
662.350094853,69.092,13,eafa,1024,10
662.393322311,69.092,13,eafa,1024,10
662.436539921,65.85,13,eafa,1024,10
662.479889864,65.85,13,eafa,1024,10
662.525358527,66.664,13,eafa,1024,10
662.573787078,66.664,13,eafa,1024,10
662.617030237,67.976,13,eafa,1024,10
662.660173755,67.976,13,eafa,1024,10
662.706879933,67.976,13,eafa,1024,10
662.757596728,66.816,13,eafa,1024,10
662.800816973,66.816,13,eafa,1024,10
662.844049772,70.058,13,eafa,1024,10
662.887367393,70.058,13,eafa,1024,10
662.930732324,66.374,13,eafa,1024,10
662.97793933,66.374,13,eafa,1024,10
663.021161839,66.913,13,eafa,1024,10
663.064413294,66.913,13,eafa,1024,10
663.136404197,38.288,13,eafa,1024,11
663.180159635,38.288,13,eafa,1024,11
663.228264166,65.31,13,eafa,1024,11
663.273923183,65.31,13,eafa,1024,11
663.324700173,68.845,13,eafa,1024,11
663.367947309,68.845,13,eafa,1024,11
663.411156382,68.845,13,eafa,1024,11
663.454361699,66.429,13,eafa,1024,11
663.497623042,66.429,13,eafa,1024,11
663.546780887,64.98,13,eafa,1024,11
663.589928062,64.98,13,eafa,1024,11
663.633188384,68.899,13,eafa,1024,11
663.676324588,68.899,13,eafa,1024,11
663.719545124,68.899,13,eafa,1024,11
663.764134636,65.02,13,eafa,1024,11
663.811390335,65.02,13,eafa,1024,11
663.854627111,64.19,13,eafa,1024,11
663.897852606,64.19,13,eafa,1024,11
663.941139629,67.203,13,eafa,1024,11
663.984356438,67.203,13,eafa,1024,11
664.028246192,67.203,13,eafa,1024,11
664.071496034,67.009,13,eafa,1024,11
664.114678116,67.009,13,eafa,1024,11
664.187064481,64.247,13,eafa,1024,12
664.233551671,89.92,13,eafa,1024,12
664.284776507,89.92,13,eafa,1024,12
664.33783095,63.956,13,eafa,1024,12
664.390984923,63.956,13,eafa,1024,12
664.439889373,69.382,13,eafa,1024,12
664.483158762,69.382,13,eafa,1024,12
664.52634429,69.382,13,eafa,1024,12
664.569573803,67.492,13,eafa,1024,12
664.612817293,67.492,13,eafa,1024,12
664.662945322,65.117,13,eafa,1024,12
664.706118126,65.117,13,eafa,1024,12
664.749325246,68.416,13,eafa,1024,12
664.793090703,68.416,13,eafa,1024,12
664.836429835,68.416,13,eafa,1024,12
664.885696348,68.609,13,eafa,1024,12
664.928909138,68.609,13,eafa,1024,12
664.972286794,68.169,13,eafa,1024,12
665.015692353,68.169,13,eafa,1024,12
665.059207322,66.623,13,eafa,1024,12
665.103739925,66.623,13,eafa,1024,12
665.147311782,67.009,13,eafa,1024,12
665.218341191,67.009,13,eafa,1024,13
665.26139595,101.054,13,eafa,1024,13
665.311887123,101.054,13,eafa,1024,13
665.360878349,64.633,13,eafa,1024,13
665.404882383,64.633,13,eafa,1024,13
665.45389859,66.816,13,eafa,1024,13
665.497038684,66.816,13,eafa,1024,13
665.54020597,66.816,13,eafa,1024,13
665.583397453,66.14,13,eafa,1024,13
665.626873499,66.14,13,eafa,1024,13
665.674062133,69.092,13,eafa,1024,13
665.718363046,69.092,13,eafa,1024,13
665.761643779,66.623,13,eafa,1024,13
665.805447863,66.623,13,eafa,1024,13
665.851436823,66.623,13,eafa,1024,13
665.899199944,66.333,13,eafa,1024,13
665.94242454,66.333,13,eafa,1024,13
665.985680676,70.014,13,eafa,1024,13
666.028983241,70.014,13,eafa,1024,13
666.072286747,67.106,13,eafa,1024,13
666.116304189,67.106,13,eafa,1024,13
666.159492836,67.009,13,eafa,1024,13
666.202623823,67.009,13,eafa,1024,13
666.275128482,38.557,13,eafa,1024,14
666.321783806,38.557,13,eafa,1024,14
666.368210203,64.15,13,eafa,1024,14
666.425432766,64.15,13,eafa,1024,14
666.472152333,69.092,13,eafa,1024,14
666.515291856,69.092,13,eafa,1024,14
666.55857839,69.092,13,eafa,1024,14
666.611191473,67.794,13,eafa,1024,14
666.654406821,67.794,13,eafa,1024,14
666.697625996,63.028,13,eafa,1024,14
666.74080769,63.028,13,eafa,1024,14
666.793557464,68.609,13,eafa,1024,14
666.836741612,68.609,13,eafa,1024,14
666.879972109,65.794,13,eafa,1024,14
666.923113607,65.794,13,eafa,1024,14
666.971723597,63.473,13,eafa,1024,14
667.017824521,63.473,13,eafa,1024,14
667.061094163,63.473,13,eafa,1024,14
667.104374365,66.719,13,eafa,1024,14
667.147672281,66.719,13,eafa,1024,14
667.195802164,67.009,13,eafa,1024,14
667.239135457,67.009,13,eafa,1024,14
667.282448923,64.537,13,eafa,1024,14
667.35314565,64.537,13,eafa,1024,15
667.397712321,113.686,13,eafa,1024,15
667.51483705,43.885,13,eafa,1024,15
667.564716016,43.885,13,eafa,1024,15
667.611922433,66.388,13,eafa,1024,15
667.655191544,66.388,13,eafa,1024,15
667.705807229,66.14,13,eafa,1024,15
667.749077081,66.14,13,eafa,1024,15
667.796092674,63.609,13,eafa,1024,15
667.839341366,63.609,13,eafa,1024,15
667.888296576,68.03,13,eafa,1024,15
667.931669175,68.03,13,eafa,1024,15
667.978624993,68.03,13,eafa,1024,15
668.021924432,65.6,13,eafa,1024,15
668.070966598,65.6,13,eafa,1024,15
668.114590026,69.479,13,eafa,1024,15
668.157864618,69.479,13,eafa,1024,15
668.201106837,66.333,13,eafa,1024,15
668.244352864,66.333,13,eafa,1024,15
668.288339617,67.009,13,eafa,1024,15
668.332591907,67.009,13,eafa,1024,15
668.405488777,38.872,13,eafa,1024,16
668.453698752,38.872,13,eafa,1024,16
668.501228488,63.763,13,eafa,1024,16
668.550940675,63.763,13,eafa,1024,16
668.599434142,68.556,13,eafa,1024,16
668.644918207,68.556,13,eafa,1024,16
668.688234628,68.556,13,eafa,1024,16
668.740569479,68.072,13,eafa,1024,16
668.783823301,68.072,13,eafa,1024,16
668.827083174,65.214,13,eafa,1024,16
668.870309944,65.214,13,eafa,1024,16
668.916358097,67.589,13,eafa,1024,16
668.964250405,67.589,13,eafa,1024,16
669.007515359,68.652,13,eafa,1024,16
669.051630888,68.652,13,eafa,1024,16
669.09694623,68.652,13,eafa,1024,16
669.146821809,66.277,13,eafa,1024,16
669.190087955,66.277,13,eafa,1024,16
669.233440345,66.471,13,eafa,1024,16
669.276719004,66.471,13,eafa,1024,16
669.319970752,67.106,13,eafa,1024,16
669.363800915,67.106,13,eafa,1024,16
669.434145873,45.149,13,eafa,1024,17
669.477053343,45.149,13,eafa,1024,17
669.520539108,64.73,13,eafa,1024,17
669.569982811,64.73,13,eafa,1024,17
669.614405968,67.849,13,eafa,1024,17
669.658520345,67.849,13,eafa,1024,17
669.704132124,67.849,13,eafa,1024,17
669.754804858,65.31,13,eafa,1024,17
669.797997523,65.31,13,eafa,1024,17
669.841221777,64.44,13,eafa,1024,17
669.886123469,64.44,13,eafa,1024,17
669.929369105,67.782,13,eafa,1024,17
669.977963977,67.782,13,eafa,1024,17
670.021207699,65.891,13,eafa,1024,17
670.068125304,65.891,13,eafa,1024,17
670.111384406,65.891,13,eafa,1024,17
670.160829543,62.293,13,eafa,1024,17
670.204362849,62.293,13,eafa,1024,17
670.24772629,67.009,13,eafa,1024,17
670.2909322,67.009,13,eafa,1024,17
670.334178317,67.009,13,eafa,1024,17
670.379984868,67.009,13,eafa,1024,17
670.423407723,63.956,13,eafa,1024,17
670.499888436,63.956,13,eafa,1024,18
670.544788033,112.402,13,eafa,1024,18
670.591575008,112.402,13,eafa,1024,18
670.638366272,67.051,13,eafa,1024,18
670.689947001,67.051,13,eafa,1024,18
670.733332284,65.31,13,eafa,1024,18
670.77647326,65.31,13,eafa,1024,18
670.821632484,65.31,13,eafa,1024,18
670.872018439,66.719,13,eafa,1024,18
670.915307859,66.719,13,eafa,1024,18
670.958668385,68.802,13,eafa,1024,18
671.005095272,68.802,13,eafa,1024,18
671.053042375,67.589,13,eafa,1024,18
671.096197989,67.589,13,eafa,1024,18
671.139471057,65.214,13,eafa,1024,18
671.186362593,65.214,13,eafa,1024,18
671.235995548,70.734,13,eafa,1024,18
671.282814435,70.734,13,eafa,1024,18
671.32606465,70.734,13,eafa,1024,18
671.369313121,66.429,13,eafa,1024,18
671.414934879,66.429,13,eafa,1024,18
671.458161279,67.064,13,eafa,1024,18
671.529055721,67.064,13,eafa,1024,19
671.578149717,52.577,13,eafa,1024,19
671.624390007,52.577,13,eafa,1024,19
671.66908824,65.214,13,eafa,1024,19
671.712756023,65.214,13,eafa,1024,19
671.763559556,63.666,13,eafa,1024,19
671.806761449,63.666,13,eafa,1024,19
671.84996247,69.135,13,eafa,1024,19
671.893205671,69.135,13,eafa,1024,19
671.93642136,69.135,13,eafa,1024,19
671.986336234,68.459,13,eafa,1024,19
672.029618961,68.459,13,eafa,1024,19
672.072854969,64.924,13,eafa,1024,19
672.116412451,64.924,13,eafa,1024,19
672.161923548,66.858,13,eafa,1024,19
672.211076726,66.858,13,eafa,1024,19
672.254287846,67.879,13,eafa,1024,19
672.297862612,67.879,13,eafa,1024,19
672.341081697,67.879,13,eafa,1024,19
672.384352471,66.567,13,eafa,1024,19
672.429846966,66.567,13,eafa,1024,19
672.473096139,66.567,13,eafa,1024,19
672.516366342,66.567,13,eafa,1024,19
674.234759511,61.964,13,math,1024,0
674.280895312,78.937,13,math,1024,0
674.332988151,78.937,13,math,1024,0
674.381544539,64.577,13,math,1024,0
674.432160936,64.577,13,math,1024,0
674.475459714,64.577,13,math,1024,0
674.524209572,65.738,13,math,1024,0
674.567413339,65.738,13,math,1024,0
674.610589593,66.623,13,math,1024,0
674.653883932,66.623,13,math,1024,0
674.697091676,65.076,13,math,1024,0
674.746888857,65.076,13,math,1024,0
674.790099096,67.396,13,math,1024,0
674.833232578,67.396,13,math,1024,0
674.876445392,67.396,13,math,1024,0
674.92129294,67.106,13,math,1024,0
674.970931427,67.106,13,math,1024,0
675.014232169,68.223,13,math,1024,0
675.057489468,68.223,13,math,1024,0
675.100695759,66.429,13,math,1024,0
675.144055404,66.429,13,math,1024,0
675.188557653,67.148,13,math,1024,0
675.381377489,42.523,13,math,1024,1
675.424268428,83.551,13,math,1024,1
675.467300516,83.551,13,math,1024,1
675.519103019,65.891,13,math,1024,1
675.563898188,65.6,13,math,1024,1
675.688062636,65.6,13,math,1024,1
675.731643072,69.768,13,math,1024,1
675.782437879,69.768,13,math,1024,1
675.825633962,66.084,13,math,1024,1
675.86882848,66.084,13,math,1024,1
675.912146275,64.053,13,math,1024,1
675.959023393,64.053,13,math,1024,1
676.006843745,68.652,13,math,1024,1
676.050608964,68.652,13,math,1024,1
676.09380686,68.652,13,math,1024,1
676.139906542,67.051,13,math,1024,1
676.188851022,67.051,13,math,1024,1
676.232161443,66.664,13,math,1024,1
676.275369067,66.664,13,math,1024,1
676.31864463,66.664,13,math,1024,1
676.361994466,66.664,13,math,1024,1
676.441052266,35.776,13,math,1024,2
676.483913147,35.776,13,math,1024,2
676.535156823,69.768,13,math,1024,2
676.58185008,69.768,13,math,1024,2
676.625315396,65.407,13,math,1024,2
676.668517229,65.407,13,math,1024,2
676.716217781,65.02,13,math,1024,2
676.766953335,65.02,13,math,1024,2
676.810586503,65.02,13,math,1024,2
676.858975892,63.899,13,math,1024,2
676.902171513,63.899,13,math,1024,2
676.946805012,66.181,13,math,1024,2
676.990019039,66.181,13,math,1024,2
677.033316865,65.02,13,math,1024,2
677.082224815,65.02,13,math,1024,2
677.125452498,68.556,13,math,1024,2
677.172257749,68.556,13,math,1024,2
677.215593848,68.556,13,math,1024,2
677.260220915,66.719,13,math,1024,2
677.303415084,66.719,13,math,1024,2
677.346624711,66.623,13,math,1024,2
677.389810734,66.623,13,math,1024,2
677.433089514,64.247,13,math,1024,2
677.50474982,64.247,13,math,1024,3
677.547653233,106.295,13,math,1024,3
677.595482261,106.295,13,math,1024,3
677.650730561,66.623,13,math,1024,3
677.69635764,66.623,13,math,1024,3
677.739579321,65.214,13,math,1024,3
677.782790983,65.214,13,math,1024,3
677.833635946,63.222,13,math,1024,3
677.877795349,63.222,13,math,1024,3
677.921076393,63.222,13,math,1024,3
677.964296842,68.169,13,math,1024,3
678.007570908,68.169,13,math,1024,3
678.05768289,65.504,13,math,1024,3
678.100967221,65.504,13,math,1024,3
678.144190735,61.674,13,math,1024,3
678.187362871,61.674,13,math,1024,3
678.230624909,61.674,13,math,1024,3
678.279651065,69.285,13,math,1024,3
678.3229006,69.285,13,math,1024,3
678.366130767,66.526,13,math,1024,3
678.409360914,66.526,13,math,1024,3
678.452681073,66.623,13,math,1024,3
678.496162981,66.623,13,math,1024,3
678.570076435,36.263,13,math,1024,4
678.612861211,36.263,13,math,1024,4
678.66553993,67.686,13,math,1024,4
678.71196788,67.686,13,math,1024,4
678.755741485,66.719,13,math,1024,4
678.799020386,66.719,13,math,1024,4
678.846942602,65.02,13,math,1024,4
678.893050089,65.02,13,math,1024,4
678.936291157,65.02,13,math,1024,4
678.979476869,66.181,13,math,1024,4
679.029769737,66.181,13,math,1024,4
679.073148357,66.954,13,math,1024,4
679.116361051,66.954,13,math,1024,4
679.159620203,66.181,13,math,1024,4
679.204778356,66.181,13,math,1024,4
679.25392909,66.719,13,math,1024,4
679.298661198,66.719,13,math,1024,4
679.342012247,66.719,13,math,1024,4
679.385379135,66.913,13,math,1024,4
679.428633919,66.913,13,math,1024,4
679.471861892,66.526,13,math,1024,4
679.515052553,66.526,13,math,1024,4
679.558395265,64.247,13,math,1024,4
679.632311892,64.247,13,math,1024,5
679.677964329,115.19,13,math,1024,5
679.72544973,115.19,13,math,1024,5
679.780319096,67.009,13,math,1024,5
679.827042431,67.009,13,math,1024,5
679.870231599,66.333,13,math,1024,5
679.913781788,66.333,13,math,1024,5
679.964836672,65.407,13,math,1024,5
680.010843246,65.407,13,math,1024,5
680.054111777,65.407,13,math,1024,5
680.097724365,69.479,13,math,1024,5
680.146990099,69.479,13,math,1024,5
680.190228772,66.678,13,math,1024,5
680.233534123,66.678,13,math,1024,5
680.276969352,64.247,13,math,1024,5
680.323329733,64.247,13,math,1024,5
680.370795857,70.734,13,math,1024,5
680.416485976,70.734,13,math,1024,5
680.459727886,70.734,13,math,1024,5
680.502929599,66.858,13,math,1024,5
680.547474208,66.858,13,math,1024,5
680.59070131,66.526,13,math,1024,5
680.660945642,66.526,13,math,1024,6
680.703880625,63.28,13,math,1024,6
680.755288344,63.28,13,math,1024,6
680.803585236,66.374,13,math,1024,6
680.848495615,66.374,13,math,1024,6
680.897990638,64.633,13,math,1024,6
680.94119207,64.633,13,math,1024,6
680.984381299,68.072,13,math,1024,6
681.027593241,68.072,13,math,1024,6
681.070877752,66.429,13,math,1024,6
681.124861825,66.429,13,math,1024,6
681.169438296,66.429,13,math,1024,6
681.212995318,64.883,13,math,1024,6
681.256228411,64.883,13,math,1024,6
681.303926418,67.976,13,math,1024,6
681.34728441,67.976,13,math,1024,6
681.390485311,67.782,13,math,1024,6
681.433774808,67.782,13,math,1024,6
681.477050978,67.782,13,math,1024,6
681.522411743,66.774,13,math,1024,6
681.565677343,66.774,13,math,1024,6
681.608901743,66.719,13,math,1024,6
681.652099804,66.719,13,math,1024,6
681.724348637,36.61,13,math,1024,7
681.76906488,36.61,13,math,1024,7
681.816322009,69.382,13,math,1024,7
681.871262605,69.382,13,math,1024,7
681.917681813,64.4,13,math,1024,7
681.960866077,64.4,13,math,1024,7
682.004106198,64.73,13,math,1024,7
682.055075643,64.73,13,math,1024,7
682.098227305,70.251,13,math,1024,7
682.141467376,70.251,13,math,1024,7
682.185014123,70.251,13,math,1024,7
682.241159662,69.382,13,math,1024,7
682.285323028,69.382,13,math,1024,7
682.328527902,64.15,13,math,1024,7
682.371694963,64.15,13,math,1024,7
682.419637332,67.148,13,math,1024,7
682.462806287,67.148,13,math,1024,7
682.506155667,66.816,13,math,1024,7
682.54930804,66.816,13,math,1024,7
682.592619648,66.719,13,math,1024,7
682.638520936,66.719,13,math,1024,7
682.681710911,66.719,13,math,1024,7
682.752055551,64.73,13,math,1024,8
682.795149973,92.667,13,math,1024,8
682.850622886,92.667,13,math,1024,8
682.896210274,92.667,13,math,1024,8
682.946842164,65.656,13,math,1024,8
682.990053631,65.656,13,math,1024,8
683.033290185,66.761,13,math,1024,8
683.079774988,66.761,13,math,1024,8
683.129283029,66.333,13,math,1024,8
683.172789079,66.333,13,math,1024,8
683.216013179,65.656,13,math,1024,8
683.261925568,65.656,13,math,1024,8
683.312288734,68.072,13,math,1024,8
683.356877083,68.072,13,math,1024,8
683.400105852,68.072,13,math,1024,8
683.44694879,66.623,13,math,1024,8
683.495675989,66.623,13,math,1024,8
683.538919797,68.459,13,math,1024,8
683.582424183,68.459,13,math,1024,8
683.625667701,66.526,13,math,1024,8
683.668990941,66.526,13,math,1024,8
683.712203559,66.678,13,math,1024,8
683.782332948,66.678,13,math,1024,9
683.825262325,85.09,13,math,1024,9
683.879931502,85.09,13,math,1024,9
683.928177982,63.319,13,math,1024,9
683.972356086,63.319,13,math,1024,9
684.022392027,66.913,13,math,1024,9
684.07050365,66.913,13,math,1024,9
684.115926543,64.924,13,math,1024,9
684.16852391,64.924,13,math,1024,9
684.21181584,64.924,13,math,1024,9
684.255406641,66.567,13,math,1024,9
684.30674975,66.567,13,math,1024,9
684.350024117,67.299,13,math,1024,9
684.39324979,67.299,13,math,1024,9
684.436822658,64.924,13,math,1024,9
684.482519284,64.924,13,math,1024,9
684.530849675,70.251,13,math,1024,9
684.575513127,70.251,13,math,1024,9
684.618758367,70.251,13,math,1024,9
684.662504045,66.623,13,math,1024,9
684.707580636,66.623,13,math,1024,9
684.750773006,66.664,13,math,1024,9
684.821126813,66.664,13,math,1024,10
684.864101627,62.699,13,math,1024,10
684.91694796,62.699,13,math,1024,10
684.961748043,63.956,13,math,1024,10
685.005061614,63.956,13,math,1024,10
685.048325661,63.319,13,math,1024,10
685.093285539,63.319,13,math,1024,10
685.139781634,68.169,13,math,1024,10
685.183325375,68.169,13,math,1024,10
685.226602196,68.169,13,math,1024,10
685.269891552,64.924,13,math,1024,10
685.317732928,64.924,13,math,1024,10
685.369850668,63.724,13,math,1024,10
685.413033048,63.724,13,math,1024,10
685.457886583,69.672,13,math,1024,10
685.507583256,69.672,13,math,1024,10
685.550770937,65.504,13,math,1024,10
685.593962755,65.504,13,math,1024,10
685.637253253,65.504,13,math,1024,10
685.680593245,66.181,13,math,1024,10
685.729251131,66.181,13,math,1024,10
685.772478167,66.719,13,math,1024,10
685.815784796,66.719,13,math,1024,10
685.887971733,43.496,13,math,1024,11
685.93104752,43.496,13,math,1024,11
685.979026389,79.226,13,math,1024,11
686.024947174,79.226,13,math,1024,11
686.075425761,66.14,13,math,1024,11
686.118842069,66.14,13,math,1024,11
686.161999362,61.77,13,math,1024,11
686.206291323,61.77,13,math,1024,11
686.256434058,69.092,13,math,1024,11
686.300087649,69.092,13,math,1024,11
686.343315477,69.092,13,math,1024,11
686.38774385,65.891,13,math,1024,11
686.439008239,65.891,13,math,1024,11
686.48221211,62.545,13,math,1024,11
686.525371527,62.545,13,math,1024,11
686.569925068,69.768,13,math,1024,11
686.621153388,69.768,13,math,1024,11
686.664401074,67.299,13,math,1024,11
686.707699697,67.299,13,math,1024,11
686.750934177,66.623,13,math,1024,11
686.795680888,66.623,13,math,1024,11
686.838843381,66.623,13,math,1024,11
686.909096439,65.891,13,math,1024,12
686.952094928,84.32,13,math,1024,12
687.006474722,84.32,13,math,1024,12
687.053749836,84.32,13,math,1024,12
687.097435214,63.609,13,math,1024,12
687.14735369,63.609,13,math,1024,12
687.19055624,69.092,13,math,1024,12
687.23381173,69.092,13,math,1024,12
687.277135862,65.407,13,math,1024,12
687.320337539,65.407,13,math,1024,12
687.370108554,62.448,13,math,1024,12
687.413412527,62.448,13,math,1024,12
687.456633111,62.448,13,math,1024,12
687.500324414,69.425,13,math,1024,12
687.552643269,69.425,13,math,1024,12
687.595742901,65.407,13,math,1024,12
687.638967633,65.407,13,math,1024,12
687.682436521,68.942,13,math,1024,12
687.725715276,68.942,13,math,1024,12
687.772837648,66.181,13,math,1024,12
687.81739136,66.181,13,math,1024,12
687.860661448,66.181,13,math,1024,12
687.904266066,66.719,13,math,1024,12
687.976200184,40.796,13,math,1024,13
688.019103771,40.796,13,math,1024,13
688.063656762,40.796,13,math,1024,13
688.108324572,64.053,13,math,1024,13
688.152150322,64.053,13,math,1024,13
688.201200138,64.48,13,math,1024,13
688.246251431,64.48,13,math,1024,13
688.289451496,66.913,13,math,1024,13
688.332655558,66.913,13,math,1024,13
688.375906019,65.407,13,math,1024,13
688.426192208,65.407,13,math,1024,13
688.469485801,65.407,13,math,1024,13
688.513338543,68.556,13,math,1024,13
688.556636595,68.556,13,math,1024,13
688.606194773,65.117,13,math,1024,13
688.649467366,65.117,13,math,1024,13
688.692732134,64.15,13,math,1024,13
688.739096436,64.15,13,math,1024,13
688.788055258,66.913,13,math,1024,13
688.831336308,66.913,13,math,1024,13
688.874614231,66.913,13,math,1024,13
688.917939775,66.816,13,math,1024,13
688.961142996,66.816,13,math,1024,13
689.03912135,64.247,13,math,1024,14
689.081978059,92.32,13,math,1024,14
689.135211061,92.32,13,math,1024,14
689.182441258,62.835,13,math,1024,14
689.227087528,62.835,13,math,1024,14
689.274844172,62.835,13,math,1024,14
689.318109781,69.479,13,math,1024,14
689.362596004,69.479,13,math,1024,14
689.405882714,65.214,13,math,1024,14
689.449160292,65.214,13,math,1024,14
689.497378987,61.964,13,math,1024,14
689.544088466,61.964,13,math,1024,14
689.587374432,61.964,13,math,1024,14
689.630578611,69.039,13,math,1024,14
689.680628868,69.039,13,math,1024,14
689.724099346,65.6,13,math,1024,14
689.76730593,65.6,13,math,1024,14
689.810490852,68.459,13,math,1024,14
689.853740929,68.459,13,math,1024,14
689.900246149,66.14,13,math,1024,14
689.947409116,66.14,13,math,1024,14
689.990756509,66.14,13,math,1024,14
690.033996887,66.719,13,math,1024,14
690.11262013,39.823,13,math,1024,15
690.155417392,39.823,13,math,1024,15
690.198588528,65.02,13,math,1024,15
690.249663804,65.02,13,math,1024,15
690.293859097,65.02,13,math,1024,15
690.337526752,68.32,13,math,1024,15
690.38440216,68.32,13,math,1024,15
690.431302124,65.407,13,math,1024,15
690.474632605,65.407,13,math,1024,15
690.517854788,62.158,13,math,1024,15
690.562682151,62.158,13,math,1024,15
690.60594905,68.802,13,math,1024,15
690.654211859,68.802,13,math,1024,15
690.697429263,68.802,13,math,1024,15
690.740669341,65.794,13,math,1024,15
690.783871517,65.794,13,math,1024,15
690.827277822,60.9,13,math,1024,15
690.872432199,60.9,13,math,1024,15
690.917298105,66.526,13,math,1024,15
690.960605,66.526,13,math,1024,15
691.00392949,66.526,13,math,1024,15
691.047236365,66.664,13,math,1024,15
691.090416729,66.664,13,math,1024,15
691.164962455,64.44,13,math,1024,16
691.20779809,90.016,13,math,1024,16
691.252256968,90.016,13,math,1024,16
691.302836065,90.016,13,math,1024,16
691.346572381,62.641,13,math,1024,16
691.389952307,62.641,13,math,1024,16
691.436862491,69.768,13,math,1024,16
691.484347974,69.768,13,math,1024,16
691.527577682,65.6,13,math,1024,16
691.570794626,65.6,13,math,1024,16
691.615688525,61.674,13,math,1024,16
691.666385588,61.674,13,math,1024,16
691.709630014,61.674,13,math,1024,16
691.75302621,69.329,13,math,1024,16
691.797999531,69.329,13,math,1024,16
691.848834528,65.31,13,math,1024,16
691.892161432,65.31,13,math,1024,16
691.935430194,68.556,13,math,1024,16
691.978917064,68.556,13,math,1024,16
692.022348969,66.277,13,math,1024,16
692.070300653,66.277,13,math,1024,16
692.113558876,66.277,13,math,1024,16
692.157279041,66.816,13,math,1024,16
692.229459097,40.504,13,math,1024,17
692.272244617,40.504,13,math,1024,17
692.318999964,40.504,13,math,1024,17
692.36341612,64.633,13,math,1024,17
692.406876108,64.633,13,math,1024,17
692.451027939,65.504,13,math,1024,17
692.497896393,65.504,13,math,1024,17
692.541445211,66.374,13,math,1024,17
692.584677073,66.374,13,math,1024,17
692.627879009,64.73,13,math,1024,17
692.678745695,64.73,13,math,1024,17
692.721952991,64.73,13,math,1024,17
692.765688235,68.459,13,math,1024,17
692.810907426,68.459,13,math,1024,17
692.860666746,64.15,13,math,1024,17
692.903921041,64.15,13,math,1024,17
692.947188912,63.222,13,math,1024,17
692.9934522,63.222,13,math,1024,17
693.042352267,66.913,13,math,1024,17
693.085627382,66.913,13,math,1024,17
693.128896706,66.913,13,math,1024,17
693.172241414,66.277,13,math,1024,17
693.215591592,66.277,13,math,1024,17
693.293610212,64.44,13,math,1024,18
693.336455475,90.65,13,math,1024,18
693.388840304,90.65,13,math,1024,18
693.435655716,62.254,13,math,1024,18
693.480161814,62.254,13,math,1024,18
693.528835419,62.254,13,math,1024,18
693.572045069,69.049,13,math,1024,18
693.615504907,69.049,13,math,1024,18
693.65876881,65.697,13,math,1024,18
693.701978299,65.697,13,math,1024,18
693.751494074,62.254,13,math,1024,18
693.796282201,62.254,13,math,1024,18
693.839537418,62.254,13,math,1024,18
693.88276378,69.479,13,math,1024,18
693.931359355,69.479,13,math,1024,18
693.975716619,66.333,13,math,1024,18
694.018934193,66.333,13,math,1024,18
694.062248373,68.652,13,math,1024,18
694.105563975,68.652,13,math,1024,18
694.148862174,66.277,13,math,1024,18
694.199354095,66.277,13,math,1024,18
694.24269745,66.277,13,math,1024,18
694.286013714,66.816,13,math,1024,18
694.365906929,39.239,13,math,1024,19
694.408760829,39.239,13,math,1024,19
694.451981519,65.076,13,math,1024,19
694.502862594,65.076,13,math,1024,19
694.546502406,65.076,13,math,1024,19
694.590104736,68.169,13,math,1024,19
694.636567374,68.169,13,math,1024,19
694.684287406,65.987,13,math,1024,19
694.727471617,65.987,13,math,1024,19
694.770599471,61.77,13,math,1024,19
694.815331711,61.77,13,math,1024,19
694.866186776,68.996,13,math,1024,19
694.909637927,68.996,13,math,1024,19
694.95283904,68.996,13,math,1024,19
694.997299962,66.429,13,math,1024,19
695.04840779,66.429,13,math,1024,19
695.091655502,62.254,13,math,1024,19
695.13487435,62.254,13,math,1024,19
695.178203418,66.333,13,math,1024,19
695.221562413,66.333,13,math,1024,19
695.269359352,66.816,13,math,1024,19
695.312618466,66.816,13,math,1024,19
695.355907678,66.816,13,math,1024,19
697.094773269,65.407,13,mem_efficient,1024,0
697.138415135,65.407,13,mem_efficient,1024,0
697.18226069,65.407,13,mem_efficient,1024,0
697.225393703,65.753,13,mem_efficient,1024,0
697.276729947,65.753,13,mem_efficient,1024,0
697.320028016,68.362,13,mem_efficient,1024,0
697.365419918,68.362,13,mem_efficient,1024,0
697.408676147,64.343,13,mem_efficient,1024,0
697.451975796,64.343,13,mem_efficient,1024,0
697.499362355,62.506,13,mem_efficient,1024,0
697.543530863,62.506,13,mem_efficient,1024,0
697.586829749,62.506,13,mem_efficient,1024,0
697.630051557,68.652,13,mem_efficient,1024,0
697.675316661,68.652,13,mem_efficient,1024,0
697.723612369,65.31,13,mem_efficient,1024,0
697.766807136,65.31,13,mem_efficient,1024,0
697.809997103,61.577,13,mem_efficient,1024,0
697.855353632,61.577,13,mem_efficient,1024,0
697.898620076,66.277,13,mem_efficient,1024,0
697.943421383,66.277,13,mem_efficient,1024,0
697.986755166,66.277,13,mem_efficient,1024,0
698.030543898,66.277,13,mem_efficient,1024,0
698.073834588,66.277,13,mem_efficient,1024,0
698.265254171,46.581,13,mem_efficient,1024,1
698.308110991,98.242,13,mem_efficient,1024,1
698.356590901,98.242,13,mem_efficient,1024,1
698.402200303,63.222,13,mem_efficient,1024,1
698.45581646,63.763,13,mem_efficient,1024,1
698.675087873,63.763,13,mem_efficient,1024,1
698.718292138,69.522,13,mem_efficient,1024,1
698.761521872,69.522,13,mem_efficient,1024,1
698.804725275,65.697,13,mem_efficient,1024,1
698.852427979,65.697,13,mem_efficient,1024,1
698.898890843,65.697,13,mem_efficient,1024,1
698.94234234,61.964,13,mem_efficient,1024,1
698.985530334,61.964,13,mem_efficient,1024,1
699.030264092,69.285,13,mem_efficient,1024,1
699.07353278,69.285,13,mem_efficient,1024,1
699.116793924,66.277,13,mem_efficient,1024,1
699.160190036,66.277,13,mem_efficient,1024,1
699.203586017,66.277,13,mem_efficient,1024,1
699.24695675,67.009,13,mem_efficient,1024,1
699.316361107,39.628,13,mem_efficient,1024,2
699.363186914,39.628,13,mem_efficient,1024,2
699.40971878,39.628,13,mem_efficient,1024,2
699.455029451,65.214,13,mem_efficient,1024,2
699.499129308,65.214,13,mem_efficient,1024,2
699.547592746,66.181,13,mem_efficient,1024,2
699.592269104,66.181,13,mem_efficient,1024,2
699.635480302,66.374,13,mem_efficient,1024,2
699.678818233,66.374,13,mem_efficient,1024,2
699.722038448,63.512,13,mem_efficient,1024,2
699.772349558,63.512,13,mem_efficient,1024,2
699.815700273,63.512,13,mem_efficient,1024,2
699.858912252,68.845,13,mem_efficient,1024,2
699.903737055,68.845,13,mem_efficient,1024,2
699.952960115,64.44,13,mem_efficient,1024,2
699.996200008,64.44,13,mem_efficient,1024,2
700.039498693,61.48,13,mem_efficient,1024,2
700.086640986,61.48,13,mem_efficient,1024,2
700.135010504,66.471,13,mem_efficient,1024,2
700.178302437,66.471,13,mem_efficient,1024,2
700.221581013,66.277,13,mem_efficient,1024,2
700.265731577,66.277,13,mem_efficient,1024,2
700.313351753,66.277,13,mem_efficient,1024,2
700.386249316,64.537,13,mem_efficient,1024,3
700.42906053,93.316,13,mem_efficient,1024,3
700.483250514,93.316,13,mem_efficient,1024,3
700.528942153,60.55,13,mem_efficient,1024,3
700.58256821,60.55,13,mem_efficient,1024,3
700.625812301,60.55,13,mem_efficient,1024,3
700.669012057,69.768,13,mem_efficient,1024,3
700.713750404,69.768,13,mem_efficient,1024,3
700.76350522,67.257,13,mem_efficient,1024,3
700.806987817,67.257,13,mem_efficient,1024,3
700.850163558,63.609,13,mem_efficient,1024,3
700.894426316,63.609,13,mem_efficient,1024,3
700.937666219,69.382,13,mem_efficient,1024,3
700.985825065,69.382,13,mem_efficient,1024,3
701.029139631,69.382,13,mem_efficient,1024,3
701.072506997,67.492,13,mem_efficient,1024,3
701.115724347,67.492,13,mem_efficient,1024,3
701.158898314,68.663,13,mem_efficient,1024,3
701.203931946,68.663,13,mem_efficient,1024,3
701.247238506,66.236,13,mem_efficient,1024,3
701.291233072,66.236,13,mem_efficient,1024,3
701.334473496,66.236,13,mem_efficient,1024,3
701.377859989,66.277,13,mem_efficient,1024,3
701.449934028,39.823,13,mem_efficient,1024,4
701.492700156,39.823,13,mem_efficient,1024,4
701.537522684,65.794,13,mem_efficient,1024,4
701.584011457,65.794,13,mem_efficient,1024,4
701.634781845,65.794,13,mem_efficient,1024,4
701.678024092,67.299,13,mem_efficient,1024,4
701.722152874,67.299,13,mem_efficient,1024,4
701.765319397,65.6,13,mem_efficient,1024,4
701.808692445,65.6,13,mem_efficient,1024,4
701.853441172,63.666,13,mem_efficient,1024,4
701.89882913,63.666,13,mem_efficient,1024,4
701.942089493,63.666,13,mem_efficient,1024,4
701.985268129,69.189,13,mem_efficient,1024,4
702.030342498,69.189,13,mem_efficient,1024,4
702.080133985,65.117,13,mem_efficient,1024,4
702.123351415,65.117,13,mem_efficient,1024,4
702.166761633,61.615,13,mem_efficient,1024,4
702.21331002,61.615,13,mem_efficient,1024,4
702.261824967,66.623,13,mem_efficient,1024,4
702.305134483,66.623,13,mem_efficient,1024,4
702.348567385,66.333,13,mem_efficient,1024,4
702.392276304,66.333,13,mem_efficient,1024,4
702.435570241,66.333,13,mem_efficient,1024,4
702.509506369,64.593,13,mem_efficient,1024,5
702.552328534,89.497,13,mem_efficient,1024,5
702.595450872,89.497,13,mem_efficient,1024,5
702.647101953,89.497,13,mem_efficient,1024,5
702.690729557,61.228,13,mem_efficient,1024,5
702.73391696,61.228,13,mem_efficient,1024,5
702.778560887,69.232,13,mem_efficient,1024,5
702.829418952,69.232,13,mem_efficient,1024,5
702.872685175,66.719,13,mem_efficient,1024,5
702.915964634,66.719,13,mem_efficient,1024,5
702.959533235,65.02,13,mem_efficient,1024,5
703.00268536,65.02,13,mem_efficient,1024,5
703.050669011,65.02,13,mem_efficient,1024,5
703.094077346,67.782,13,mem_efficient,1024,5
703.137272784,67.782,13,mem_efficient,1024,5
703.180670218,65.56,13,mem_efficient,1024,5
703.223922355,65.56,13,mem_efficient,1024,5
703.272387345,68.459,13,mem_efficient,1024,5
703.315602891,68.459,13,mem_efficient,1024,5
703.35887704,68.459,13,mem_efficient,1024,5
703.402158132,66.374,13,mem_efficient,1024,5
703.445787189,66.374,13,mem_efficient,1024,5
703.490438139,66.567,13,mem_efficient,1024,5
703.560718981,39.164,13,mem_efficient,1024,6
703.605264259,39.164,13,mem_efficient,1024,6
703.659190579,39.164,13,mem_efficient,1024,6
703.706845892,63.512,13,mem_efficient,1024,6
703.750530014,63.512,13,mem_efficient,1024,6
703.800055172,62.835,13,mem_efficient,1024,6
703.84331885,62.835,13,mem_efficient,1024,6
703.886522764,69.135,13,mem_efficient,1024,6
703.929759441,69.135,13,mem_efficient,1024,6
703.973353852,67.203,13,mem_efficient,1024,6
704.022965384,67.203,13,mem_efficient,1024,6
704.0663115,67.203,13,mem_efficient,1024,6
704.109527508,64.15,13,mem_efficient,1024,6
704.152780716,64.15,13,mem_efficient,1024,6
704.202503351,68.996,13,mem_efficient,1024,6
704.246356716,68.996,13,mem_efficient,1024,6
704.289555881,67.396,13,mem_efficient,1024,6
704.332789252,67.396,13,mem_efficient,1024,6
704.376067268,66.333,13,mem_efficient,1024,6
704.419274939,66.333,13,mem_efficient,1024,6
704.462622789,66.333,13,mem_efficient,1024,6
704.505894993,66.471,13,mem_efficient,1024,6
704.549116722,66.471,13,mem_efficient,1024,6
704.621342671,57.583,13,mem_efficient,1024,7
704.667484522,57.583,13,mem_efficient,1024,7
704.715547924,84.224,13,mem_efficient,1024,7
704.761161425,84.224,13,mem_efficient,1024,7
704.812974886,65.753,13,mem_efficient,1024,7
704.856384714,65.753,13,mem_efficient,1024,7
704.899559582,67.009,13,mem_efficient,1024,7
704.942782663,67.009,13,mem_efficient,1024,7
704.986013229,66.14,13,mem_efficient,1024,7
705.034758976,66.14,13,mem_efficient,1024,7
705.080024922,63.473,13,mem_efficient,1024,7
705.124844795,63.473,13,mem_efficient,1024,7
705.168309978,63.473,13,mem_efficient,1024,7
705.216344947,68.513,13,mem_efficient,1024,7
705.260869476,68.513,13,mem_efficient,1024,7
705.304177349,65.076,13,mem_efficient,1024,7
705.347380111,65.076,13,mem_efficient,1024,7
705.399195566,68.609,13,mem_efficient,1024,7
705.442502838,68.609,13,mem_efficient,1024,7
705.485727386,66.429,13,mem_efficient,1024,7
705.529677291,66.429,13,mem_efficient,1024,7
705.572986321,66.429,13,mem_efficient,1024,7
705.616421522,66.526,13,mem_efficient,1024,7
705.690634117,40.601,13,mem_efficient,1024,8
705.733418243,40.601,13,mem_efficient,1024,8
705.785454736,63.666,13,mem_efficient,1024,8
705.833658122,63.666,13,mem_efficient,1024,8
705.876976089,63.666,13,mem_efficient,1024,8
705.92742148,62.545,13,mem_efficient,1024,8
705.970635198,62.545,13,mem_efficient,1024,8
706.01386206,69.285,13,mem_efficient,1024,8
706.05713963,69.285,13,mem_efficient,1024,8
706.100445924,66.816,13,mem_efficient,1024,8
706.145882942,66.816,13,mem_efficient,1024,8
706.190950173,66.816,13,mem_efficient,1024,8
706.234331511,65.214,13,mem_efficient,1024,8
706.27759859,65.214,13,mem_efficient,1024,8
706.322398239,68.652,13,mem_efficient,1024,8
706.372533077,68.652,13,mem_efficient,1024,8
706.415939964,66.084,13,mem_efficient,1024,8
706.459183368,66.084,13,mem_efficient,1024,8
706.502440569,66.429,13,mem_efficient,1024,8
706.545691528,66.429,13,mem_efficient,1024,8
706.590918965,66.429,13,mem_efficient,1024,8
706.634162429,66.471,13,mem_efficient,1024,8
706.677406745,66.471,13,mem_efficient,1024,8
706.749800443,64.247,13,mem_efficient,1024,9
706.795343263,64.247,13,mem_efficient,1024,9
706.841430123,81.294,13,mem_efficient,1024,9
706.8866212,81.294,13,mem_efficient,1024,9
706.931062955,65.794,13,mem_efficient,1024,9
706.974754346,65.794,13,mem_efficient,1024,9
707.022241292,68.072,13,mem_efficient,1024,9
707.065858631,68.072,13,mem_efficient,1024,9
707.109113547,64.633,13,mem_efficient,1024,9
707.152297398,64.633,13,mem_efficient,1024,9
707.201647886,64.633,13,mem_efficient,1024,9
707.244949532,61.19,13,mem_efficient,1024,9
707.288285603,61.19,13,mem_efficient,1024,9
707.334617241,68.802,13,mem_efficient,1024,9
707.38459072,68.802,13,mem_efficient,1024,9
707.427862569,66.719,13,mem_efficient,1024,9
707.471095182,66.719,13,mem_efficient,1024,9
707.515555613,69.039,13,mem_efficient,1024,9
707.558801652,69.039,13,mem_efficient,1024,9
707.602086175,69.039,13,mem_efficient,1024,9
707.645267962,66.471,13,mem_efficient,1024,9
707.688472772,66.471,13,mem_efficient,1024,9
707.731687722,66.471,13,mem_efficient,1024,9
707.801955054,66.471,13,mem_efficient,1024,10
707.848656499,61.287,13,mem_efficient,1024,10
707.895242633,61.287,13,mem_efficient,1024,10
707.939126402,66.333,13,mem_efficient,1024,10
707.982465098,66.333,13,mem_efficient,1024,10
708.027194593,63.183,13,mem_efficient,1024,10
708.073821185,63.183,13,mem_efficient,1024,10
708.117152397,68.072,13,mem_efficient,1024,10
708.161631774,68.072,13,mem_efficient,1024,10
708.213514253,68.072,13,mem_efficient,1024,10
708.256636355,66.043,13,mem_efficient,1024,10
708.299853279,66.043,13,mem_efficient,1024,10
708.343112152,63.028,13,mem_efficient,1024,10
708.389547648,63.028,13,mem_efficient,1024,10
708.437565971,68.266,13,mem_efficient,1024,10
708.481006361,68.266,13,mem_efficient,1024,10
708.524232653,66.567,13,mem_efficient,1024,10
708.56953852,66.567,13,mem_efficient,1024,10
708.619043444,66.567,13,mem_efficient,1024,10
708.662319881,66.664,13,mem_efficient,1024,10
708.705548006,66.664,13,mem_efficient,1024,10
708.74880179,66.429,13,mem_efficient,1024,10
708.792037429,66.429,13,mem_efficient,1024,10
708.863533493,62.68,13,mem_efficient,1024,11
708.90640179,62.68,13,mem_efficient,1024,11
708.949723173,71.751,13,mem_efficient,1024,11
708.993847782,71.751,13,mem_efficient,1024,11
709.042859223,64.343,13,mem_efficient,1024,11
709.086181698,64.343,13,mem_efficient,1024,11
709.130912516,62.932,13,mem_efficient,1024,11
709.174144017,62.932,13,mem_efficient,1024,11
709.217484056,62.932,13,mem_efficient,1024,11
709.263359181,68.362,13,mem_efficient,1024,11
709.307737184,68.362,13,mem_efficient,1024,11
709.351029071,66.374,13,mem_efficient,1024,11
709.394251535,66.374,13,mem_efficient,1024,11
709.438646641,66.567,13,mem_efficient,1024,11
709.489084709,66.567,13,mem_efficient,1024,11
709.532489371,66.567,13,mem_efficient,1024,11
709.575711826,67.782,13,mem_efficient,1024,11
709.61893966,67.782,13,mem_efficient,1024,11
709.66221726,67.299,13,mem_efficient,1024,11
709.707052126,67.299,13,mem_efficient,1024,11
709.750283758,66.429,13,mem_efficient,1024,11
709.793842455,66.429,13,mem_efficient,1024,11
709.837035643,66.471,13,mem_efficient,1024,11
709.880236115,66.471,13,mem_efficient,1024,11
709.951439618,40.407,13,mem_efficient,1024,12
709.994207183,40.407,13,mem_efficient,1024,12
710.041657359,64.44,13,mem_efficient,1024,12
710.086058475,64.44,13,mem_efficient,1024,12
710.137734379,64.44,13,mem_efficient,1024,12
710.180945001,67.203,13,mem_efficient,1024,12
710.225127961,67.203,13,mem_efficient,1024,12
710.268462289,64.924,13,mem_efficient,1024,12
710.318950883,64.924,13,mem_efficient,1024,12
710.362178407,61.325,13,mem_efficient,1024,12
710.408320943,61.325,13,mem_efficient,1024,12
710.451605206,68.652,13,mem_efficient,1024,12
710.501569828,68.652,13,mem_efficient,1024,12
710.544767245,66.761,13,mem_efficient,1024,12
710.591485311,66.761,13,mem_efficient,1024,12
710.634816393,66.761,13,mem_efficient,1024,12
710.683914148,65.697,13,mem_efficient,1024,12
710.727186568,65.697,13,mem_efficient,1024,12
710.770458136,66.623,13,mem_efficient,1024,12
710.813672294,66.623,13,mem_efficient,1024,12
710.856928172,66.623,13,mem_efficient,1024,12
710.900350739,66.623,13,mem_efficient,1024,12
710.943599173,66.623,13,mem_efficient,1024,12
711.015750187,65.076,13,mem_efficient,1024,13
711.058734616,98.85,13,mem_efficient,1024,13
711.109263047,98.85,13,mem_efficient,1024,13
711.157760465,62.061,13,mem_efficient,1024,13
711.209915464,62.061,13,mem_efficient,1024,13
711.253345365,67.686,13,mem_efficient,1024,13
711.297343412,67.686,13,mem_efficient,1024,13
711.340544595,67.686,13,mem_efficient,1024,13
711.383753233,65.31,13,mem_efficient,1024,13
711.432429012,65.31,13,mem_efficient,1024,13
711.477437781,67.782,13,mem_efficient,1024,13
711.520682678,67.782,13,mem_efficient,1024,13
711.56402962,64.924,13,mem_efficient,1024,13
711.607196769,64.924,13,mem_efficient,1024,13
711.655374014,64.924,13,mem_efficient,1024,13
711.698601759,60.453,13,mem_efficient,1024,13
711.741793775,60.453,13,mem_efficient,1024,13
711.788700261,68.996,13,mem_efficient,1024,13
711.837656817,68.996,13,mem_efficient,1024,13
711.880964725,66.471,13,mem_efficient,1024,13
711.924179474,66.471,13,mem_efficient,1024,13
711.967403782,66.623,13,mem_efficient,1024,13
712.010663137,66.623,13,mem_efficient,1024,13
712.084206823,39.164,13,mem_efficient,1024,14
712.127091471,39.164,13,mem_efficient,1024,14
712.170276354,62.932,13,mem_efficient,1024,14
712.213704471,62.932,13,mem_efficient,1024,14
712.263837696,62.932,13,mem_efficient,1024,14
712.30707562,67.782,13,mem_efficient,1024,14
712.350336597,67.782,13,mem_efficient,1024,14
712.393590872,66.181,13,mem_efficient,1024,14
712.437230644,66.181,13,mem_efficient,1024,14
712.487153026,66.471,13,mem_efficient,1024,14
712.530409235,66.471,13,mem_efficient,1024,14
712.573655544,66.816,13,mem_efficient,1024,14
712.616858371,66.816,13,mem_efficient,1024,14
712.660055497,66.816,13,mem_efficient,1024,14
712.709891133,64.15,13,mem_efficient,1024,14
712.753151921,64.15,13,mem_efficient,1024,14
712.797079833,68.169,13,mem_efficient,1024,14
712.840381449,68.169,13,mem_efficient,1024,14
712.883673666,67.051,13,mem_efficient,1024,14
712.927540362,67.051,13,mem_efficient,1024,14
712.970776412,67.051,13,mem_efficient,1024,14
713.014015037,66.664,13,mem_efficient,1024,14
713.057303798,66.664,13,mem_efficient,1024,14
713.100672632,66.567,13,mem_efficient,1024,14
713.17243772,66.567,13,mem_efficient,1024,15
713.215299785,51.673,13,mem_efficient,1024,15
713.260115245,51.673,13,mem_efficient,1024,15
713.30409719,65.407,13,mem_efficient,1024,15
713.348631903,65.407,13,mem_efficient,1024,15
713.393427014,62.603,13,mem_efficient,1024,15
713.441497876,62.603,13,mem_efficient,1024,15
713.48484052,67.879,13,mem_efficient,1024,15
713.528010274,67.879,13,mem_efficient,1024,15
713.572903251,67.879,13,mem_efficient,1024,15
713.622606785,65.407,13,mem_efficient,1024,15
713.665873964,65.407,13,mem_efficient,1024,15
713.709329875,64.343,13,mem_efficient,1024,15
713.755609874,64.343,13,mem_efficient,1024,15
713.80389717,67.782,13,mem_efficient,1024,15
713.847303155,67.782,13,mem_efficient,1024,15
713.89073512,65.891,13,mem_efficient,1024,15
713.933835601,65.891,13,mem_efficient,1024,15
713.977153878,65.891,13,mem_efficient,1024,15
714.021245133,66.526,13,mem_efficient,1024,15
714.064592075,66.526,13,mem_efficient,1024,15
714.107822565,66.526,13,mem_efficient,1024,15
714.151053085,66.526,13,mem_efficient,1024,15
714.221251646,64.44,13,mem_efficient,1024,16
714.268487492,64.44,13,mem_efficient,1024,16
714.316032068,69.285,13,mem_efficient,1024,16
714.361303029,69.285,13,mem_efficient,1024,16
714.411220792,64.15,13,mem_efficient,1024,16
714.454492601,64.15,13,mem_efficient,1024,16
714.499418842,60.356,13,mem_efficient,1024,16
714.542633551,60.356,13,mem_efficient,1024,16
714.592631808,60.356,13,mem_efficient,1024,16
714.636126663,68.706,13,mem_efficient,1024,16
714.680848363,68.706,13,mem_efficient,1024,16
714.72415079,65.794,13,mem_efficient,1024,16
714.767380839,65.794,13,mem_efficient,1024,16
714.812815121,66.181,13,mem_efficient,1024,16
714.857773343,66.181,13,mem_efficient,1024,16
714.901088264,67.879,13,mem_efficient,1024,16
714.944267095,67.879,13,mem_efficient,1024,16
714.988805475,67.879,13,mem_efficient,1024,16
715.039774347,67.396,13,mem_efficient,1024,16
715.083103185,67.396,13,mem_efficient,1024,16
715.126442683,66.664,13,mem_efficient,1024,16
715.169682861,66.664,13,mem_efficient,1024,16
715.214525442,66.567,13,mem_efficient,1024,16
715.286612114,66.567,13,mem_efficient,1024,17
715.329501571,65.214,13,mem_efficient,1024,17
715.373884384,65.214,13,mem_efficient,1024,17
715.424687719,66.084,13,mem_efficient,1024,17
715.468333483,66.084,13,mem_efficient,1024,17
715.511514097,65.794,13,mem_efficient,1024,17
715.556048539,65.794,13,mem_efficient,1024,17
715.606220388,65.794,13,mem_efficient,1024,17
715.649569144,66.567,13,mem_efficient,1024,17
715.692741362,66.567,13,mem_efficient,1024,17
715.73633207,66.719,13,mem_efficient,1024,17
715.779542641,66.719,13,mem_efficient,1024,17
715.828892399,64.247,13,mem_efficient,1024,17
715.873748025,64.247,13,mem_efficient,1024,17
715.916942907,67.976,13,mem_efficient,1024,17
715.960250453,67.976,13,mem_efficient,1024,17
716.003512613,67.976,13,mem_efficient,1024,17
716.055540039,64.577,13,mem_efficient,1024,17
716.098976753,64.577,13,mem_efficient,1024,17
716.142432042,66.526,13,mem_efficient,1024,17
716.185788242,66.526,13,mem_efficient,1024,17
716.229151916,66.623,13,mem_efficient,1024,17
716.272448622,66.623,13,mem_efficient,1024,17
716.342615813,52.512,13,mem_efficient,1024,18
716.3855729,52.512,13,mem_efficient,1024,18
716.436581188,69.865,13,mem_efficient,1024,18
716.485421932,69.865,13,mem_efficient,1024,18
716.529620152,67.009,13,mem_efficient,1024,18
716.578804442,67.009,13,mem_efficient,1024,18
716.622074097,65.02,13,mem_efficient,1024,18
716.667344235,65.02,13,mem_efficient,1024,18
716.710592048,65.02,13,mem_efficient,1024,18
716.761645422,68.362,13,mem_efficient,1024,18
716.805924706,68.362,13,mem_efficient,1024,18
716.849149365,65.02,13,mem_efficient,1024,18
716.892437144,65.02,13,mem_efficient,1024,18
716.935675799,61.712,13,mem_efficient,1024,18
716.985073568,61.712,13,mem_efficient,1024,18
717.028340397,68.169,13,mem_efficient,1024,18
717.071529197,68.169,13,mem_efficient,1024,18
717.118453508,68.169,13,mem_efficient,1024,18
717.166532906,67.589,13,mem_efficient,1024,18
717.209911409,67.589,13,mem_efficient,1024,18
717.253340238,66.333,13,mem_efficient,1024,18
717.296635391,66.333,13,mem_efficient,1024,18
717.339906488,66.429,13,mem_efficient,1024,18
717.411973822,66.429,13,mem_efficient,1024,19
717.454866646,84.609,13,mem_efficient,1024,19
717.498796333,84.609,13,mem_efficient,1024,19
717.543699459,67.396,13,mem_efficient,1024,19
717.593022345,67.396,13,mem_efficient,1024,19
717.636311797,65.214,13,mem_efficient,1024,19
717.683013402,65.214,13,mem_efficient,1024,19
717.72628984,65.214,13,mem_efficient,1024,19
717.774899542,66.526,13,mem_efficient,1024,19
717.818082711,66.526,13,mem_efficient,1024,19
717.861290959,67.686,13,mem_efficient,1024,19
717.90452263,67.686,13,mem_efficient,1024,19
717.948058965,65.31,13,mem_efficient,1024,19
717.998649644,65.31,13,mem_efficient,1024,19
718.041867569,67.782,13,mem_efficient,1024,19
718.08604012,67.782,13,mem_efficient,1024,19
718.129289345,67.782,13,mem_efficient,1024,19
718.172540013,64.883,13,mem_efficient,1024,19
718.220330369,64.883,13,mem_efficient,1024,19
718.263679556,66.816,13,mem_efficient,1024,19
718.306954601,66.816,13,mem_efficient,1024,19
718.35015363,66.526,13,mem_efficient,1024,19
718.393401573,66.526,13,mem_efficient,1024,19
